customer_id,first_name,last_name,gender,age,email,phone,city,state,country,signup_date,customer_segment,annual_income,marital_status,occupation,loyalty_points,is_active
1,Oni,Kannan,Female,20,zmall@example.org,+916542351161,Hapur,Punjab,India,2023-10-26,Premium,592986,Single,Business,8279,True
2,Caleb,Sharaf,Male,63,radhakrishnanfarhan@example.net,09593103413,Nadiad,Himachal Pradesh,India,2025-06-04,Regular,1124594,Married,Accountant,4557,True
3,Janya,Gaba,Male,62,isha34@example.net,1928327648,Anantapur,Uttarakhand,India,2022-01-16,Regular,1627114,Married,Teacher,3527,False
4,Veer,Balay,Male,23,nandini41@example.org,5376724238,Bhimavaram,Maharashtra,India,2026-07-13,Regular,605657,Married,Lawyer,9891,False
5,Mohini,Pathak,Male,64,lakshitupadhyay@example.com,+910122691669,Dehri,Himachal Pradesh,India,2026-04-10,Regular,2449103,Single,Designer,1291,False
6,Advay,Contractor,Female,54,harini14@example.com,+917048281489,Jamnagar,Kerala,India,2022-12-10,GOld,491735,Single,Business,4741,True
7,Aadi,Naik,Male,24,hbahl@example.com,03039117182,Fatehpur,Nagaland,India,2022-12-22,Regular,1365905,Married,Lawyer,2664,False
8,Alka,Wable,Female,31,ikakar@example.net,3465787133,Sonipat,Andhra Pradesh,India,2026-04-12,Silver,2918057,Single,Accountant,2803,True
9,Victor,Kannan,Male,47,bobaldaniel@example.org,+910518347382,Latur,Uttar Pradesh,India,2025-08-04,Regular,1332243,Single,Lawyer,916,True
10,Niharika,Gupta,Male,69,chatterjeeraagini@example.com,06701065133,Jorhat,Manipur,India,2022-10-05,Silver,1882607,Married,Doctor,3456,False
11,Pahal,Goswami,Male,59,turvi31@example.com,1080132677,Rewa,Arunachal Pradesh,India,2022-12-20,Regular,1859400,Married,Teacher,4339,True
12,Ladli,Agate,Male,65,ylanka@example.com,06872343098,Satara,Arunachal Pradesh,India,2021-12-29,Silver,2651931,Married,Accountant,6543,False
13,Vansha,Thakkar,Male,26,daksheshtrivedi@example.org,+911913619399,Udupi,Assam,India,2025-02-18,Regular,581301,Single,Doctor,2504,True
14,Diya,Lal,Female,56,diptakhare@example.com,02475107991,Siwan,Gujarat,India,2025-11-14,Premium,1813831,Married,Accountant,7668,False
15,Alka,Deo,Male,61,ekapad35@example.com,+917849808412,Bhiwandi,Bihar,India,2026-04-10,Premium,2452216,Married,Lawyer,1827,False
16,Nachiket,Magar,Female,28,shivansh53@example.net,4874016400,Bikaner,Rajasthan,India,2023-10-18,Regular,213611,Married,Data Analyst,2927,True
17,Neel,Sathe,Female,58,handra@example.org,2805982620,Bharatpur,Uttar Pradesh,India,2021-11-27,GOld,841054,Married,Teacher,8837,True
18,Ishita,Kade,Female,49,harshilpandya@example.net,09232260256,Shimoga,Goa,India,2022-06-27,Premium,669207,Married,Student,3923,True
19,Lavanya,Barad,Male,54,mkapadia@example.com,04330365414,Danapur,Madhya Pradesh,India,2026-02-16,Premium,559256,Married,Doctor,8727,True
20,Garima,Bala,Male,60,lalpranav@example.net,00196556981,Gangtok,Gujarat,India,2023-09-26,Regular,2506043,Single,Student,8645,False
21,Chaitanya,Sarin,Male,52,venkateshronith@example.com,01595148465,Sagar,Nagaland,India,2022-08-26,GOld,1507432,Married,Lawyer,7177,False
22,Rehaan,Salvi,Male,33,nghosh@example.net,06804436995,Mango,Manipur,India,2023-05-21,GOld,468544,Married,Software Engineer,9638,True
23,Yasti,Solanki,Male,18,fradomander@example.net,9513433200,Fatehpur,Punjab,India,2022-03-10,Premium,2847037,Single,Business,1104,True
24,Tamanna,Sachdeva,Female,22,leenatalwar@example.com,+912016328708,Bhilai,Manipur,India,2022-09-14,GOld,1368018,Married,Business,8834,True
25,Ucchal,Wali,Female,33,saanvi98@example.com,7277434873,Gandhidham,Assam,India,2023-12-31,Regular,1907333,Single,Doctor,1588,False
26,Wahab,Magar,Female,45,ekaja81@example.org,+913623166587,Ghaziabad,Gujarat,India,2025-02-21,Regular,2158843,Single,Doctor,993,False
27,Lopa,Bahri,Female,69,asood@example.com,06688937346,Bhopal,Madhya Pradesh,India,2024-06-05,Premium,1242940,Single,Business,8786,False
28,Nidhi,Gandhi,Male,45,ndatta@example.net,+916990162720,Nadiad,Karnataka,India,2023-05-15,GOld,1368303,Married,Business,1235,False
29,Suhani,Narain,Male,21,ladli46@example.com,+917080531003,Jaipur,Punjab,India,2022-11-12,Premium,591172,Single,Teacher,6658,False
30,William,Date,Female,31,kcontractor@example.org,04529912419,Bijapur,Odisha,India,2024-10-05,Regular,445934,Single,Designer,35,False
31,Mekhala,Issac,Female,68,kibeharsh@example.net,09190586518,Ahmedabad,West Bengal,India,2025-02-21,Regular,1396421,Married,Data Analyst,7973,True
32,Vrishti,Cherian,Male,36,opathak@example.com,2628498776,North Dumdum,West Bengal,India,2023-08-28,GOld,445296,Single,Lawyer,936,True
33,Gabriel,Mallick,Female,50,wkohli@example.com,9650752735,Mau,Himachal Pradesh,India,2023-12-02,GOld,438570,Single,Teacher,1122,True
34,Advaith,Varughese,Male,43,frederickkhurana@example.net,07837770143,Latur,Jharkhand,India,2026-07-07,Premium,2589391,Single,Accountant,9740,True
35,Jyoti,Solanki,Male,44,pavani85@example.com,7444313518,Nellore,Gujarat,India,2025-09-08,Silver,1293730,Single,Lawyer,3910,False
36,Aradhana,Vohra,Female,26,harish34@example.org,02408240084,Pallavaram,Bihar,India,2021-09-03,Silver,2117738,Married,Doctor,152,False
37,Bhavani,Singh,Male,22,vsastry@example.org,+914711671902,Phusro,Jharkhand,India,2022-04-17,GOld,2321834,Married,Teacher,5718,True
38,Yuvraj,Dani,Male,41,xkara@example.net,07749649909,Dhule,Rajasthan,India,2023-05-13,Silver,861638,Married,Data Analyst,4956,True
39,Aishani,Bumb,Female,60,wriddhishghose@example.net,+912067974034,Malda,Assam,India,2023-07-22,Premium,763257,Married,Doctor,1753,True
40,Aishani,Hora,Female,36,icontractor@example.org,2421024994,Amravati,Manipur,India,2024-02-26,GOld,1638144,Single,Student,8280,False
41,Neha,Magar,Female,21,fsarma@example.net,+916594013990,Gangtok,Arunachal Pradesh,India,2023-01-22,Premium,2860381,Married,Student,722,True
42,Upma,Venkataraman,Female,67,lmall@example.net,07175655125,Shimla,Jharkhand,India,2024-12-22,GOld,2872247,Married,Teacher,7239,False
43,Balhaar,Sha,Male,25,murtyzayyan@example.com,+916808760385,Mango,Tripura,India,2022-01-03,Premium,825178,Single,Lawyer,9543,True
44,Samar,Loke,Female,26,bhavnasarma@example.net,01093248086,Kamarhati,Uttarakhand,India,2022-07-14,Premium,1492929,Married,Software Engineer,5862,True
45,Triya,Dalal,Male,60,wishimanne@example.net,4677378263,Coimbatore,Himachal Pradesh,India,2025-02-05,Premium,1683435,Married,Accountant,2532,True
46,Harini,Tripathi,Male,69,aarnav44@example.net,7278755886,Pondicherry,West Bengal,India,2023-03-05,GOld,1929288,Single,Teacher,5442,False
47,William,Rajagopal,Male,35,nirjabassi@example.com,7662702895,Gandhidham,Bihar,India,2026-01-16,GOld,653385,Married,Software Engineer,7711,True
48,Tanmayi,Aurora,Male,70,nimratdubey@example.org,04596158657,Tadipatri,Assam,India,2023-07-26,Regular,1666573,Married,Business,3652,True
49,Bhavna,Karan,Male,43,sarafguneet@example.net,1724005045,Chinsurah,Chhattisgarh,India,2023-08-24,Silver,1368545,Single,Student,5753,False
50,Nisha,Gole,Female,19,parthbrar@example.net,09379237474,Kirari Suleman Nagar,Jharkhand,India,2026-03-21,Premium,1295615,Single,Accountant,4349,True
51,Nakul,Borah,Male,56,lpai@example.com,6474367136,Ramgarh,Jharkhand,India,2024-01-30,Regular,1649916,Married,Designer,9932,True
52,Anthony,Randhawa,Female,54,abhiram90@example.net,7439533942,Thane,Jharkhand,India,2025-04-26,GOld,1268383,Single,Designer,27,True
53,Bahadurjit,Patla,Female,45,gautammerchant@example.com,6232858842,Ongole,Uttar Pradesh,India,2024-01-29,Premium,2986014,Married,Accountant,5143,True
54,Hamsini,Contractor,Female,50,jborra@example.org,6851604817,Firozabad,Odisha,India,2024-10-22,Silver,2997151,Married,Lawyer,6592,False
55,Kamya,Chokshi,Male,30,urishillabakshi@example.net,5931746120,Avadi,Meghalaya,India,2022-07-22,Regular,2988916,Married,Teacher,9324,False
56,Gunbir,Keer,Female,53,lipikasetty@example.com,8692617964,Uluberia,Gujarat,India,2025-05-04,Premium,1474543,Married,Business,7043,False
57,Sai,Keer,Female,46,hardik58@example.net,00643171390,Thoothukudi,Haryana,India,2022-08-22,Regular,1096328,Married,Teacher,1389,False
58,Samesh,Biswas,Female,23,tarakkaul@example.com,+919042284210,Kanpur,Kerala,India,2023-08-05,GOld,1501993,Single,Business,2414,True
59,Ekiya,Babu,Male,33,alkaben@example.org,6811775891,Ambala,Haryana,India,2021-12-08,Regular,2763868,Single,Manager,6790,True
60,Charvi,Shanker,Female,49,bhatvarenya@example.com,01771159212,Bhimavaram,Nagaland,India,2024-05-02,Regular,1223344,Single,Software Engineer,1746,False
61,Lakshmi,Wali,Male,29,sudiksha89@example.com,+911836736576,Bareilly,Karnataka,India,2025-03-13,Regular,410631,Single,Doctor,7478,True
62,Dhriti,Kumer,Female,60,michael71@example.org,+911615280988,Bhilai,Maharashtra,India,2024-07-29,Silver,2056287,Married,Data Analyst,7305,True
63,Pallavi,Behl,Female,46,devika51@example.net,3273158514,Haldia,West Bengal,India,2026-05-04,Silver,1236998,Married,Data Analyst,7939,True
64,Atharv,Loke,Female,46,goleanjali@example.net,05502296120,Bettiah,Gujarat,India,2024-10-07,Premium,1398430,Single,Student,5502,False
65,Oni,Setty,Male,26,nakul54@example.net,09910229014,Khandwa,Meghalaya,India,2025-04-30,GOld,1169980,Married,Teacher,3505,True
66,Oeshi,Mahajan,Female,44,yauvanicomar@example.com,01497840369,Chennai,Gujarat,India,2024-02-18,Silver,2475876,Married,Designer,1020,True
67,Siddharth,Devan,Female,42,bimala51@example.org,06226838851,Kalyan-Dombivli,Maharashtra,India,2021-09-23,Premium,2614620,Married,Manager,96,False
68,Tripti,Brahmbhatt,Female,66,pushti96@example.net,6416052975,Junagadh,West Bengal,India,2022-06-20,Regular,1957502,Single,Manager,3595,False
69,Yagnesh,Sarin,Female,49,fviswanathan@example.com,05352181883,Etawah,Telangana,India,2022-10-28,Premium,1830985,Married,Designer,2704,False
70,Warinder,Chauhan,Male,57,aahanahora@example.org,2127799799,Satna,Chhattisgarh,India,2025-04-23,Premium,1852640,Single,Doctor,7022,True
71,Ekansh,Singh,Female,29,ymitter@example.com,0581477005,Solapur,Rajasthan,India,2022-05-03,Premium,1291174,Married,Lawyer,3467,False
72,Yashica,Rajagopalan,Female,39,cbarman@example.net,3597820715,Dibrugarh,Rajasthan,India,2023-01-14,Regular,1367092,Married,Student,1341,False
73,Balveer,Kota,Male,65,hsarna@example.net,2554665905,Ozhukarai,Bihar,India,2026-04-25,Premium,1667840,Single,Doctor,659,True
74,Libni,Mander,Male,30,mason51@example.net,2546291486,Warangal,Sikkim,India,2026-01-17,Premium,2806070,Single,Business,2068,False
75,Girik,Sampath,Male,54,andrew54@example.org,+915733221418,Naihati,Tripura,India,2022-09-07,GOld,2150493,Married,Lawyer,2749,True
76,Krisha,Dube,Male,37,pratyushgandhi@example.net,00653794738,Tirupati,Uttar Pradesh,India,2025-07-23,Premium,2627179,Single,Student,9433,False
77,Rishi,Pillai,Female,63,xshenoy@example.com,08862392407,Begusarai,Bihar,India,2025-12-15,GOld,518752,Single,Doctor,4941,True
78,Jeet,Mane,Male,40,dyalanjali@example.com,2613750606,Noida,Madhya Pradesh,India,2022-04-06,Regular,2974621,Married,Doctor,8289,False
79,Kavya,Kapur,Male,44,nagarhardik@example.net,5220472779,Vijayawada,Andhra Pradesh,India,2023-09-30,Regular,642662,Married,Lawyer,7532,True
80,Tanveer,Doctor,Female,29,xchoudhry@example.com,+914103697117,Kottayam,Odisha,India,2023-08-17,Silver,2783323,Married,Manager,7136,False
81,Maanas,Manne,Female,33,nagarwal@example.com,+919621851888,Pali,West Bengal,India,2025-07-26,Premium,1369909,Married,Business,7613,False
82,Caleb,Ram,Female,19,zehaan05@example.org,03195205852,Nangloi Jat,Rajasthan,India,2023-02-13,Regular,1563208,Single,Manager,3475,False
83,Krishna,Bhatnagar,Female,39,sbansal@example.org,+913054868740,Baranagar,Kerala,India,2021-12-22,Silver,2700455,Married,Data Analyst,166,True
84,Garima,Mahajan,Male,33,pillairajeshri@example.com,7652775841,Vijayawada,Maharashtra,India,2023-02-07,Regular,2249244,Single,Manager,8041,False
85,Chaaya,Nagi,Male,23,buchfalak@example.net,04796275705,Panipat,Rajasthan,India,2022-01-21,Silver,1129442,Married,Business,5016,False
86,Falan,Ravi,Female,53,yochana20@example.org,7021355690,Hospet,Kerala,India,2024-09-24,Silver,1984692,Married,Lawyer,7434,False
87,Sachi,Bose,Female,34,jeevikarao@example.com,4310278681,Bhilwara,Tamil Nadu,India,2025-05-13,GOld,706067,Single,Lawyer,1958,True
88,Tanish,Mangal,Male,31,hiyengar@example.org,+917271551884,Sangli-Miraj & Kupwad,Tamil Nadu,India,2023-01-18,Regular,1359723,Married,Doctor,3180,False
89,Janaki,Trivedi,Male,41,jairajiyer@example.org,+917058957829,Amritsar,Jharkhand,India,2024-12-15,GOld,1467802,Single,Data Analyst,2073,False
90,Varenya,Vora,Male,21,krout@example.org,+915177852892,Bhiwani,Mizoram,India,2022-01-15,Silver,729654,Married,Doctor,200,False
91,Jeet,Vasa,Female,48,dakshagala@example.org,03584143842,Srikakulam,Nagaland,India,2022-05-13,Regular,1629024,Single,Software Engineer,4136,False
92,Yadavi,Ganguly,Male,70,onveernazareth@example.net,+910109439690,Bongaigaon,Jharkhand,India,2024-02-20,Premium,1880688,Married,Doctor,9453,True
93,Vasudha,Konda,Male,27,dmishra@example.org,0276773592,Imphal,Telangana,India,2024-07-04,Silver,557274,Single,Doctor,9143,False
94,Mohini,De,Male,67,yutika81@example.com,+917147321046,Kulti,West Bengal,India,2022-12-05,Regular,2089594,Married,Student,9642,False
95,Falak,Munshi,Female,54,nathanieltara@example.net,07470168733,Nashik,Arunachal Pradesh,India,2023-12-18,Premium,2756977,Single,Business,3457,False
96,Warda,Singhal,Male,28,abhiram16@example.org,05650609835,Srinagar,Madhya Pradesh,India,2025-11-09,GOld,929026,Single,Teacher,43,False
97,Shravya,Mammen,Female,62,davegunbir@example.com,05852398680,Agra,Chhattisgarh,India,2024-05-26,Regular,1421630,Single,Business,4720,False
98,Urvi,Venkataraman,Female,22,mdixit@example.net,+915952694958,Phusro,Jharkhand,India,2025-08-10,GOld,1309622,Single,Designer,1880,True
99,Anay,Pillay,Male,35,imaran69@example.com,0974993097,Loni,Rajasthan,India,2024-10-20,GOld,499514,Single,Teacher,5039,False
100,Manbir,Kibe,Female,25,choudharyrayaan@example.org,05626368970,Kadapa,Gujarat,India,2026-05-04,Regular,1475450,Married,Student,8199,False
101,Ekta,Sridhar,Female,23,lmurthy@example.com,5854973348,Kamarhati,Jharkhand,India,2024-01-10,Premium,2012059,Married,Accountant,4102,True
102,Sarthak,Suresh,Male,32,varsha58@example.net,04198665240,Vijayawada,Kerala,India,2025-05-01,Premium,1330411,Single,Teacher,7708,False
103,Aahana,Srinivas,Female,29,sakshamyohannan@example.com,4219933083,Faridabad,Bihar,India,2025-01-31,Regular,2862480,Married,Doctor,7700,False
104,Ganga,Sodhi,Female,39,devanabdul@example.net,+916773454019,Deoghar,Telangana,India,2021-11-19,Silver,638723,Single,Lawyer,6744,False
105,Parth,Sahni,Female,60,balhaarranganathan@example.com,+914004991547,Guntur,West Bengal,India,2025-11-09,Regular,2507272,Single,Manager,1442,False
106,Upadhriti,Mahajan,Female,38,isaiahnarayanan@example.org,7420549329,Purnia,Mizoram,India,2024-05-10,Premium,1895233,Single,Data Analyst,7569,False
107,Gabriel,Rattan,Male,30,goyallogan@example.com,03046374549,Bhilwara,Rajasthan,India,2024-08-17,Silver,2811515,Married,Manager,845,True
108,Warinder,Bhatia,Female,53,shroffdamyanti@example.org,08414593327,Malda,Telangana,India,2024-09-29,GOld,1408081,Married,Manager,1989,True
109,Ojasvi,Sinha,Male,63,yugbumb@example.net,08519108839,Dehradun,Karnataka,India,2025-12-29,GOld,1503380,Single,Data Analyst,6684,True
110,Riya,Dada,Male,25,vrindachand@example.net,00728679087,Lucknow,Madhya Pradesh,India,2023-09-25,Regular,692688,Single,Manager,4781,False
111,Aarush,Kamdar,Female,48,bathpallavi@example.com,1801704622,Dindigul,Madhya Pradesh,India,2025-05-20,Regular,1222281,Married,Data Analyst,2369,False
112,Krishna,Prashad,Male,56,zachariakiaan@example.net,01286823004,Tinsukia,Maharashtra,India,2026-02-03,GOld,492804,Married,Designer,5568,False
113,Ladli,Karpe,Male,36,trivenipal@example.org,03106903311,Amroha,Punjab,India,2021-12-25,Silver,2661795,Married,Teacher,7316,False
114,Yash,Basu,Female,39,osarna@example.net,+910284395995,Barasat,Chhattisgarh,India,2026-01-01,Regular,2109853,Married,Business,3912,False
115,Timothy,Sachdev,Male,67,anvi08@example.net,2687056856,Jalgaon,Jharkhand,India,2024-10-08,Regular,383070,Married,Manager,6246,False
116,Qarin,Yogi,Male,49,okhosla@example.com,2708668826,Rohtak,Gujarat,India,2024-05-18,Premium,729515,Married,Doctor,7213,True
117,Farhan,Sengupta,Female,18,george83@example.org,06990139837,Thoothukudi,Jharkhand,India,2021-09-12,GOld,1919574,Single,Doctor,7692,False
118,Siddharth,Gupta,Female,57,srinivasxavier@example.net,3638546785,Bhilwara,Kerala,India,2025-12-06,Regular,2925612,Single,Lawyer,8742,False
119,Widisha,Shukla,Female,58,singhekaja@example.org,05609320489,Sagar,Chhattisgarh,India,2023-03-28,Regular,2469185,Single,Accountant,1121,True
120,Forum,Karpe,Female,32,fkorpal@example.net,5477725228,Udaipur,Nagaland,India,2022-01-25,Premium,2020208,Single,Doctor,7269,True
121,Bahadurjit,Borde,Female,19,ahujanitara@example.org,3120387509,Morbi,Andhra Pradesh,India,2021-08-16,Premium,1560525,Single,Student,5873,False
122,Nisha,Arora,Female,27,wagleanvi@example.net,00862118233,Raichur,Himachal Pradesh,India,2024-12-11,GOld,2427873,Married,Accountant,2950,True
123,Farhan,Prakash,Male,23,ksharaf@example.org,3410166687,Bangalore,Tamil Nadu,India,2023-01-10,Regular,2799253,Single,Manager,9554,True
124,Fitan,Tata,Male,47,knarula@example.org,0339740148,Mangalore,West Bengal,India,2024-03-30,Silver,2127578,Married,Software Engineer,7622,False
125,Amol,Johal,Male,22,mitalibose@example.com,+919396856218,Meerut,Bihar,India,2025-04-14,Regular,1649407,Married,Designer,4097,False
126,Vincent,Borra,Female,30,mekhala50@example.net,07735866296,Tadipatri,Jharkhand,India,2023-08-31,Regular,2226721,Single,Business,6248,False
127,Ethan,Butala,Female,62,mitesh62@example.net,05511047541,Chandigarh,Goa,India,2025-03-27,Silver,292021,Married,Student,132,True
128,Saumya,Vala,Female,36,bchauhan@example.org,08199560466,Karaikudi,Haryana,India,2026-06-08,GOld,2746215,Married,Business,3115,False
129,Omkaar,Rai,Male,58,liamluthra@example.com,07212646471,Chandrapur,Haryana,India,2025-10-14,Premium,2831750,Single,Student,7222,True
130,Rohan,Shankar,Female,64,deshmukhdaksha@example.org,05965756924,Madanapalle,Tamil Nadu,India,2023-04-12,GOld,578046,Married,Lawyer,6807,True
131,Varenya,Murthy,Male,26,mitalinagar@example.com,7935646519,Guntakal,Nagaland,India,2023-02-06,Silver,2426556,Married,Teacher,4210,False
132,Avi,Shenoy,Female,65,rakshamanne@example.net,+916724342661,Khora ,Meghalaya,India,2026-07-09,Silver,683056,Married,Doctor,2306,True
133,Nandini,Warrior,Female,69,ybansal@example.com,8911352909,Bathinda,Uttar Pradesh,India,2025-03-25,Silver,578757,Married,Software Engineer,4332,True
134,Hitesh,Anne,Female,41,kuruvillatristan@example.net,8899375679,Hapur,Andhra Pradesh,India,2025-09-03,Silver,2651822,Married,Lawyer,1775,True
135,Henry,Merchant,Female,19,hchada@example.net,+915457387571,Bidhannagar,Karnataka,India,2022-02-20,Silver,2758870,Single,Doctor,7606,False
136,Charita,Basu,Female,25,bajajhemal@example.net,+912382825867,Machilipatnam,Rajasthan,India,2023-02-20,GOld,390198,Single,Student,8071,True
137,Quincy,Sankaran,Male,33,vbalakrishnan@example.net,+917966033419,Jorhat,Goa,India,2024-09-05,GOld,1830098,Married,Lawyer,8850,False
138,Eshana,Hegde,Male,44,qcomar@example.net,08596969155,Tadipatri,Goa,India,2024-02-06,Premium,2252470,Married,Student,536,False
139,Frado,Desai,Male,46,jacob34@example.org,+915286692966,Morbi,Rajasthan,India,2026-02-20,Regular,1190328,Married,Doctor,6018,False
140,Oscar,Ganesan,Male,43,imani@example.org,07905072368,Alappuzha,Sikkim,India,2025-10-01,Silver,996114,Single,Manager,1501,True
141,Ojasvi,Sawhney,Male,21,fganesh@example.net,+913404384279,Jamalpur,Mizoram,India,2022-07-13,Silver,1221601,Single,Accountant,3362,True
142,Ishaan,Loyal,Male,55,benjamin78@example.org,01340745171,Bhagalpur,Uttar Pradesh,India,2026-07-27,GOld,1177267,Married,Teacher,9764,True
143,Indali,Sangha,Female,27,liamjhaveri@example.org,+919584982544,Kottayam,Sikkim,India,2022-05-18,GOld,2465827,Married,Teacher,1801,True
144,Krishna,Sabharwal,Male,18,malhotrajonathan@example.net,+913253672946,Bidhannagar,Assam,India,2022-05-12,Silver,1197957,Married,Software Engineer,2854,False
145,Neha,Varma,Male,26,jyoti77@example.com,0175186363,Agartala,Karnataka,India,2023-12-25,Regular,2406562,Single,Doctor,7802,False
146,Geetika,De,Female,50,roza@example.org,+911701277063,Barasat,Goa,India,2023-11-25,Premium,2095848,Single,Accountant,710,False
147,Girik,Patel,Female,59,fitan52@example.org,04361103712,Kadapa,Sikkim,India,2025-05-09,Premium,455120,Married,Designer,6984,True
148,Aditya,Anand,Female,63,jai62@example.com,+913611155426,Asansol,Assam,India,2026-01-30,Regular,508242,Single,Lawyer,9966,True
149,Abhiram,Gala,Male,26,upanchal@example.org,2697311219,Etawah,Maharashtra,India,2024-03-30,Silver,2818577,Married,Designer,9787,False
150,Logan,Kota,Female,50,frado38@example.net,9404389836,Meerut,Uttar Pradesh,India,2023-08-09,Regular,615984,Single,Data Analyst,3522,False
151,Warda,Raju,Female,32,khoslaxalak@example.net,1805526965,Chittoor,Tripura,India,2022-03-10,Regular,1621582,Married,Designer,6815,True
152,Anay,Bir,Female,45,lalatanveer@example.org,+916848666188,Alwar,Assam,India,2024-03-15,Silver,2989664,Married,Lawyer,2500,False
153,Farhan,Vaidya,Male,23,nachiketyadav@example.com,09146303161,Pudukkottai,Punjab,India,2022-01-13,Premium,591035,Married,Doctor,6105,True
154,Dayamai,Gill,Male,55,aroralaksh@example.net,+912758842524,Ludhiana,Karnataka,India,2025-03-21,Silver,712675,Married,Lawyer,6929,True
155,Anita,Viswanathan,Female,56,lallfaraj@example.com,08507925241,Ambattur,Telangana,India,2025-11-23,Silver,1674911,Single,Accountant,8313,True
156,Aarnav,Basu,Male,60,kondachakradhar@example.com,06220863536,Gopalpur,Uttarakhand,India,2022-03-25,Regular,1140551,Single,Lawyer,9113,False
157,Kashish,Dar,Male,66,golaudant@example.net,+916174451870,Kollam,Jharkhand,India,2026-05-13,Silver,2607949,Single,Designer,9190,True
158,Daksha,Kibe,Female,19,lpillay@example.com,+918320603850,Mumbai,Tripura,India,2024-10-08,GOld,1346179,Married,Lawyer,5751,True
159,Damyanti,Chawla,Male,27,wazirsaini@example.com,+912410386571,Dibrugarh,Chhattisgarh,India,2024-12-03,Regular,491862,Single,Software Engineer,1503,True
160,Falan,Bhatia,Female,44,pde@example.com,05655743132,Bhatpara,Bihar,India,2022-12-19,Regular,1629821,Single,Lawyer,5105,False
161,Shivani,Shukla,Male,21,niharika18@example.com,+917474112490,Khammam,Chhattisgarh,India,2022-05-06,GOld,860224,Single,Doctor,4458,False
162,Yuvraj,Parekh,Female,49,dvarghese@example.net,04206788317,Kolhapur,Bihar,India,2021-09-02,Regular,1937212,Married,Business,8394,True
163,David,Kapadia,Female,45,rudrarattan@example.com,1994101372,Bathinda,Bihar,India,2021-12-06,Premium,1388021,Married,Data Analyst,5053,True
164,Triya,Bedi,Male,43,rachitarana@example.com,+916625324472,Srikakulam,Punjab,India,2023-08-29,Premium,232241,Single,Student,3460,True
165,Chakrika,Tara,Female,36,dsrinivas@example.org,06263838065,Tinsukia,Uttar Pradesh,India,2025-09-09,Silver,703250,Single,Manager,7055,True
166,Hemangini,Thakkar,Male,42,lipika42@example.org,09304078593,Salem,Haryana,India,2023-08-15,GOld,2298252,Married,Doctor,6505,True
167,Amaira,Walla,Female,19,kandalipika@example.com,+912395590599,Phusro,Gujarat,India,2025-10-03,Regular,526579,Married,Accountant,7033,False
168,Dayamai,Gill,Female,36,fbarad@example.org,+919308705932,Belgaum,Uttar Pradesh,India,2024-04-27,Premium,1898828,Single,Lawyer,2815,False
169,Daniel,Bains,Female,23,luckychoudhry@example.net,01569154522,Morbi,Rajasthan,India,2024-04-07,Regular,644022,Single,Designer,9648,False
170,Owen,Parikh,Male,43,parthradhakrishnan@example.com,4220969029,Pudukkottai,Haryana,India,2026-05-19,Silver,1624021,Single,Lawyer,2754,True
171,Hemang,Taneja,Male,51,garimabrahmbhatt@example.org,05215704331,Bardhaman,Uttar Pradesh,India,2022-06-27,GOld,1665386,Married,Teacher,3871,True
172,Aarav,Bava,Male,34,usarma@example.com,+916765861793,Bidhannagar,Assam,India,2021-11-07,GOld,927707,Single,Doctor,2902,False
173,Chaitaly,Bahri,Female,66,advika11@example.com,+916218159970,Dehradun,Punjab,India,2025-04-06,Regular,2567650,Married,Lawyer,2473,False
174,Naksh,Bera,Male,48,narulasamesh@example.org,08844431069,Jamnagar,Arunachal Pradesh,India,2024-08-21,Regular,2848221,Married,Student,9689,True
175,Aarush,Sane,Female,50,menonvarsha@example.org,+910324171467,Bilaspur,Assam,India,2026-03-13,Premium,1501944,Married,Manager,616,True
176,Lila,Goyal,Female,36,lakshmi52@example.com,+914774349021,Hapur,Uttar Pradesh,India,2026-03-05,Premium,2903927,Single,Accountant,9733,False
177,Odika,Karan,Female,55,ramomya@example.net,7937416089,Jamshedpur,Tripura,India,2025-05-22,Premium,2086319,Single,Lawyer,9912,False
178,Oscar,Ganesh,Male,21,reyanshdate@example.org,01632945116,Suryapet,Karnataka,India,2023-12-02,Regular,634118,Married,Doctor,8266,True
179,Zinal,Shanker,Male,33,virkoni@example.org,02299911914,Bulandshahr,Himachal Pradesh,India,2024-10-29,Regular,2043068,Single,Lawyer,6108,False
180,Vedika,Solanki,Female,44,geraanya@example.com,+919960653074,Jaipur,Karnataka,India,2024-02-23,Silver,2707715,Single,Lawyer,1079,False
181,Deepa,Mand,Male,53,ochaudhari@example.org,07546913736,Hazaribagh,West Bengal,India,2024-09-30,Regular,1391798,Married,Accountant,2463,False
182,Daksh,Varma,Male,55,dominicmukhopadhyay@example.net,6289023303,Sirsa,Arunachal Pradesh,India,2024-08-19,GOld,1667254,Married,Designer,2112,True
183,Rushil,Mahal,Female,53,ucchal86@example.net,+910357972798,Hapur,Goa,India,2023-10-08,Regular,2899006,Married,Teacher,8624,True
184,Gautam,Mane,Female,50,rajuchandran@example.org,3333468007,Malegaon,Punjab,India,2021-08-22,Silver,276464,Married,Student,2953,True
185,Udarsh,Krishnan,Female,67,anvi66@example.com,04374896910,Kishanganj,Rajasthan,India,2023-12-22,Regular,1005328,Single,Teacher,2538,True
186,Chanchal,Chokshi,Female,68,vbhatt@example.com,5444328309,Imphal,Sikkim,India,2022-10-04,Premium,2329404,Single,Lawyer,2147,False
187,Atharv,Tank,Male,28,aashi66@example.com,0993538758,Tirunelveli,Uttarakhand,India,2026-04-26,GOld,2820351,Single,Manager,715,False
188,Pratyush,Memon,Female,61,sinhakabir@example.net,08251353465,Bhilwara,Odisha,India,2024-01-26,GOld,2063104,Married,Manager,3833,True
189,Ubika,Dalal,Female,69,obera@example.net,9173816846,Saharanpur,Chhattisgarh,India,2023-04-10,Regular,1013762,Married,Accountant,7218,False
190,Hema,Rout,Female,67,udhar@example.net,+911752500743,Gangtok,Tripura,India,2022-12-01,Regular,2309343,Married,Teacher,3271,True
191,Vrishti,Chakrabarti,Female,21,radhasanghvi@example.com,07600835058,Surat,Sikkim,India,2021-08-08,Regular,1756976,Single,Data Analyst,2042,False
192,Yuvraj,Kara,Male,66,devika21@example.com,9421044789,Raebareli,Sikkim,India,2022-09-15,GOld,1344169,Married,Data Analyst,2414,False
193,Hema,Suri,Male,32,raghav26@example.org,+913230982150,Rohtak,Tripura,India,2026-02-12,Regular,1666266,Single,Designer,872,False
194,Chanakya,Bava,Female,33,bahrichanakya@example.net,+916761847230,Bidar,Sikkim,India,2022-06-05,Regular,542278,Married,Business,461,False
195,Zinal,Madan,Male,63,omyacheema@example.net,9141173934,Secunderabad,Tamil Nadu,India,2025-01-20,Silver,812575,Single,Software Engineer,4700,False
196,Chakrika,Dyal,Male,66,tanejasarthak@example.net,05300119721,Salem,Himachal Pradesh,India,2023-07-15,Regular,2081570,Single,Doctor,311,False
197,Tanmayi,Minhas,Male,27,ucchal01@example.org,+914556110022,Secunderabad,Manipur,India,2023-11-07,Regular,666351,Married,Business,4934,True
198,Girik,Pradhan,Male,33,qadim16@example.com,04676212021,Gudivada,Meghalaya,India,2026-05-29,Regular,2879957,Married,Doctor,1816,False
199,Raksha,Golla,Male,58,nparmer@example.org,2771670145,Loni,Tripura,India,2026-06-22,GOld,802204,Married,Designer,25,False
200,Udarsh,Nigam,Male,54,santyuvraj@example.com,06289002877,Aurangabad,Tripura,India,2025-10-01,Regular,985651,Single,Data Analyst,5908,True
201,Ekani,Khosla,Male,42,arunima08@example.org,6631779717,Satna,Bihar,India,2025-10-19,Regular,382596,Married,Lawyer,4155,True
202,Andrew,Chauhan,Female,68,csachar@example.net,0199488375,Meerut,Uttarakhand,India,2023-06-19,Premium,1646206,Single,Doctor,9533,False
203,Suhani,Narula,Male,20,tpatla@example.com,+911305548851,Dehradun,Meghalaya,India,2022-10-06,Silver,2490147,Married,Teacher,7612,False
204,Nimrat,Chhabra,Male,69,rohan31@example.com,+917351609177,Panchkula,Andhra Pradesh,India,2026-01-29,GOld,464662,Married,Software Engineer,4807,True
205,Chanakya,Sant,Male,68,xtrivedi@example.org,9221699586,Narasaraopet,Tamil Nadu,India,2023-09-06,GOld,375766,Married,Student,8444,False
206,Anusha,Rao,Female,34,chaitaly72@example.org,09848583339,Hapur,Sikkim,India,2022-09-12,Premium,2913297,Single,Student,5848,True
207,Pranav,Thakur,Female,35,jack58@example.com,9684608106,Meerut,Sikkim,India,2022-01-18,Premium,1743584,Married,Designer,7204,False
208,Ryan,Loke,Female,29,bhavinikrishna@example.org,+914380571983,Patiala,Mizoram,India,2024-01-06,Regular,2286764,Married,Data Analyst,4369,True
209,Champak,Raj,Female,23,ysaha@example.net,08004397359,Jammu,Jharkhand,India,2025-05-21,Regular,2726872,Single,Data Analyst,4813,False
210,Peter,Borde,Male,23,oscarvarkey@example.org,00648422940,Kirari Suleman Nagar,Tamil Nadu,India,2022-11-19,Silver,2972096,Married,Student,7305,False
211,Balveer,Dube,Male,62,charan94@example.com,8515832818,Vijayanagaram,Nagaland,India,2026-02-19,Regular,1674494,Married,Software Engineer,5776,False
212,Netra,Chanda,Female,58,timothy35@example.com,04398780157,Srikakulam,Punjab,India,2023-08-23,Premium,514745,Married,Lawyer,8406,True
213,Balveer,Nagi,Male,27,ycomar@example.com,4085887704,Pondicherry,Mizoram,India,2022-04-08,Regular,345957,Single,Doctor,3866,False
214,Gopal,Ganesh,Female,42,bhattishivansh@example.net,3613861207,Agra,Assam,India,2022-03-11,Premium,2737951,Single,Manager,6077,False
215,Chatura,Gokhale,Female,66,ekavir93@example.com,06766506180,Bhimavaram,Arunachal Pradesh,India,2022-03-09,Premium,2607202,Single,Data Analyst,6012,False
216,Ishita,Thakkar,Female,59,manncharvi@example.net,+914766072832,Bongaigaon,Jharkhand,India,2022-10-17,Silver,1246947,Single,Software Engineer,3048,False
217,Chanchal,Prakash,Female,53,dhaliwaljatin@example.org,+919968814353,Anand,Chhattisgarh,India,2022-12-09,Premium,1297970,Married,Manager,3515,False
218,Qarin,Kant,Female,30,rishi12@example.net,0878141413,Bathinda,Kerala,India,2022-08-29,Premium,769286,Single,Manager,2828,False
219,Wahab,Chaudhry,Male,69,ekaraj35@example.com,05949299556,Kolkata,Karnataka,India,2023-08-30,Silver,1657207,Single,Data Analyst,8882,False
220,Timothy,Sarin,Female,28,jagvi25@example.com,07547812914,Siwan,Gujarat,India,2023-10-22,GOld,1716208,Single,Doctor,3292,True
221,Faraj,Borra,Male,68,tripathiazaan@example.net,6930848872,Katni,Haryana,India,2024-01-17,Regular,310243,Married,Data Analyst,9376,False
222,Krish,Shetty,Female,69,ranganathanjanuja@example.net,+913928272299,Karawal Nagar,Kerala,India,2021-11-29,GOld,2766697,Single,Doctor,5067,False
223,Theodore,Sura,Female,51,devlalla@example.com,+910385677005,Saharsa,Rajasthan,India,2023-11-23,Regular,1917288,Single,Teacher,5194,True
224,Adya,Ghosh,Female,47,xradhakrishnan@example.net,1846386557,Mahbubnagar,Andhra Pradesh,India,2025-11-02,Silver,738274,Single,Teacher,7088,True
225,Liam,Sarraf,Male,51,victorbose@example.net,4322259136,Raipur,Meghalaya,India,2025-08-22,GOld,1475590,Single,Teacher,5286,True
226,Varenya,Kade,Female,51,nirjabains@example.org,+912992280920,Rampur,Goa,India,2025-12-18,Silver,530762,Married,Business,9024,False
227,Nidra,Bahl,Male,58,frederick37@example.net,07236929298,Rourkela,Telangana,India,2024-06-25,Silver,2777098,Single,Data Analyst,2762,True
228,Sudiksha,Biswas,Male,60,kritikarajan@example.org,+910388629127,Katihar,Mizoram,India,2022-07-27,Silver,2563985,Single,Software Engineer,1330,True
229,Girik,Subramaniam,Female,59,aaravsankar@example.net,05086376599,Khandwa,Chhattisgarh,India,2023-09-25,GOld,2599717,Married,Accountant,496,False
230,Vansha,Kaul,Female,59,mandernilima@example.com,+910098180635,Mirzapur,Bihar,India,2022-11-19,Silver,2225617,Single,Designer,4873,False
231,Pooja,Kulkarni,Male,62,pallavi95@example.net,06368872588,Nizamabad,Jharkhand,India,2026-06-25,Premium,863037,Married,Designer,7933,False
232,Hemangini,Rao,Male,39,jagatkarpe@example.com,2138658902,Kolkata,Uttar Pradesh,India,2022-05-06,GOld,1511066,Married,Lawyer,6532,True
233,Maanav,Sinha,Female,50,echakrabarti@example.com,+915190669849,Akola,Rajasthan,India,2025-10-09,Premium,1538469,Single,Manager,2007,False
234,Reva,Anne,Female,33,zarnamangal@example.org,+919883920530,Chandigarh,Himachal Pradesh,India,2024-12-18,GOld,606057,Single,Student,6293,False
235,Ira,Rana,Male,28,hiyer@example.org,1184895543,Malda,Madhya Pradesh,India,2026-06-17,Silver,2622995,Married,Business,2610,False
236,Aayush,Lal,Female,49,niharikatoor@example.org,1845184894,Burhanpur,Odisha,India,2025-09-06,Silver,2286122,Single,Doctor,6442,False
237,Yagnesh,Nori,Male,31,lsharma@example.org,01416335658,Firozabad,Haryana,India,2024-01-05,Silver,404087,Single,Student,8108,False
238,Girik,Rastogi,Female,52,faqid82@example.com,05394237333,Tiruppur,Haryana,India,2023-04-17,Premium,650875,Married,Teacher,4333,False
239,Zaid,Parekh,Female,41,hredhaandar@example.org,7908075957,Pallavaram,Goa,India,2025-12-01,Premium,1880161,Single,Accountant,9204,True
240,Ati,Rao,Female,53,kabirbhagat@example.net,07808562718,Satna,Tamil Nadu,India,2021-08-22,Silver,508414,Married,Data Analyst,7378,False
241,Advik,Kade,Male,26,uchaudhuri@example.com,4284347955,Panchkula,Maharashtra,India,2023-05-12,Premium,1852151,Married,Lawyer,9139,False
242,Oni,Pradhan,Male,30,nandini47@example.org,2931438663,Jalgaon,Meghalaya,India,2021-08-26,Regular,2297478,Single,Software Engineer,637,True
243,Patrick,Sama,Female,69,odesai@example.net,5744890612,Thrissur,Uttarakhand,India,2023-09-25,Regular,2378239,Married,Teacher,9932,True
244,Vamakshi,Char,Female,57,qnatt@example.com,08845061593,Anantapuram,Kerala,India,2024-05-02,Silver,881582,Married,Accountant,4902,False
245,Yashvi,Sura,Female,63,ybrar@example.net,07225699611,Tiruvottiyur,Haryana,India,2024-03-26,Silver,2191843,Single,Lawyer,5427,True
246,Edhitha,Manne,Female,55,megha47@example.com,9876220234,Bhagalpur,Goa,India,2024-12-11,Silver,2839309,Single,Accountant,7775,False
247,Harshil,Chandran,Male,64,solankichatura@example.org,08114921643,Anantapuram,Manipur,India,2022-08-23,Premium,2647474,Married,Teacher,8589,False
248,Karan,Vyas,Male,70,ayushbanerjee@example.net,05778487282,Phusro,Maharashtra,India,2026-01-08,GOld,332416,Single,Business,310,False
249,Dayita,Palan,Female,44,ozacharia@example.org,04564240082,Baranagar,Meghalaya,India,2026-02-13,GOld,1932080,Single,Designer,8221,False
250,Abhiram,Swamy,Male,63,amistry@example.com,09308536866,Ujjain,Tamil Nadu,India,2024-11-18,GOld,2375515,Single,Data Analyst,5325,False
251,Kritika,Kannan,Female,38,fariq63@example.net,4484631224,Sirsa,Punjab,India,2025-06-02,GOld,2127968,Married,Data Analyst,5804,False
252,Anita,Swamy,Female,30,ekanibahl@example.org,+918021442703,Saharanpur,Andhra Pradesh,India,2025-10-07,GOld,1370237,Married,Business,4876,False
253,Teerth,Oommen,Male,62,ymuni@example.com,07051204618,Bokaro,Gujarat,India,2023-09-11,Regular,1529765,Married,Lawyer,9183,False
254,Lakshmi,Arora,Female,25,kotharilekha@example.com,+910371837645,Kalyan-Dombivli,Telangana,India,2026-03-30,Regular,1854789,Married,Teacher,4758,True
255,Jason,Kulkarni,Female,63,mmisra@example.com,+913136502491,Latur,Andhra Pradesh,India,2021-12-04,Premium,1652753,Married,Student,7849,True
256,Vaishnavi,Dubey,Male,70,gaurav32@example.com,+919500528127,Ratlam,Nagaland,India,2024-07-10,Silver,2557274,Married,Teacher,1789,True
257,Reva,Hans,Male,21,purohitishita@example.net,+914077848739,Tinsukia,Kerala,India,2024-04-27,GOld,2875733,Single,Software Engineer,1641,False
258,Upadhriti,Maharaj,Female,63,ekapadwali@example.org,04485708620,Udupi,Haryana,India,2024-04-18,Regular,621715,Single,Software Engineer,9016,True
259,Dev,Yohannan,Female,59,hgupta@example.net,08294565118,Varanasi,Uttarakhand,India,2022-09-03,Regular,2202564,Single,Student,5262,False
260,Pranav,Balay,Male,67,hredhaansunder@example.org,+910967899405,Medininagar,Tamil Nadu,India,2022-03-04,Premium,2935939,Single,Data Analyst,611,True
261,Agastya,Joshi,Female,29,dbuch@example.net,+915865094801,Solapur,Gujarat,India,2025-12-26,Premium,1865115,Married,Teacher,4742,True
262,Gunbir,Chaudhuri,Male,37,lekhagupta@example.org,3928861957,Vasai-Virar,Goa,India,2023-02-07,Premium,1605268,Married,Manager,8901,False
263,Neelima,Thaman,Male,50,nakul89@example.com,05855665939,Gandhinagar,Tripura,India,2026-04-01,Regular,1344361,Single,Doctor,5417,True
264,Aachal,Parsa,Female,59,zsem@example.org,0490824043,Satna,Andhra Pradesh,India,2023-12-01,Silver,980975,Single,Lawyer,4833,True
265,Yasti,Dubey,Male,57,baradtriveni@example.com,+912459334419,Jehanabad,Gujarat,India,2022-03-23,Regular,1993917,Married,Doctor,6567,True
266,Ekta,Subramanian,Male,26,vinayachandran@example.net,4096105566,Ambattur,Telangana,India,2021-08-31,Regular,1557283,Single,Software Engineer,4272,False
267,Lavanya,Bhagat,Male,46,benjamin58@example.net,+915832067998,Korba,Maharashtra,India,2024-01-13,Silver,1582548,Married,Accountant,9386,True
268,Meera,Divan,Female,59,gayathributala@example.com,0864168622,Karaikudi,Gujarat,India,2025-09-19,Silver,1191124,Single,Doctor,7625,False
269,Megha,Hayre,Male,43,xavierbora@example.com,05911665535,Hindupur,Rajasthan,India,2021-10-10,Silver,692477,Married,Lawyer,3618,True
270,Dalaja,Gara,Male,48,riya92@example.com,+913352110392,Kanpur,Karnataka,India,2022-07-07,GOld,2108318,Married,Designer,8998,False
271,Dalaja,Sengupta,Male,66,vbajaj@example.org,8338848792,Gandhinagar,Odisha,India,2026-01-18,GOld,2699026,Single,Data Analyst,7319,False
272,Caleb,Kumer,Male,54,darpanmander@example.org,9407016451,Jalna,West Bengal,India,2024-11-08,Premium,459032,Single,Accountant,8792,True
273,Vihaan,Rai,Male,38,muttivedhika@example.net,1238780038,Thoothukudi,Meghalaya,India,2024-11-30,Regular,687545,Single,Accountant,8008,True
274,Naksh,Badami,Female,69,indira54@example.org,4046084325,Durgapur,Assam,India,2024-10-26,Premium,2101832,Single,Data Analyst,6806,False
275,Utkarsh,Sahni,Male,53,michaelsandhu@example.com,5782329832,Loni,Chhattisgarh,India,2025-03-24,Regular,1492556,Single,Designer,4169,True
276,Maanav,Dugar,Male,55,ekansh88@example.net,+912520566474,Maheshtala,Bihar,India,2022-09-08,Premium,389959,Married,Lawyer,1044,True
277,Qasim,Bal,Male,48,vihaan93@example.org,0517289752,Pallavaram,Meghalaya,India,2022-09-27,Premium,1404145,Married,Teacher,2218,False
278,Nihal,Hans,Female,42,bachittarrege@example.org,06333127975,Shahjahanpur,Maharashtra,India,2025-01-04,Regular,1783334,Married,Doctor,8835,True
279,Benjamin,Rai,Female,25,meera99@example.net,8081770388,Thane,Nagaland,India,2024-11-11,GOld,2453425,Married,Data Analyst,2086,True
280,Zaitra,Bawa,Male,66,bishakhasarraf@example.com,04726490827,Mysore,Telangana,India,2025-10-29,Premium,1451425,Married,Data Analyst,6948,False
281,Isaiah,Gole,Male,33,mayasachdev@example.com,00279371452,Mysore,Bihar,India,2025-05-23,Regular,1651899,Single,Student,3088,True
282,Janani,Chada,Male,69,nvaidya@example.org,08602592222,Gurgaon,Jharkhand,India,2024-03-14,Regular,2779174,Single,Business,3376,True
283,Sanaya,Mani,Male,56,jacobdeep@example.org,+919407778097,Bellary,Odisha,India,2025-08-12,Premium,2072509,Single,Business,724,False
284,Sudiksha,Rout,Female,32,mbuch@example.net,+913849830220,Vadodara,Chhattisgarh,India,2021-11-04,GOld,436743,Single,Data Analyst,4739,True
285,Chanchal,Narula,Female,54,bawaikbal@example.com,+912499982795,Tiruchirappalli,Tripura,India,2024-02-11,Silver,1193647,Married,Teacher,8540,True
286,Ekantika,Pillay,Female,37,wbir@example.com,1472145868,Bhagalpur,Punjab,India,2022-01-23,Silver,455674,Single,Designer,9107,False
287,Ikbal,Wadhwa,Male,40,sulebhavna@example.com,5489952997,Kumbakonam,Uttar Pradesh,India,2023-02-05,Regular,2399757,Married,Designer,6688,True
288,Viraj,Mannan,Female,42,aaravdani@example.org,01396605583,Panihati,Tamil Nadu,India,2023-12-18,GOld,2456234,Married,Business,3692,False
289,Aachal,Bir,Male,69,charita88@example.com,+911556990235,Nangloi Jat,Meghalaya,India,2021-11-14,Regular,441692,Married,Designer,9130,True
290,Laban,Subramaniam,Female,33,triveniyadav@example.com,06084958803,Raichur,Assam,India,2022-11-02,Silver,1052856,Married,Doctor,7369,False
291,Avni,Balasubramanian,Male,52,keya82@example.net,6291450461,Patiala,Kerala,India,2025-05-31,GOld,416160,Married,Designer,9911,True
292,Chasmum,Kalita,Male,30,parth15@example.org,+911780782357,Khammam,Chhattisgarh,India,2022-05-28,GOld,2210725,Single,Lawyer,4967,True
293,Zaitra,Deo,Male,30,balhaarsharaf@example.com,8104091570,Saharsa,Tripura,India,2024-03-23,Premium,2208739,Single,Accountant,3350,False
294,Arin,Muni,Male,53,ekaniiyer@example.org,04857142241,Karaikudi,Mizoram,India,2022-06-10,Silver,1387236,Married,Manager,8743,False
295,Samuel,Palla,Female,34,anika24@example.net,+912149587020,Dhanbad,Bihar,India,2024-10-30,Silver,2350908,Married,Manager,1615,False
296,Chatura,Chadha,Female,31,lramanathan@example.net,9795453817,Tiruchirappalli,Uttarakhand,India,2025-07-20,Silver,1512490,Married,Software Engineer,9216,True
297,Gunbir,Shah,Male,19,udyati73@example.org,+919456255770,Fatehpur,Bihar,India,2024-07-22,Silver,2520756,Married,Student,2497,True
298,Varenya,Shenoy,Female,32,barkhapall@example.net,2816158148,Rewa,Odisha,India,2025-01-31,Regular,2589870,Single,Manager,9021,False
299,William,Kohli,Female,66,vasatikarajagopalan@example.org,03966958321,Raipur,Odisha,India,2025-07-04,Regular,2891461,Married,Manager,2756,False
300,Eshana,Chatterjee,Male,26,tgoda@example.com,+919196570132,Siliguri,Sikkim,India,2022-11-02,Regular,971952,Single,Data Analyst,554,True
301,Sneha,Wali,Male,66,madhavi99@example.com,+913549465190,Warangal,West Bengal,India,2024-01-26,Premium,1929698,Single,Business,1113,True
302,David,Pingle,Male,31,acharyajagrati@example.org,00369656666,Malegaon,Meghalaya,India,2022-10-02,Regular,1765317,Single,Accountant,7916,False
303,Raghav,Rajagopalan,Male,18,omisha24@example.net,+912010276212,Sirsa,Uttar Pradesh,India,2025-03-10,Regular,249706,Single,Data Analyst,4501,False
304,Pranit,Sha,Male,50,ysengupta@example.com,+912690973846,Visakhapatnam,Arunachal Pradesh,India,2026-05-27,Regular,951899,Single,Doctor,8591,True
305,Vasudha,Pillay,Male,30,subramaniamfariq@example.org,8478189137,Panvel,Uttar Pradesh,India,2026-07-01,Silver,1686633,Married,Designer,1294,False
306,Devika,Bera,Female,47,advay77@example.net,09565442094,Ghaziabad,Rajasthan,India,2025-08-05,GOld,1147313,Married,Doctor,519,True
307,Omkaar,Behl,Female,42,avi47@example.org,+918144294440,Mahbubnagar,Goa,India,2022-11-08,Regular,2518197,Married,Software Engineer,154,True
308,Sanya,Pingle,Male,49,advikakeer@example.com,+918051292766,Gandhidham,Telangana,India,2022-12-28,Regular,2904937,Married,Accountant,1562,True
309,Shivansh,Pai,Male,31,lallajack@example.org,+917674783667,Ulhasnagar,Mizoram,India,2025-04-07,Regular,1337055,Single,Doctor,4593,True
310,Advik,Mani,Male,38,rraja@example.com,0185694544,Rohtak,Rajasthan,India,2026-07-15,Premium,1068884,Single,Designer,1260,False
311,Mahika,Shenoy,Male,54,robertvenkatesh@example.com,2580010618,Amroha,Kerala,India,2023-06-08,GOld,2576894,Married,Data Analyst,5435,False
312,Bhanumati,Krishnamurthy,Male,68,bahadurjitbajwa@example.net,+910939111926,Bhubaneswar,Tamil Nadu,India,2023-02-19,Premium,2300477,Married,Software Engineer,1600,False
313,Zehaan,Menon,Male,22,oborra@example.com,06542140665,Rampur,Uttarakhand,India,2023-10-27,Silver,2738261,Married,Lawyer,485,False
314,Pranav,Sastry,Female,49,swamysai@example.net,02712863917,Kota,Arunachal Pradesh,India,2022-03-10,GOld,1692380,Married,Designer,3043,False
315,Ekavir,Krishna,Male,67,fbahl@example.org,0064256908,Morena,Maharashtra,India,2025-01-01,Silver,1233685,Single,Doctor,4390,True
316,Ekaraj,Zachariah,Female,63,aarushrajagopalan@example.net,01985546015,Jodhpur,Uttarakhand,India,2025-06-24,GOld,1834193,Married,Lawyer,1745,True
317,Bimala,Jain,Male,37,balveerrajagopalan@example.net,+914615717320,Nagpur,Telangana,India,2023-08-06,Regular,1709603,Married,Doctor,2170,True
318,Vrinda,Ramachandran,Male,45,zachariahdarika@example.com,7005050613,Jorhat,Chhattisgarh,India,2026-06-30,Regular,2536164,Married,Doctor,430,True
319,Viraj,Bora,Female,53,dhaliwalvrinda@example.net,+917903202041,Phagwara,Goa,India,2022-02-10,Premium,2703683,Married,Designer,202,False
320,Hitesh,Comar,Female,42,ekannan@example.org,05651982530,Thanjavur,Assam,India,2022-08-06,Premium,2546866,Single,Accountant,8537,True
321,Anusha,Dhaliwal,Female,28,sganguly@example.com,2739021962,Morbi,Assam,India,2021-08-15,GOld,1327927,Married,Student,8079,True
322,Abhimanyu,Gola,Male,28,manderomaja@example.net,02324876329,Kavali,Goa,India,2025-10-27,Regular,1357467,Married,Student,7933,True
323,Gaurang,Mitra,Female,34,omya08@example.org,+911819588373,Meerut,Gujarat,India,2022-07-12,GOld,2821581,Married,Accountant,3203,False
324,Manthan,Som,Male,26,kgoda@example.net,+910543645970,Faridabad,Nagaland,India,2023-01-24,Silver,228384,Married,Lawyer,6224,False
325,Nakul,Balakrishnan,Female,39,hvarma@example.org,+917995635315,Navi Mumbai,Haryana,India,2025-01-28,Regular,2930646,Single,Student,5253,True
326,Ryan,Prashad,Female,38,ethansinha@example.net,00623972652,Jammu,Rajasthan,India,2024-08-14,GOld,1870337,Married,Student,8044,True
327,Anamika,Jain,Female,42,joshua09@example.org,02177625349,Pudukkottai,Goa,India,2026-06-27,Silver,1848089,Married,Doctor,9238,True
328,Victor,Chadha,Male,61,fvig@example.org,7740633569,Gudivada,Chhattisgarh,India,2026-06-13,Premium,2136183,Single,Manager,4773,True
329,Abdul,Sahni,Female,61,bariaupma@example.net,0686717731,Vellore,Gujarat,India,2022-09-12,Regular,783759,Married,Business,4139,True
330,Jagrati,Merchant,Female,68,gautambabu@example.com,4279907726,Uluberia,Rajasthan,India,2025-07-08,Regular,510232,Married,Accountant,7851,False
331,Aarav,Bobal,Female,52,hnatarajan@example.org,06498931950,Faridabad,Bihar,India,2024-10-28,Premium,1707975,Single,Doctor,4067,False
332,Jasmit,Shroff,Male,59,paujeevika@example.org,8183253817,Kamarhati,Karnataka,India,2024-07-26,Premium,2562317,Married,Lawyer,7052,True
333,Amara,Thakur,Male,24,dmalhotra@example.org,05778817884,Udupi,Kerala,India,2022-02-15,Silver,1131140,Single,Manager,6129,False
334,Raghav,Shankar,Female,67,buchmahika@example.org,01124127238,Durg,Maharashtra,India,2026-03-05,GOld,1646898,Single,Manager,1712,False
335,Kevin,Som,Female,23,osha70@example.com,+911038569557,Berhampore,Jharkhand,India,2026-05-24,Premium,794228,Married,Student,5620,False
336,Kevin,Mohan,Male,51,abhakaran@example.com,04025472928,South Dumdum,Goa,India,2022-11-15,Regular,1660877,Married,Doctor,7178,False
337,Neel,Khanna,Female,22,barmanedhitha@example.net,+917452380552,Sultan Pur Majra,Nagaland,India,2022-12-14,Silver,387414,Single,Software Engineer,5620,True
338,Charvi,Dara,Male,65,ravelxalak@example.org,05208854749,Buxar,Telangana,India,2025-04-30,GOld,2364235,Single,Data Analyst,2623,False
339,Hamsini,Chowdhury,Female,47,ibaria@example.net,1406937515,Narasaraopet,Rajasthan,India,2023-03-25,GOld,1898892,Single,Teacher,7080,False
340,Tristan,Mall,Male,65,arinchacko@example.net,01863759980,Sikar,Chhattisgarh,India,2025-03-16,GOld,2085654,Married,Designer,72,True
341,Kala,Raju,Male,35,advik45@example.com,07813767426,Kolhapur,Uttarakhand,India,2026-07-25,Premium,2621572,Single,Data Analyst,3063,False
342,Gabriel,Dhawan,Female,30,chavvisoman@example.net,01961064628,Tezpur,Tripura,India,2022-09-25,Regular,677961,Married,Manager,8646,False
343,Ryan,Grewal,Female,57,jmann@example.com,+914947873002,Dewas,Rajasthan,India,2025-08-03,Regular,2662076,Single,Lawyer,5766,False
344,Jeet,Mani,Male,70,fgola@example.net,3014719597,Rampur,Rajasthan,India,2025-08-14,Silver,2777334,Single,Teacher,5131,True
345,Jagdish,Prakash,Male,37,ladnicholas@example.net,+912572520456,Nashik,Jharkhand,India,2024-01-19,Premium,967744,Married,Teacher,8369,False
346,Faraj,Varkey,Female,56,qadimchandra@example.net,+918554451895,Ahmedabad,Chhattisgarh,India,2025-12-22,GOld,2610911,Married,Designer,3043,False
347,Baghyawati,Pradhan,Male,53,vsabharwal@example.org,+913283389888,Erode,Manipur,India,2022-03-21,GOld,2253707,Married,Teacher,3065,False
348,Jackson,Deep,Female,57,srinivasanijaya@example.com,5279852401,Warangal,West Bengal,India,2022-10-12,Premium,1705919,Single,Manager,2236,True
349,Utkarsh,Mohanty,Female,53,shauryade@example.org,01107603108,Nandyal,Bihar,India,2023-09-21,Regular,1916033,Married,Designer,7272,False
350,Caleb,Bhatti,Male,23,advaith11@example.net,+919325012495,Nanded,West Bengal,India,2025-10-29,Premium,1124967,Married,Software Engineer,4503,True
351,Wyatt,Tiwari,Female,28,chaudharyakshay@example.net,+913428013875,Gandhidham,Sikkim,India,2022-06-25,Regular,2572509,Married,Data Analyst,8369,True
352,Pratyush,Pant,Male,35,nsamra@example.net,+916151718275,Proddatur,Telangana,India,2021-11-30,Silver,2473494,Single,Manager,8951,True
353,Fitan,Narang,Female,24,ydalia@example.com,09473864631,Arrah,Goa,India,2021-09-04,GOld,1448681,Single,Manager,4305,False
354,Vyanjana,Cheema,Male,46,hsarma@example.net,1126691215,Sonipat,Gujarat,India,2025-01-03,Premium,1193823,Single,Accountant,5744,False
355,Jason,Kaul,Male,57,rtata@example.net,9465796784,Malda,Bihar,India,2022-08-10,GOld,1066625,Single,Software Engineer,9340,False
356,Zashil,Suri,Female,56,okashyap@example.org,+911017026952,Jalandhar,Tripura,India,2022-03-21,GOld,1557501,Married,Student,9383,False
357,Zinal,Tailor,Male,26,sjaggi@example.net,07848588006,Yamunanagar,Manipur,India,2024-03-30,Regular,448663,Married,Teacher,2174,True
358,Krisha,Savant,Male,63,cbanik@example.org,4276246719,Begusarai,Sikkim,India,2026-02-26,Silver,1238319,Married,Manager,2329,False
359,Upma,Soni,Female,42,yashawinibhalla@example.com,07969545009,Warangal,Uttarakhand,India,2024-09-07,Regular,516738,Single,Designer,8447,False
360,Ikshita,Bala,Female,47,lajita16@example.com,06503334911,Raipur,Karnataka,India,2023-01-05,Regular,1572750,Single,Doctor,7511,False
361,Anmol,Yohannan,Male,68,baljiwan76@example.net,6407905696,Chapra,Bihar,India,2025-09-21,Regular,1113644,Married,Business,8105,False
362,Harish,Jha,Female,36,watika85@example.org,4563718344,Bihar Sharif,Odisha,India,2024-12-27,Silver,2495586,Single,Accountant,7951,False
363,Upkaar,Chanda,Male,20,nayaranjali@example.org,8763514846,Kollam,Maharashtra,India,2024-12-27,Premium,2826387,Married,Software Engineer,2035,True
364,Zayan,Varma,Female,47,bgole@example.net,8297374896,Nagaon,Gujarat,India,2024-08-31,Premium,1994320,Single,Teacher,4945,True
365,Turvi,Divan,Female,23,matthewmital@example.com,05136442493,Mathura,Bihar,India,2022-11-04,Silver,1250208,Single,Lawyer,2711,True
366,Rehaan,Bala,Female,58,dayitashetty@example.com,6603242044,Kalyan-Dombivli,Telangana,India,2025-09-13,Silver,1182070,Married,Doctor,1559,True
367,Anmol,Bhakta,Male,48,murthychanchal@example.org,05162319818,Mehsana,Assam,India,2023-08-05,Premium,756583,Single,Data Analyst,7291,True
368,Jason,Munshi,Male,62,madhavi36@example.org,+911234764907,Gorakhpur,Karnataka,India,2026-03-18,Silver,705806,Married,Teacher,7826,True
369,Pallavi,Soman,Male,42,arunimadhillon@example.com,05409003486,Mirzapur,Uttar Pradesh,India,2022-08-10,Premium,629610,Single,Lawyer,6022,False
370,Warjas,Savant,Male,42,zanand@example.com,01343275604,Pallavaram,Meghalaya,India,2025-01-30,GOld,2890965,Single,Doctor,8691,True
371,Gaurangi,Sami,Male,46,dyaladvika@example.net,+915698570027,Delhi,Madhya Pradesh,India,2023-04-09,Silver,1093619,Single,Designer,7248,True
372,Dalaja,Murthy,Male,24,choudhrynakul@example.org,2965772429,Ichalkaranji,Gujarat,India,2022-04-15,GOld,716558,Married,Lawyer,7035,False
373,Oeshi,Pillai,Male,33,mayapurohit@example.net,+910089317342,Rewa,Punjab,India,2025-03-20,Silver,2903734,Single,Business,9066,False
374,Abha,Dixit,Male,60,pillaionkar@example.net,+910867713334,Shimla,Madhya Pradesh,India,2022-09-04,Silver,1061701,Single,Designer,4842,True
375,Raagini,Jhaveri,Male,49,barkhagulati@example.com,+916204439735,Guwahati,Andhra Pradesh,India,2025-07-22,Regular,672881,Single,Manager,9730,True
376,Kiaan,Naik,Male,41,tkala@example.com,6941180053,Raichur,Punjab,India,2021-12-15,Silver,753576,Married,Accountant,6895,False
377,Abdul,Kulkarni,Male,66,zmittal@example.net,02809242875,Mira-Bhayandar,Assam,India,2024-04-07,Regular,506149,Single,Accountant,1106,True
378,Rachita,Dhar,Female,31,jackson50@example.org,04564494856,Satna,Telangana,India,2025-09-30,Premium,453624,Married,Data Analyst,4693,False
379,Matthew,Sarraf,Female,62,gulatimanthan@example.org,+912074276170,Raurkela Industrial Township,Tamil Nadu,India,2026-05-04,Regular,545727,Single,Student,1369,False
380,Vedhika,Shankar,Male,50,uchowdhury@example.org,+915134228499,Ballia,Andhra Pradesh,India,2026-01-16,GOld,851698,Married,Designer,9608,True
381,Pranit,Saha,Female,62,koshywishi@example.net,+915041659152,Jodhpur,Manipur,India,2025-08-25,Regular,1200917,Single,Business,1412,False
382,Sudiksha,Luthra,Male,47,narayancaleb@example.net,7592304501,Tiruchirappalli,Madhya Pradesh,India,2023-09-27,Premium,1497256,Single,Doctor,207,True
383,Pranav,Khatri,Male,28,bchakraborty@example.org,+916642147649,Secunderabad,Sikkim,India,2022-05-21,Regular,1654186,Married,Teacher,6092,True
384,Jhalak,Vala,Female,64,vrishtisehgal@example.com,04996165926,Tiruchirappalli,Arunachal Pradesh,India,2025-12-07,Premium,323129,Married,Designer,4456,True
385,Harita,Sheth,Female,63,mohammedtandon@example.net,8147617422,Kulti,Mizoram,India,2025-03-16,Premium,2280993,Married,Data Analyst,5900,True
386,Chakrika,Batta,Female,54,bathyochana@example.org,6617945491,Raipur,Telangana,India,2025-07-04,GOld,1742194,Single,Student,1685,True
387,Praneel,Gopal,Male,65,fbath@example.com,4597794523,Vijayawada,Telangana,India,2023-10-10,Premium,384708,Single,Business,753,False
388,Hitesh,Saraf,Female,42,ahluwaliamegha@example.org,+912776974995,Barasat,Assam,India,2022-08-19,GOld,950616,Single,Data Analyst,6870,True
389,Krishna,Atwal,Female,33,isaacbabu@example.net,+910372368314,Siliguri,Meghalaya,India,2025-02-26,Regular,1541905,Married,Doctor,9364,False
390,Anthony,Dada,Male,50,michaelsaxena@example.com,00793349605,Kota,Rajasthan,India,2025-03-29,Premium,952224,Single,Data Analyst,752,False
391,Ojasvi,Tandon,Male,47,balhaar76@example.com,9973080695,Agartala,Rajasthan,India,2025-02-12,Silver,1503160,Married,Doctor,9061,False
392,Urvashi,Dada,Male,41,cpalan@example.net,00243757383,Madanapalle,West Bengal,India,2025-07-21,GOld,1423038,Married,Accountant,3974,False
393,Karan,Memon,Female,55,rsaha@example.net,5729341722,Sangli-Miraj & Kupwad,Punjab,India,2025-10-03,Regular,1019661,Single,Teacher,104,False
394,Harrison,Sagar,Male,32,pmitter@example.org,0054522801,Chinsurah,Bihar,India,2023-07-01,Silver,2867333,Single,Lawyer,23,False
395,Jai,Kapur,Female,24,vkuruvilla@example.com,+918428910771,Phagwara,Punjab,India,2022-06-08,GOld,2422203,Single,Designer,8061,True
396,Benjamin,Tripathi,Male,63,ganeshjacob@example.org,02478712552,Panihati,Manipur,India,2025-02-07,Silver,590182,Single,Business,8515,False
397,Abeer,Korpal,Female,47,som@example.net,+911456532863,Haldia,Maharashtra,India,2025-01-18,Premium,2635928,Single,Data Analyst,2187,False
398,Tara,Varty,Male,55,ayushman72@example.org,8115562606,Saharanpur,Odisha,India,2022-01-22,Premium,2024450,Single,Business,4778,False
399,Zinal,Merchant,Female,69,rratti@example.net,4550489267,Tinsukia,Punjab,India,2025-04-30,Regular,1568398,Married,Manager,4455,True
400,Hemani,Ravel,Male,30,charvichad@example.org,5628843188,Saharsa,Karnataka,India,2022-12-06,GOld,2652443,Single,Teacher,1731,True
401,Arin,Bala,Female,47,wyatt46@example.net,+910548510174,Malda,Karnataka,India,2023-07-30,Silver,1905037,Single,Data Analyst,5870,True
402,Vivaan,Palla,Female,37,bhavani92@example.net,08315893571,Khandwa,Uttarakhand,India,2025-01-27,Regular,1311523,Single,Doctor,2582,False
403,Finn,Chanda,Male,31,sandalkalpit@example.com,+917158698864,Bhusawal,Manipur,India,2025-09-24,Silver,822115,Single,Business,5828,False
404,Omaja,Gaba,Male,61,yashasvidatta@example.com,7288137702,Kochi,Punjab,India,2025-01-16,Silver,1291218,Single,Software Engineer,6625,False
405,Imaran,Dara,Male,24,bimala08@example.org,+915454470229,Nashik,Jharkhand,India,2023-12-24,Regular,627430,Single,Doctor,195,True
406,Tanveer,Goswami,Male,26,hagate@example.net,01067949756,Medininagar,Chhattisgarh,India,2022-09-30,GOld,1880161,Married,Doctor,9540,False
407,Yamini,Sharma,Male,19,jsen@example.net,01996636580,Alwar,Rajasthan,India,2022-04-28,Premium,1029425,Married,Teacher,1506,False
408,Noah,Bakshi,Male,20,jatin81@example.org,8909837801,Surat,Himachal Pradesh,India,2023-04-27,Regular,412389,Single,Accountant,7096,False
409,Yatan,Sawhney,Female,19,wallaekani@example.com,0705626085,Bardhaman,Assam,India,2022-07-18,Regular,1989558,Single,Lawyer,3517,True
410,Hardik,Ganguly,Female,35,maanas24@example.org,+914620952004,Navi Mumbai,Karnataka,India,2022-10-12,Regular,823405,Single,Accountant,4026,False
411,Nitara,Naik,Female,44,keya10@example.org,+919937886140,Madhyamgram,Nagaland,India,2025-01-11,Regular,455764,Single,Student,6275,True
412,Dominic,Sule,Female,30,reddyvivaan@example.org,08913824967,Orai,Gujarat,India,2022-10-12,GOld,2845575,Single,Designer,5883,False
413,Kashvi,Zachariah,Female,40,yatanyogi@example.com,7007942007,Khora ,Himachal Pradesh,India,2024-10-20,Silver,1828989,Married,Teacher,427,False
414,Indali,Kala,Male,19,chakradev28@example.net,+914161284639,Tiruvottiyur,Rajasthan,India,2023-10-17,Silver,445749,Married,Data Analyst,5856,True
415,Sneha,Mahajan,Male,24,ekantaom@example.org,09502097002,Miryalaguda,Tamil Nadu,India,2025-09-23,GOld,2955089,Single,Student,8743,True
416,Maya,Yohannan,Male,54,brahmbhattazaan@example.net,01569562017,Nellore,Manipur,India,2021-08-25,Regular,1688158,Single,Teacher,3875,False
417,Timothy,Bahri,Female,55,ishita31@example.net,4337504793,Thiruvananthapuram,Uttarakhand,India,2024-12-08,Premium,1675061,Single,Accountant,3084,False
418,Indrajit,Mall,Female,29,jgarde@example.org,9992192124,Nagaon,Telangana,India,2023-11-26,Regular,359231,Single,Software Engineer,3811,True
419,Rehaan,Bajaj,Male,51,sudiksha06@example.net,0566418775,Rajahmundry,Arunachal Pradesh,India,2023-12-07,Regular,202866,Married,Accountant,3300,True
420,Osha,Walia,Female,63,amutti@example.com,+915190361332,Bijapur,Assam,India,2022-05-23,GOld,1557229,Single,Software Engineer,2420,True
421,Ayaan,Srinivasan,Male,51,lbajwa@example.net,04317350583,Ghaziabad,Punjab,India,2025-04-19,Silver,504219,Married,Designer,9601,True
422,Girish,Sekhon,Female,37,chadadarsh@example.org,05120704961,Pimpri-Chinchwad,Nagaland,India,2022-01-05,Silver,772319,Single,Designer,7982,False
423,Chaitaly,Raj,Male,63,nchar@example.com,+919907676991,Indore,Manipur,India,2025-12-19,Silver,1136324,Single,Designer,5026,False
424,Falguni,Hans,Male,29,chauhanadvik@example.net,1939284567,Gaya,Haryana,India,2022-09-27,Premium,2602643,Married,Accountant,530,True
425,Chaitanya,Bhasin,Female,69,devikasarin@example.net,5498227495,Arrah,Andhra Pradesh,India,2025-12-21,GOld,2882873,Single,Manager,2304,False
426,Maanav,Bhandari,Male,33,yashicabhagat@example.com,03331537795,Tadepalligudem,Jharkhand,India,2025-02-16,Silver,1540158,Single,Doctor,5500,False
427,Falguni,Gaba,Male,34,shabrijesh@example.com,+910337933756,Silchar,Goa,India,2021-08-16,GOld,1246650,Single,Lawyer,4205,True
428,Janani,Anne,Male,21,parmarayushman@example.net,+912473950033,Akola,Haryana,India,2023-10-19,Regular,2038028,Married,Teacher,6783,False
429,Owen,Nori,Female,40,pranavhayre@example.org,+914102615347,Uluberia,Uttar Pradesh,India,2024-09-25,Regular,625422,Married,Accountant,3695,True
430,Onveer,Vyas,Female,22,hbhattacharyya@example.org,+913386559630,Jorhat,Jharkhand,India,2022-10-31,Premium,1436936,Single,Lawyer,4278,True
431,Falak,Kota,Male,39,mammenjonathan@example.net,7317912868,Panchkula,Mizoram,India,2025-07-08,GOld,1774784,Single,Doctor,8962,True
432,Praneel,Nagy,Female,56,vasudha77@example.com,6903337363,Khandwa,Madhya Pradesh,India,2026-06-06,Regular,329994,Married,Teacher,9950,False
433,Naksh,Prasad,Male,21,frado21@example.com,08539078956,Bhind,Maharashtra,India,2025-01-17,Premium,1588711,Single,Business,6705,False
434,Jhalak,Tank,Female,37,anjali60@example.org,03415148881,Ambattur,Bihar,India,2022-07-30,GOld,602300,Single,Designer,9367,False
435,Ekbal,Parsa,Male,21,iyergauri@example.org,5444392840,Ichalkaranji,Uttarakhand,India,2024-07-07,Silver,216003,Married,Doctor,4825,False
436,Netra,Ravi,Male,24,sodhiyauvani@example.org,03337389877,Guwahati,Karnataka,India,2023-03-02,Premium,1068023,Single,Student,1342,False
437,Pushti,Sahni,Male,37,revasengupta@example.net,+915292407553,Khandwa,Sikkim,India,2024-12-31,Regular,2175284,Married,Student,1493,False
438,Chandani,Nanda,Male,41,balayliam@example.org,09999663618,Maheshtala,Meghalaya,India,2022-06-29,Regular,1749382,Single,Manager,731,False
439,Falguni,Seth,Female,47,girik21@example.net,2097023164,Muzaffarpur,Jharkhand,India,2026-01-11,Silver,1148928,Married,Accountant,1009,True
440,Ekaraj,Sha,Male,23,pillayzarna@example.org,+915662128671,Tiruppur,Chhattisgarh,India,2023-04-27,Silver,2471001,Married,Accountant,3727,True
441,Dayita,Sankaran,Female,70,mdutt@example.net,09387430271,Mahbubnagar,Uttar Pradesh,India,2023-09-01,Regular,2446110,Married,Accountant,3860,False
442,Falguni,Swaminathan,Female,23,kshere@example.org,1475469263,Tadipatri,Telangana,India,2025-03-30,Regular,345661,Single,Doctor,7357,True
443,Tanvi,Rajagopalan,Male,31,girishramaswamy@example.net,+913248413768,Arrah,Assam,India,2022-06-18,GOld,729262,Single,Designer,1283,False
444,Yamini,Nanda,Male,70,kseshadri@example.com,+918070176563,Agra,Andhra Pradesh,India,2023-09-13,GOld,2695810,Married,Lawyer,1097,True
445,Ishwar,Deshpande,Female,53,ucchal77@example.org,+918372742209,Belgaum,Jharkhand,India,2022-08-16,Regular,2515483,Married,Student,8514,False
446,Mahika,Ganguly,Male,68,apteanjali@example.org,05230837081,Aizawl,Manipur,India,2022-01-05,Regular,671938,Married,Teacher,2428,True
447,Aayush,Bava,Male,54,pjaggi@example.com,+913106005313,Rourkela,Telangana,India,2022-12-27,Premium,1399960,Married,Designer,4327,False
448,Chaitanya,Sagar,Female,54,narainekantika@example.net,3938661331,North Dumdum,Goa,India,2021-09-11,Regular,357142,Single,Student,6602,True
449,Neelima,Mutti,Female,20,ramachandransimon@example.com,+911495013649,Kota,Tamil Nadu,India,2026-02-16,Regular,1590386,Single,Software Engineer,7785,False
450,Onveer,Krishnamurthy,Female,19,nairlipika@example.net,2525715099,Eluru,Mizoram,India,2023-07-19,Silver,1471104,Married,Student,8054,True
451,Yahvi,Arya,Male,26,anshdash@example.com,+916391025743,Gandhinagar,Gujarat,India,2021-11-21,Silver,2058540,Married,Student,6828,True
452,Wazir,Sawhney,Male,46,krish45@example.net,+918640355338,Kulti,Uttar Pradesh,India,2023-06-18,GOld,1907796,Married,Data Analyst,6126,True
453,Lakshmi,Verma,Male,22,qadim70@example.org,01302321298,Noida,Mizoram,India,2022-03-26,Silver,2325653,Married,Teacher,8589,True
454,Pooja,Sibal,Male,30,nitesh33@example.com,+919344973471,Sikar,Madhya Pradesh,India,2022-12-30,GOld,441707,Single,Software Engineer,7478,True
455,Urishilla,Sastry,Female,63,ntiwari@example.net,02706614982,Bardhaman,Madhya Pradesh,India,2025-07-06,GOld,1349144,Married,Manager,8275,False
456,Damini,Setty,Male,61,keya89@example.com,+915273230085,Machilipatnam,Maharashtra,India,2024-12-04,Premium,1214761,Married,Manager,9732,False
457,Kashvi,Rajagopalan,Male,48,pmorar@example.net,+916016923645,Arrah,Tamil Nadu,India,2022-01-22,Silver,1643884,Single,Student,1480,False
458,Lekha,Samra,Male,42,xaviersridhar@example.org,00249724399,Ahmedabad,Bihar,India,2022-05-09,Premium,883283,Single,Business,3688,True
459,Leena,Rao,Female,59,vasaranbir@example.com,+916448869461,Chapra,Tripura,India,2024-06-30,Regular,2352857,Single,Software Engineer,7767,True
460,Luke,Luthra,Male,56,mitalimorar@example.org,+917011686462,Dindigul,Goa,India,2022-09-17,Premium,1138559,Married,Accountant,5004,False
461,Rudra,Sur,Female,42,yadavichoudhary@example.com,3230234679,Rourkela,Assam,India,2024-01-23,Silver,2125177,Married,Business,7646,False
462,Frederick,Purohit,Female,55,malhotradevansh@example.com,+919377100409,Jalandhar,Gujarat,India,2026-01-04,Premium,230817,Married,Data Analyst,9728,False
463,Abhimanyu,Prashad,Female,61,vedika75@example.net,05555356690,Bathinda,Uttar Pradesh,India,2022-06-03,Premium,2220557,Single,Lawyer,4529,False
464,Aarush,Shan,Female,34,bdewan@example.net,+918435797863,Pondicherry,Andhra Pradesh,India,2024-08-19,Silver,990039,Single,Data Analyst,3937,True
465,Chakradev,Nanda,Female,60,mkaur@example.com,09156716493,Saharsa,Odisha,India,2025-11-10,Silver,786906,Single,Manager,4843,False
466,Azad,Datta,Female,43,tchahal@example.net,7271783332,Aligarh,Maharashtra,India,2021-10-25,Regular,348138,Single,Lawyer,3643,False
467,Naveen,Narain,Female,50,omand@example.net,07128715399,Tiruvottiyur,Madhya Pradesh,India,2024-10-24,Silver,912975,Single,Student,1599,False
468,Rajeshri,Kaul,Male,65,aashidalia@example.com,+911159319525,Gangtok,Telangana,India,2021-08-01,Silver,2544748,Single,Lawyer,1463,True
469,Deepa,Bhatia,Female,32,lipikasampath@example.com,02899316087,Ulhasnagar,Uttarakhand,India,2024-02-04,Silver,1963589,Married,Lawyer,4269,False
470,Theodore,Tata,Female,25,mdin@example.com,+910954814973,Jalna,Tamil Nadu,India,2024-10-09,Regular,425137,Single,Manager,3187,True
471,Daniel,Nath,Female,51,shivanshkar@example.net,0276420865,Bhalswa Jahangir Pur,Kerala,India,2024-11-23,Silver,1932697,Single,Teacher,2250,True
472,Mahika,Bora,Female,44,barkha38@example.com,+912590472927,Jalna,Chhattisgarh,India,2023-05-09,Regular,800725,Married,Teacher,1324,False
473,Tejas,Hayre,Female,58,pathakharsh@example.net,+916620157201,Guntakal,Maharashtra,India,2022-10-31,GOld,1514553,Single,Software Engineer,7406,False
474,Netra,Konda,Male,66,daniwridesh@example.com,04926176475,Jamshedpur,Bihar,India,2022-04-09,GOld,2617088,Single,Manager,1442,True
475,Jairaj,Suresh,Female,58,arinsrinivasan@example.com,1926764921,Rajkot,Tamil Nadu,India,2026-02-20,Regular,1891954,Married,Manager,6280,True
476,Qasim,Ravi,Male,52,rameshvrinda@example.org,9813129208,Satara,Bihar,India,2021-11-25,GOld,1764900,Single,Lawyer,8700,True
477,Kabir,Jhaveri,Male,61,gagankunda@example.org,+911845826034,Kadapa,Uttar Pradesh,India,2024-01-24,Premium,2828515,Single,Business,5641,False
478,Sai,Dey,Male,24,hmunshi@example.com,8831030324,Guntur,Punjab,India,2026-04-07,Regular,2311146,Married,Teacher,1069,True
479,Tarak,Parmer,Female,36,kabir96@example.org,4462671462,Madurai,Rajasthan,India,2023-11-10,Regular,2382247,Married,Designer,2192,False
480,Reyansh,Pradhan,Female,40,onidube@example.com,06093141818,Amritsar,Karnataka,India,2022-04-29,GOld,891571,Married,Software Engineer,3742,True
481,Janani,Nath,Male,31,madhav34@example.org,+916361128497,Dehri,Kerala,India,2026-06-08,Premium,2673351,Single,Doctor,6006,True
482,Baghyawati,Madan,Female,58,bavaonkar@example.com,02588967924,Anand,Tamil Nadu,India,2022-11-22,Silver,2442834,Single,Accountant,785,True
483,Jonathan,Dhar,Male,21,dloke@example.net,5396727578,Bally,Maharashtra,India,2025-12-30,Premium,1948083,Married,Designer,2024,False
484,Veer,Mody,Female,62,modyniharika@example.com,+911131290148,Hyderabad,Maharashtra,India,2025-11-23,GOld,1061908,Single,Student,6895,True
485,Laban,Srinivasan,Female,57,rvarma@example.net,1609306853,Medininagar,Manipur,India,2023-01-01,GOld,1956682,Single,Data Analyst,1928,False
486,Umang,Gill,Male,68,perikiaan@example.net,00676251538,Ramagundam,Jharkhand,India,2025-09-05,Premium,2287668,Single,Accountant,3272,False
487,Chaaya,Lanka,Male,40,aarnavramesh@example.org,08079705097,Bihar Sharif,Kerala,India,2022-06-24,Regular,1438792,Single,Software Engineer,8980,False
488,Abdul,Palla,Male,62,neelimapant@example.org,+916731882617,Bhatpara,Tripura,India,2023-09-12,Regular,1586652,Single,Software Engineer,208,True
489,Upkaar,Singhal,Male,54,tprasad@example.com,02841772256,Secunderabad,West Bengal,India,2023-04-04,Regular,825557,Single,Data Analyst,1229,True
490,Indrajit,Gupta,Female,59,banjeet26@example.com,5023741678,Warangal,Karnataka,India,2024-12-20,GOld,2115753,Married,Student,7606,True
491,Yachana,Ramachandran,Male,70,imaranchokshi@example.org,+912580305690,Nangloi Jat,Jharkhand,India,2023-12-20,GOld,365442,Married,Lawyer,5123,False
492,Vedika,Butala,Male,24,nkota@example.org,8234143637,Ambala,Punjab,India,2023-02-09,Premium,240568,Single,Teacher,5384,False
493,Ranbir,Dixit,Female,57,jaideo@example.com,+914326093106,Loni,Jharkhand,India,2023-07-16,Silver,589866,Married,Lawyer,2996,True
494,Tristan,Nayar,Female,43,dsrinivas@example.net,00414545635,South Dumdum,Arunachal Pradesh,India,2021-07-28,Regular,1340150,Married,Manager,6909,True
495,Charles,Nagy,Male,26,bhavikasodhi@example.com,1624755411,Suryapet,Tripura,India,2022-09-04,Premium,868552,Single,Designer,9678,False
496,Garima,Patel,Female,29,kamya34@example.org,6112910933,Navi Mumbai,Assam,India,2026-03-21,Regular,1704072,Single,Teacher,7914,False
497,Hemal,Mitra,Male,44,ijaggi@example.net,+910236848557,Junagadh,Assam,India,2025-09-04,Regular,392821,Single,Student,5148,True
498,Oni,Viswanathan,Male,60,ganesananusha@example.net,+914090367881,Bahraich,Tripura,India,2025-11-25,Silver,2377261,Single,Designer,4072,False
499,Leena,Ramakrishnan,Female,60,nmagar@example.org,+912939087884,Muzaffarnagar,Jharkhand,India,2023-11-08,Regular,823501,Single,Software Engineer,2571,False
500,Jagat,Garg,Female,28,chakradevwalla@example.org,00242403381,Sri Ganganagar,Rajasthan,India,2024-09-15,Premium,2262121,Married,Business,5421,False
501,Ekta,Chacko,Male,50,kiaan69@example.com,00053424089,Eluru,Rajasthan,India,2023-10-04,GOld,2508945,Married,Designer,3850,True
502,Samuel,Sathe,Female,46,ektaluthra@example.org,6273652717,Jaunpur,Goa,India,2023-01-25,Regular,569182,Married,Manager,5178,True
503,Ranbir,Swaminathan,Female,65,baghyawatibail@example.com,+912693121637,Salem,Telangana,India,2026-01-18,Premium,630517,Married,Designer,587,True
504,Laksh,Arora,Male,68,purohitleena@example.org,+910023142900,Hosur,Telangana,India,2024-06-12,Silver,2332123,Single,Manager,5584,False
505,Frederick,Jain,Male,70,varshasawhney@example.org,05723084810,Kota,Nagaland,India,2024-02-03,GOld,2106143,Married,Data Analyst,9829,False
506,Harshil,Vaidya,Female,63,adhar@example.org,+913662543617,Bhubaneswar,Haryana,India,2022-06-08,Regular,678248,Single,Business,35,False
507,Baghyawati,Parikh,Female,58,nathjagat@example.com,+910922685926,Barasat,Punjab,India,2024-01-04,Silver,2497180,Married,Doctor,750,True
508,Ijaya,Chawla,Female,26,xalak54@example.net,+910225267711,Alwar,Chhattisgarh,India,2022-05-04,Regular,648629,Married,Accountant,3209,True
509,Ekantika,Datta,Male,43,lekhapandit@example.com,06769523668,Siwan,Nagaland,India,2025-10-04,GOld,2116989,Single,Lawyer,1765,False
510,Victor,Rajagopalan,Male,58,samatheodore@example.net,+913503058721,Karnal,Kerala,India,2022-10-02,Premium,2089553,Married,Accountant,8260,True
511,Chaitaly,Sharma,Female,18,oviyakibe@example.org,+910212606501,Morena,Uttarakhand,India,2022-11-30,Premium,2520399,Married,Accountant,7912,True
512,Ayushman,Din,Male,64,lohit13@example.org,+919622728476,Raiganj,Uttar Pradesh,India,2021-09-06,GOld,634336,Married,Accountant,9931,False
513,Bhavini,Choudhry,Female,44,darpanbalay@example.net,+918206678498,Ambattur,Maharashtra,India,2022-11-26,GOld,1347544,Married,Lawyer,4819,False
514,Anita,Chanda,Male,26,vdass@example.org,09036289177,Machilipatnam,Uttarakhand,India,2024-10-21,Regular,2727170,Married,Data Analyst,5143,True
515,Nitesh,Bhagat,Male,31,panini34@example.org,+911595034281,Rajpur Sonarpur,Punjab,India,2021-08-30,Silver,1648266,Single,Teacher,8255,False
516,Dayamai,Guha,Male,66,bachittarkhosla@example.com,+919909700514,Raurkela Industrial Township,Tripura,India,2023-12-21,Silver,2558374,Married,Accountant,9349,False
517,Mitali,Tella,Female,45,divyaraman@example.net,02156818209,Morena,Odisha,India,2021-11-20,Premium,2392488,Single,Software Engineer,6240,True
518,Bina,Edwin,Male,60,ubikabrar@example.net,+913322889857,Sonipat,Jharkhand,India,2024-08-19,Premium,1038451,Married,Teacher,4695,False
519,Raagini,Baral,Male,21,nkhare@example.net,1297102481,Bareilly,Manipur,India,2024-03-27,Silver,1055641,Single,Lawyer,7415,True
520,Omkaar,Merchant,Male,65,ekanshmammen@example.net,05112747472,Jehanabad,Meghalaya,India,2021-11-27,Regular,1196547,Married,Software Engineer,6251,False
521,Januja,Mangat,Female,68,nrege@example.net,+917589551687,Kalyan-Dombivli,Punjab,India,2022-01-20,Silver,2515778,Single,Software Engineer,4117,True
522,Yash,Anand,Female,32,henrymannan@example.com,+919613671577,Moradabad,Assam,India,2023-02-07,Silver,2667866,Single,Business,4819,False
523,Hritik,Ranganathan,Male,61,ziyengar@example.com,+915597371470,Nandyal,Chhattisgarh,India,2023-05-21,Premium,984236,Single,Data Analyst,1955,False
524,Ekaja,Balay,Male,45,zbhatia@example.com,07303064421,Coimbatore,Himachal Pradesh,India,2025-01-05,Silver,2534543,Married,Teacher,2636,False
525,Finn,Misra,Male,39,hsaini@example.org,4201654235,Ongole,Meghalaya,India,2026-02-14,Regular,849302,Single,Teacher,5285,True
526,Naveen,Sarkar,Female,49,lopa08@example.net,+911992550272,Ratlam,Bihar,India,2025-01-09,Silver,505684,Married,Data Analyst,3603,True
527,Adya,Verma,Male,68,seshadrijeremiah@example.net,09103368296,Karnal,Gujarat,India,2023-03-12,GOld,1944542,Married,Doctor,5724,True
528,Akshay,Prabhakar,Male,60,amol44@example.net,+917766558685,Belgaum,Manipur,India,2025-03-18,Silver,1588593,Married,Student,3579,False
529,Kashvi,Goel,Male,25,rajataraj@example.com,6491111096,Mehsana,Telangana,India,2026-03-15,Silver,2069263,Single,Accountant,3994,True
530,Harish,Sawhney,Female,42,mannosha@example.org,+917861371576,Chennai,Kerala,India,2023-06-22,Premium,1818480,Married,Data Analyst,4633,True
531,Yashica,Mander,Female,50,aishani46@example.net,+910600025895,Tirunelveli,Odisha,India,2025-03-24,Regular,2241806,Single,Student,3154,False
532,Wyatt,Raman,Male,24,mayabehl@example.net,02626582631,Dibrugarh,Bihar,India,2026-06-23,GOld,2456429,Single,Doctor,3453,True
533,Manya,Lad,Female,24,ekantikajani@example.org,+910609209819,Nagpur,Telangana,India,2022-09-05,GOld,2455504,Married,Doctor,2519,True
534,Sudiksha,Parmar,Female,63,wriddhishkapadia@example.com,+918364041209,Bhubaneswar,Manipur,India,2022-08-12,Silver,358906,Single,Doctor,889,True
535,Hredhaan,Dhar,Female,53,adweta21@example.org,05361706171,Gurgaon,Madhya Pradesh,India,2024-03-27,Premium,2611566,Single,Student,6678,False
536,Shravya,Dyal,Female,58,chanchalanne@example.org,9901557998,Kozhikode,Mizoram,India,2023-09-25,Regular,2016238,Married,Software Engineer,6381,True
537,Jairaj,Hans,Male,59,wasonarin@example.net,2351305231,Agartala,Himachal Pradesh,India,2025-08-31,Premium,2656218,Single,Doctor,5860,True
538,Ryan,Chanda,Female,68,chaitaly77@example.com,6342346199,Dehradun,Uttar Pradesh,India,2023-04-27,Silver,2744121,Single,Student,7170,False
539,Vinaya,Sant,Female,70,msampath@example.net,05919663955,Hospet,Goa,India,2021-11-08,Premium,2188048,Single,Data Analyst,3602,True
540,Yasti,Kulkarni,Female,68,mmemon@example.net,5601256253,Thrissur,Sikkim,India,2024-09-23,Silver,2859380,Single,Student,6113,True
541,Kamya,Dhillon,Male,25,jason05@example.net,+915379538164,Hajipur,Gujarat,India,2022-06-11,Premium,221096,Married,Data Analyst,8970,True
542,Arunima,Borde,Female,31,usaran@example.com,+913077046117,Ghaziabad,Karnataka,India,2024-10-28,Silver,1088089,Married,Data Analyst,2333,True
543,Warjas,Bail,Male,32,andrew90@example.com,02608805017,Vijayanagaram,Telangana,India,2024-02-17,Silver,1015063,Single,Teacher,9294,True
544,Anvi,Nadig,Female,59,mugdha18@example.com,09064771591,Rajahmundry,Arunachal Pradesh,India,2021-08-28,Premium,1419085,Single,Student,1608,True
545,Liam,Cheema,Female,39,rajata32@example.org,+915800401041,Ozhukarai,Tamil Nadu,India,2024-10-18,Silver,737773,Single,Doctor,4671,True
546,Anamika,Garde,Male,38,trivenidar@example.org,02967188397,Parbhani,Karnataka,India,2025-09-03,Regular,2090146,Married,Accountant,5008,True
547,Upkaar,Chanda,Female,69,chaman15@example.net,+913117030376,Morbi,Bihar,India,2024-06-18,Silver,1996451,Single,Software Engineer,5131,True
548,Sathvik,Wable,Male,63,devika72@example.net,+912356798363,Alwar,Maharashtra,India,2022-12-19,Regular,1360479,Married,Teacher,5432,False
549,Damyanti,Chaudry,Female,46,triyachhabra@example.net,+913072407875,Kochi,Nagaland,India,2022-04-14,Silver,1481241,Married,Data Analyst,1783,True
550,Irya,Sankar,Male,35,matthewranganathan@example.net,08507451066,Durg,Gujarat,India,2024-12-29,GOld,2459127,Single,Student,1252,True
551,Patrick,Majumdar,Male,50,bvenkataraman@example.org,0313100943,Katihar,Bihar,India,2023-11-29,Premium,2640625,Married,Accountant,3485,True
552,Upkaar,Ravel,Female,52,gramaswamy@example.org,4732354940,Udaipur,Mizoram,India,2025-08-16,Regular,2942689,Single,Lawyer,6430,True
553,Dalaja,Khare,Female,26,divyaboase@example.org,+915720765024,Tirunelveli,Sikkim,India,2021-08-26,Regular,2301862,Single,Designer,5961,True
554,Indira,Som,Male,69,sureshyug@example.com,+910094388221,Avadi,Uttar Pradesh,India,2024-06-03,GOld,2356445,Single,Manager,2608,True
555,Sneha,Swaminathan,Male,65,aarini74@example.com,00545897148,Siliguri,Maharashtra,India,2023-06-11,Regular,1704897,Single,Business,7989,True
556,Lucky,Parikh,Male,34,pbalasubramanian@example.net,6531361487,Bilaspur,Sikkim,India,2024-07-14,Silver,1181545,Single,Business,8485,False
557,Garima,Raman,Female,48,tmajumdar@example.org,+919859167954,Bangalore,Meghalaya,India,2022-10-27,Regular,394772,Single,Lawyer,1691,False
558,Unnati,Doctor,Female,55,nicholas47@example.com,+914070349107,Kolkata,Maharashtra,India,2024-07-25,GOld,1779824,Married,Lawyer,9628,True
559,Aadi,Bedi,Female,42,lakshit54@example.net,8214236914,Patna,Meghalaya,India,2024-08-01,GOld,2365820,Married,Lawyer,5653,False
560,Yuvraj,Raju,Female,56,grastogi@example.com,09429659234,Erode,Nagaland,India,2023-04-07,Premium,2304856,Single,Manager,2713,True
561,Charvi,Mody,Male,50,mishratriya@example.net,+916612875857,Purnia,Manipur,India,2025-02-22,Silver,1087167,Single,Teacher,2578,False
562,Nirja,Shenoy,Male,60,balaoviya@example.org,+919439852989,Meerut,Tripura,India,2024-11-27,GOld,1939015,Married,Doctor,7889,False
563,Jeremiah,Rau,Female,31,sherezarna@example.com,+911041591497,Ghaziabad,Bihar,India,2026-07-17,GOld,2914801,Married,Software Engineer,3992,True
564,Yasti,Bera,Male,54,zaitradhawan@example.net,7232440793,Jabalpur,Andhra Pradesh,India,2022-11-14,GOld,765073,Single,Accountant,2406,True
565,Jai,Venkatesh,Male,34,kotasamarth@example.org,00876014672,Bongaigaon,Himachal Pradesh,India,2025-04-21,GOld,2366948,Married,Accountant,9234,True
566,Jatin,Sankaran,Female,23,anthonygoyal@example.org,3288377441,Arrah,Sikkim,India,2023-11-28,GOld,2084095,Married,Manager,2794,True
567,Mahika,Raju,Female,56,shettyomaja@example.com,+910471960940,Kalyan-Dombivli,Kerala,India,2022-10-02,GOld,2643795,Single,Accountant,8369,False
568,Upadhriti,Shanker,Male,64,aditya25@example.net,3586812259,Jaunpur,Tamil Nadu,India,2022-10-05,Silver,2101991,Single,Business,6196,False
569,Arya,Mitter,Male,24,pbir@example.com,07929884259,Bhimavaram,Punjab,India,2025-01-01,Premium,1048711,Married,Teacher,9920,True
570,Ekansh,Bath,Male,48,duttvincent@example.org,1775331266,Ghaziabad,Punjab,India,2023-09-13,Premium,2428978,Single,Doctor,7901,True
571,Ishwar,Barad,Male,67,sathekavya@example.net,0251762983,Nizamabad,Meghalaya,India,2025-04-16,Regular,2389612,Married,Lawyer,711,False
572,Bhavika,Kar,Male,69,neelsaraf@example.net,+911901302056,Mau,Goa,India,2026-01-22,Regular,1799021,Married,Accountant,9439,True
573,Watika,Gupta,Female,26,urvitella@example.com,09821766191,Hazaribagh,Jharkhand,India,2022-06-05,Silver,2201275,Single,Doctor,4641,False
574,Jacob,Tara,Female,30,charanzachariah@example.com,+913446512418,Kadapa,Punjab,India,2025-10-27,Premium,229838,Single,Data Analyst,117,False
575,Devika,Rastogi,Male,62,choudhryurishilla@example.com,0056435023,Ghaziabad,Haryana,India,2025-10-07,Silver,1914820,Married,Doctor,2535,False
576,Elijah,Banik,Female,34,ekavir69@example.net,1872401078,Etawah,Maharashtra,India,2025-08-18,Regular,2568398,Married,Accountant,4514,False
577,Chavvi,Kari,Male,44,bhaktaatharv@example.org,9608706626,Jamalpur,Chhattisgarh,India,2022-07-21,Regular,949604,Married,Data Analyst,9091,False
578,Raksha,Dalal,Female,37,indira35@example.com,+913319036890,Kulti,Uttarakhand,India,2022-01-19,Silver,1869877,Single,Doctor,3764,False
579,Faraj,Bhandari,Male,24,revagole@example.com,+915593429671,Solapur,Himachal Pradesh,India,2026-03-12,GOld,2332147,Married,Lawyer,9020,True
580,Samesh,Talwar,Male,42,thomas74@example.com,4384588105,Shivpuri,Himachal Pradesh,India,2022-03-27,Premium,582053,Single,Manager,9834,False
581,Samar,Devan,Male,22,dalajakade@example.org,02037710704,Giridih,Madhya Pradesh,India,2024-02-15,Silver,1130171,Married,Doctor,9978,True
582,Frado,Bhasin,Female,43,leena70@example.com,07033626804,Hosur,Tripura,India,2024-07-11,Silver,2705981,Single,Teacher,8099,False
583,Atharv,Nayar,Male,30,tarak05@example.net,6601864876,Ujjain,Madhya Pradesh,India,2025-07-17,Silver,1016826,Single,Accountant,8364,True
584,Wazir,Deo,Male,61,mandanusha@example.org,+918459609454,Narasaraopet,Andhra Pradesh,India,2022-08-17,Premium,1708858,Single,Software Engineer,2579,True
585,Damyanti,Nagi,Female,67,praneel77@example.org,00705783609,Bally,Punjab,India,2026-04-05,Regular,1681124,Married,Designer,9602,True
586,Dipta,Bhatt,Male,65,qgole@example.com,07232290310,Guna,West Bengal,India,2025-04-24,Premium,578183,Married,Data Analyst,9550,False
587,Edhitha,Barman,Female,70,darshlad@example.com,+915809351187,Sasaram,Assam,India,2023-08-02,Silver,1149152,Single,Manager,6618,True
588,Samar,Nanda,Female,29,ojasvi16@example.com,+910595565749,Nanded,Kerala,India,2021-12-12,Regular,2323316,Single,Data Analyst,1185,False
589,Bina,Doctor,Female,25,cheriansiddharth@example.com,8953690261,Rajahmundry,Odisha,India,2025-11-07,Silver,2456130,Married,Manager,6178,False
590,Omya,Yohannan,Male,66,wablecharan@example.net,08875439435,Mirzapur,Haryana,India,2025-06-12,Silver,2124549,Married,Accountant,448,False
591,Divya,D’Alia,Male,34,sairout@example.com,+915881579376,Jehanabad,Uttarakhand,India,2022-08-20,Premium,1805047,Single,Business,5172,False
592,Yash,Reddy,Female,51,abhamangat@example.com,01166829732,Kanpur,Goa,India,2022-08-06,Premium,1304568,Single,Student,1523,False
593,Omya,Lall,Female,22,ichaudhuri@example.org,00212886652,Proddatur,Haryana,India,2024-01-24,GOld,2198818,Married,Lawyer,3580,False
594,Jagat,Nayar,Male,65,hritik01@example.net,07676472298,Saharanpur,Andhra Pradesh,India,2024-09-18,GOld,2292954,Single,Business,3965,False
595,Sudiksha,Raghavan,Male,32,reva28@example.net,4134750988,Baranagar,Karnataka,India,2024-11-01,GOld,1247298,Married,Teacher,1747,True
596,Eiravati,Gokhale,Male,61,benjaminkade@example.com,4995154214,Morbi,Manipur,India,2023-06-21,Regular,2774576,Single,Data Analyst,692,False
597,Omkaar,Mani,Female,57,hitesh34@example.org,+913882090883,Unnao,Uttarakhand,India,2021-10-15,Silver,2265025,Married,Manager,2996,False
598,Kala,Jani,Female,32,pooja78@example.org,04117674124,Raichur,Uttar Pradesh,India,2022-03-29,GOld,427113,Married,Manager,8859,True
599,Tristan,Borde,Female,43,naksh85@example.com,08150618538,Bangalore,Haryana,India,2022-09-25,GOld,2117619,Single,Data Analyst,7537,False
600,Krisha,Kannan,Male,18,alkasinghal@example.org,02742318306,Pallavaram,Nagaland,India,2023-05-05,GOld,1791436,Single,Lawyer,5924,False
601,Pranav,Barad,Male,53,nlall@example.com,9357824347,Katni,Punjab,India,2024-08-09,Silver,1194633,Married,Manager,5621,False
602,Vasana,Merchant,Male,49,kandaisaiah@example.com,07536127515,Warangal,Tripura,India,2025-09-06,Regular,1083037,Married,Lawyer,5981,False
603,Vrinda,Sabharwal,Female,46,ayushmannan@example.com,3608545667,Silchar,Himachal Pradesh,India,2022-01-12,GOld,2596666,Single,Accountant,3744,True
604,Amrita,Sunder,Female,69,harinakshibath@example.com,06392831995,Mahbubnagar,Nagaland,India,2021-09-26,GOld,2529264,Married,Designer,3212,True
605,Ansh,Raghavan,Male,48,nathira@example.net,+910835832863,Nanded,Kerala,India,2024-05-21,Premium,940744,Married,Manager,2203,False
606,Odika,Kale,Female,37,agastyabanik@example.org,1867024403,Visakhapatnam,Himachal Pradesh,India,2022-08-15,Silver,2557779,Single,Designer,1621,True
607,Krishna,Rattan,Male,31,anamikachad@example.org,+918600892196,Medininagar,West Bengal,India,2024-03-22,Silver,2198751,Single,Manager,5483,False
608,Ekiya,Sandal,Female,41,mittalanusha@example.com,+911497646136,Karawal Nagar,Jharkhand,India,2026-02-07,Silver,1643428,Single,Designer,1986,False
609,Yashawini,Konda,Male,54,fbadal@example.net,05817390637,Morena,Odisha,India,2022-06-30,GOld,1393735,Married,Lawyer,8363,False
610,Deepa,Natarajan,Female,23,fiyazchandran@example.net,+913793126978,Allahabad,Tripura,India,2025-10-06,Regular,2773892,Married,Manager,2373,True
611,Zayyan,Sabharwal,Female,44,geetika20@example.com,9960438787,Noida,Karnataka,India,2025-06-29,Regular,499238,Single,Teacher,5629,True
612,Vasudha,Varkey,Female,38,cheemapavani@example.net,+916202812371,Khandwa,Meghalaya,India,2023-01-08,Silver,1321860,Married,Student,7289,False
613,Vidhi,Dey,Female,44,arastogi@example.com,+916448595922,Nagaon,Sikkim,India,2023-04-23,GOld,971274,Single,Teacher,3844,False
614,Kamya,Venkataraman,Male,31,urmi73@example.com,2287056227,Kolkata,Jharkhand,India,2023-03-02,GOld,1865329,Single,Doctor,1045,False
615,Ryan,Chandra,Male,19,gnarayanan@example.org,7921583503,Anantapuram,Uttarakhand,India,2025-03-12,Regular,2397743,Single,Doctor,4300,True
616,Damini,Pillai,Male,59,jkumar@example.net,3192134249,Cuttack,Uttar Pradesh,India,2026-01-04,Regular,1497594,Single,Business,4655,False
617,Leela,Narayanan,Male,26,urvashi32@example.org,+913192227051,Durgapur,Mizoram,India,2025-04-23,GOld,319836,Single,Lawyer,5328,False
618,Pavani,Sodhi,Female,52,chasmum81@example.org,6667548581,Rourkela,Rajasthan,India,2023-12-06,Silver,2500765,Married,Teacher,8835,True
619,Luke,Sarkar,Female,58,ssuri@example.com,1865205756,Tadepalligudem,Nagaland,India,2023-03-12,Regular,2395549,Married,Lawyer,7891,True
620,Lavanya,Prasad,Male,46,advaithhayre@example.com,08309451548,Medininagar,Himachal Pradesh,India,2021-11-08,Silver,1734206,Married,Student,2551,False
621,Anvi,Srinivas,Male,18,sbassi@example.net,04090797727,Agra,Kerala,India,2021-10-24,GOld,1642357,Married,Manager,8767,True
622,Michael,Goel,Female,66,fitansaini@example.org,+917051843905,Gulbarga,Odisha,India,2024-09-06,Regular,1456657,Single,Designer,4799,True
623,Zaitra,Atwal,Male,53,qsaha@example.net,+911382412704,Dibrugarh,Maharashtra,India,2023-01-15,Silver,990924,Married,Data Analyst,7161,False
624,Aarush,Mukhopadhyay,Male,28,indali15@example.com,1971112125,Gulbarga,Uttar Pradesh,India,2021-08-28,Regular,1786948,Single,Student,1297,False
625,Teerth,Prasad,Male,51,ubumb@example.org,03240642429,Haridwar,Haryana,India,2023-03-03,Silver,1394021,Married,Designer,3080,True
626,Anjali,Iyengar,Male,26,chakrikalad@example.net,04175955872,Bhimavaram,Madhya Pradesh,India,2022-11-22,Silver,662868,Married,Accountant,7418,False
627,Shivansh,Saraf,Female,30,bhavya35@example.net,8418343740,Hazaribagh,Sikkim,India,2023-02-26,Silver,281350,Single,Software Engineer,8764,True
628,Vaishnavi,Dey,Male,24,xnaidu@example.net,09051502675,Salem,Goa,India,2024-08-12,Silver,1329086,Single,Manager,134,True
629,Damini,Gaba,Male,27,wgrewal@example.org,09799667345,Karawal Nagar,Sikkim,India,2024-12-24,Premium,2270222,Single,Lawyer,6885,False
630,Charita,Baria,Female,41,yashicachokshi@example.com,04969028249,Tezpur,Tripura,India,2022-10-03,Regular,333115,Married,Doctor,2393,True
631,Kalpit,Nath,Female,67,chanadayamai@example.org,07627023244,Udaipur,Haryana,India,2023-04-19,Regular,499409,Married,Teacher,3148,False
632,Rajeshri,Chana,Female,18,miteshprasad@example.org,02517863767,Jalandhar,Madhya Pradesh,India,2022-08-30,Premium,1244223,Married,Manager,4049,True
633,Eesha,Deol,Male,47,snarain@example.net,6968157903,Noida,Kerala,India,2024-08-25,Premium,2385815,Single,Manager,6375,False
634,Harini,Thaker,Female,28,raofaras@example.net,+912730346156,Khandwa,Chhattisgarh,India,2023-12-29,Premium,2505105,Single,Student,7884,False
635,Deepa,Ram,Male,41,qbanerjee@example.com,+912681715160,Imphal,Chhattisgarh,India,2026-06-16,Premium,2996320,Single,Doctor,3866,False
636,Yashica,Rajagopalan,Female,18,fapte@example.net,6604641978,Bhalswa Jahangir Pur,Tamil Nadu,India,2024-06-02,GOld,1358047,Single,Designer,3982,True
637,Janya,Choudhury,Male,55,paniniwali@example.com,1205943897,Nashik,Manipur,India,2023-12-19,Regular,2700695,Single,Lawyer,1466,True
638,Balveer,Dara,Male,49,xsharma@example.org,5465408424,Erode,Andhra Pradesh,India,2025-05-15,Premium,2794784,Married,Software Engineer,979,False
639,Ekta,Mishra,Male,62,choudhuryishanvi@example.net,+918632181227,Panipat,Kerala,India,2025-06-19,Premium,727758,Married,Business,5189,False
640,Yagnesh,Viswanathan,Female,64,ebaria@example.com,00291681546,Lucknow,Goa,India,2023-10-03,GOld,289560,Married,Lawyer,2207,False
641,Fariq,Sant,Male,49,handaadvika@example.com,8830597364,Bally,Mizoram,India,2021-12-16,Regular,2544719,Married,Data Analyst,8029,True
642,Mohini,Golla,Male,52,anjali06@example.org,+916244795133,Anantapur,Haryana,India,2022-02-09,Silver,1557615,Married,Student,9808,True
643,Bhavna,Sharma,Male,51,inarasimhan@example.com,08055557277,Katihar,Tamil Nadu,India,2023-01-06,GOld,2084853,Married,Student,8873,False
644,Madhavi,Kumer,Female,18,qbali@example.net,+917851385445,Bhind,Andhra Pradesh,India,2022-11-23,Regular,978187,Single,Accountant,5965,True
645,Ojas,Pandey,Female,64,wsagar@example.org,08736826911,Bellary,Gujarat,India,2022-07-05,Premium,2961065,Married,Business,8586,False
646,Bimala,Gokhale,Male,57,nandinirege@example.com,+916945515888,Kamarhati,West Bengal,India,2025-01-02,Silver,1553082,Married,Lawyer,1809,True
647,Warda,Shetty,Male,20,shivani22@example.com,00857216966,Maheshtala,Rajasthan,India,2021-10-25,GOld,949265,Single,Business,1753,False
648,Udarsh,Devi,Male,24,regearin@example.com,3297150968,Nanded,Manipur,India,2024-09-15,Premium,2594998,Married,Manager,8615,False
649,Wriddhish,Gill,Male,41,uiyengar@example.org,01039773973,Surendranagar Dudhrej,Mizoram,India,2022-07-07,GOld,2741553,Single,Software Engineer,3419,False
650,Garima,Dutta,Male,47,turviboase@example.org,0687616481,Bahraich,Meghalaya,India,2022-01-28,Premium,1713833,Married,Lawyer,955,False
651,Brinda,Rao,Male,64,patlamugdha@example.net,7611249125,Sonipat,Chhattisgarh,India,2023-08-21,Premium,1474668,Single,Business,8511,True
652,Vasudha,Kade,Male,64,gunbir51@example.com,7345475749,Hindupur,Arunachal Pradesh,India,2022-10-05,GOld,2429948,Married,Business,3164,True
653,Manbir,Vig,Male,53,atharv35@example.net,04429477422,Narasaraopet,Jharkhand,India,2024-11-01,Regular,642558,Married,Manager,6997,True
654,Aarini,Kari,Male,68,kakarchavvi@example.org,0458867925,Dharmavaram,West Bengal,India,2025-10-30,GOld,2506722,Married,Data Analyst,5529,True
655,Dipta,Virk,Female,40,kritika72@example.net,02760153433,Alwar,Punjab,India,2022-08-02,Silver,2507208,Married,Lawyer,6755,False
656,Ronith,Parikh,Female,56,ksharaf@example.net,+918335061581,Begusarai,Nagaland,India,2026-02-21,GOld,2562000,Single,Designer,9015,False
657,Fariq,Bhalla,Female,46,pvirk@example.org,02337209484,Jhansi,Telangana,India,2022-02-09,Regular,1865518,Single,Software Engineer,4660,True
658,Kevin,Virk,Male,37,darsh33@example.org,9771805137,Mango,Assam,India,2025-08-13,Premium,1459691,Single,Business,5159,True
659,Rudra,Chaudhry,Female,53,vidhimital@example.net,+919617399704,Ghaziabad,Himachal Pradesh,India,2025-10-04,GOld,595468,Single,Manager,5827,True
660,Patrick,Narasimhan,Male,34,svarkey@example.net,04835488471,Morbi,Andhra Pradesh,India,2024-04-13,Silver,2641738,Single,Business,4198,False
661,Yashodhara,Singhal,Male,54,lgade@example.org,04175823133,Orai,Jharkhand,India,2024-04-16,Regular,2586831,Single,Doctor,5319,False
662,Urmi,Chauhan,Male,49,shivansh92@example.com,+913622925879,Agartala,Haryana,India,2023-10-21,Premium,2696580,Married,Software Engineer,9441,False
663,Urmi,Mitter,Male,67,maanav45@example.net,05746966060,Raichur,Rajasthan,India,2022-10-04,Premium,1602531,Married,Designer,6824,True
664,Tanmayi,Mahal,Male,65,jainsathvik@example.net,4450566588,Thrissur,Punjab,India,2025-11-05,Premium,2858715,Married,Software Engineer,4993,True
665,Ria,Mahal,Female,52,bordexavier@example.org,07970673499,Allahabad,Bihar,India,2022-01-17,GOld,1570831,Single,Teacher,827,False
666,Hema,Majumdar,Female,66,raksha41@example.com,+911562294938,Bahraich,Haryana,India,2024-05-10,Premium,1131494,Married,Student,6460,True
667,Abha,Wali,Male,39,anthony21@example.net,5573257375,Davanagere,Sikkim,India,2023-10-09,Premium,2195879,Single,Data Analyst,6540,False
668,Aadhya,Bajaj,Male,43,jagdishroy@example.com,07080850960,Siwan,Meghalaya,India,2023-12-22,Regular,746833,Single,Manager,9163,True
669,Gauri,Bhavsar,Female,43,chandaisaiah@example.net,+918197931647,Saharanpur,Rajasthan,India,2024-05-18,GOld,2553707,Single,Business,1173,False
670,Elijah,Gopal,Female,38,sudiksha86@example.org,09409600356,Rampur,West Bengal,India,2023-06-19,Premium,671984,Married,Designer,5984,False
671,Eta,Walia,Male,38,xiyer@example.net,09232342108,Warangal,Nagaland,India,2024-07-13,Silver,2690901,Single,Student,2773,False
672,Ekapad,Narang,Female,57,victor33@example.com,+916433502716,Raiganj,West Bengal,India,2023-05-06,GOld,2047437,Single,Business,3271,False
673,Lajita,Bawa,Male,66,zsarna@example.org,+916911289812,Jamshedpur,Meghalaya,India,2024-08-13,Premium,671321,Single,Business,2419,False
674,Edhitha,Sagar,Male,39,shivanshchana@example.net,07481700666,Raichur,Kerala,India,2024-03-16,Premium,1479757,Married,Manager,372,False
675,Dhruv,Saraf,Male,65,veer16@example.com,+914502329028,Kolhapur,Tamil Nadu,India,2025-07-25,GOld,1054804,Married,Data Analyst,7913,True
676,Balvan,Bhat,Male,42,chaayaprabhu@example.net,02622822512,Mehsana,Gujarat,India,2024-03-03,Premium,1271461,Single,Software Engineer,4653,True
677,Netra,Prakash,Female,21,ekani00@example.com,+917026086982,Salem,Andhra Pradesh,India,2024-07-14,Regular,2946253,Single,Doctor,6367,False
678,Udant,Chanda,Female,24,hbhatti@example.com,06872904774,North Dumdum,Sikkim,India,2026-02-28,Premium,1426815,Married,Business,6237,True
679,Jasmit,Char,Female,49,vtailor@example.net,+912382231164,Kulti,Haryana,India,2023-09-13,Premium,981891,Single,Data Analyst,7503,True
680,Qasim,Mitra,Male,33,turvi98@example.net,4256529060,South Dumdum,Andhra Pradesh,India,2022-10-14,Silver,1599092,Married,Designer,2572,True
681,Bahadurjit,Khanna,Female,61,mekhalanaidu@example.org,7753967379,Bongaigaon,Manipur,India,2022-07-28,Silver,1690563,Married,Business,8212,False
682,Ati,Varkey,Male,58,geetika24@example.com,08715841560,Bareilly,Haryana,India,2025-06-17,Silver,1823911,Single,Data Analyst,4590,True
683,Indrajit,Dara,Male,39,jonathan54@example.com,08182683230,Raichur,Mizoram,India,2022-11-10,Regular,2955371,Single,Doctor,6262,True
684,Champak,Walia,Female,33,victor82@example.com,+911293289634,Rewa,Jharkhand,India,2024-11-18,GOld,1988723,Married,Accountant,5395,False
685,Oviya,Soni,Male,31,inagy@example.net,00148439910,Kolhapur,Chhattisgarh,India,2025-08-29,GOld,2637019,Single,Teacher,5062,True
686,Naveen,Kibe,Female,67,pdutta@example.com,09335134261,Tiruppur,Manipur,India,2022-10-12,GOld,2952435,Single,Lawyer,1111,True
687,Anya,Narang,Male,38,dalaldeepa@example.net,+919737418972,Mau,Himachal Pradesh,India,2021-12-01,GOld,323662,Married,Designer,6737,False
688,Lakshmi,Kumer,Female,65,shuklapooja@example.net,+917438119953,Bhiwani,Maharashtra,India,2022-01-19,Silver,837354,Single,Doctor,2155,True
689,Henry,Mammen,Male,66,zayan85@example.com,4510173973,Shimoga,Bihar,India,2025-09-19,Silver,2740089,Single,Accountant,3804,True
690,Keya,Venkataraman,Male,40,mbasak@example.org,1911359966,Sri Ganganagar,Rajasthan,India,2025-04-24,Premium,2199014,Single,Data Analyst,9907,False
691,Triveni,Virk,Female,29,rastogirachana@example.net,+913920514607,Secunderabad,Uttarakhand,India,2024-06-29,Regular,2261272,Married,Teacher,2683,True
692,Indira,Kothari,Male,20,sanaya05@example.com,4238856527,Thoothukudi,Kerala,India,2026-02-23,Regular,262974,Married,Designer,3646,True
693,Vedant,Nadig,Male,22,harrison16@example.com,7263475575,Gulbarga,Karnataka,India,2021-09-14,GOld,2042495,Married,Lawyer,7496,True
694,Isaac,Gupta,Female,43,yashawini84@example.net,2691311964,Mau,Nagaland,India,2024-07-30,Premium,2749843,Married,Lawyer,6457,True
695,Mekhala,Deol,Male,46,vchawla@example.com,9153703824,Shimla,Haryana,India,2023-06-07,Regular,377905,Single,Data Analyst,8812,False
696,Yatan,Kara,Male,53,jkalita@example.org,03097768893,Gaya,West Bengal,India,2025-12-24,Regular,2364792,Single,Business,4770,False
697,Mugdha,Ram,Female,37,januja46@example.com,03585125389,Jalandhar,Uttar Pradesh,India,2025-11-19,Silver,2135030,Single,Designer,4823,True
698,Vamakshi,Wason,Male,47,henry93@example.net,08374907977,Amritsar,Goa,India,2021-10-03,Regular,579336,Single,Teacher,9591,True
699,Saumya,Bhandari,Female,44,vansha21@example.net,01494097626,Bidhannagar,Jharkhand,India,2026-02-23,Silver,2091152,Single,Teacher,7433,True
700,Daksha,Narayanan,Female,23,yashodaray@example.org,9509059119,Bettiah,Maharashtra,India,2022-12-09,Silver,1559268,Single,Doctor,1494,True
701,Robert,Kothari,Female,58,pratyushbalan@example.net,01511696667,Tiruvottiyur,Goa,India,2022-05-20,Silver,557801,Married,Data Analyst,2619,False
702,Deepa,Pant,Female,20,qushikrishnan@example.com,+912463351571,Jaipur,Punjab,India,2022-02-01,GOld,1605901,Single,Teacher,2369,True
703,Daniel,Prakash,Male,44,gangulyaarav@example.net,+910564099512,Udupi,Meghalaya,India,2023-02-11,Silver,1498213,Married,Student,2960,True
704,Tejas,Pai,Male,30,dubeykavya@example.net,+917282709081,Jalna,Bihar,India,2024-07-15,Premium,2811207,Married,Software Engineer,7514,False
705,Pranit,Vasa,Female,52,harishtank@example.org,2957867181,Shahjahanpur,Kerala,India,2022-10-09,Premium,2750069,Married,Business,3553,False
706,Wriddhish,Swaminathan,Female,44,netrabarman@example.com,+917918158998,Bongaigaon,Rajasthan,India,2023-04-12,Regular,533048,Single,Business,8967,False
707,Barkha,Nagi,Male,21,sarahora@example.com,6666170715,Phagwara,Madhya Pradesh,India,2024-03-03,GOld,821831,Single,Lawyer,601,True
708,Widisha,Mani,Male,60,wablebenjamin@example.org,+914998250800,Kharagpur,Gujarat,India,2024-07-23,Silver,1588780,Single,Software Engineer,1784,False
709,Charles,Saraf,Male,28,yashodaprabhakar@example.net,0317235137,Aurangabad,Rajasthan,India,2021-09-13,Silver,2763096,Single,Manager,9485,False
710,Chakradev,Raj,Male,23,jacksonmannan@example.org,+915263560229,Rampur,Maharashtra,India,2026-06-03,Silver,1554012,Married,Designer,1108,False
711,Dayita,Jayaraman,Male,36,nimrat06@example.com,04374906072,Madurai,Rajasthan,India,2022-07-17,Regular,764325,Single,Student,5393,False
712,Jack,Dutt,Male,62,lbhavsar@example.net,02464844941,Tenali,Uttarakhand,India,2023-04-15,GOld,2767139,Single,Doctor,9361,True
713,Gabriel,Tank,Female,64,joshuavasa@example.org,07113062113,Tadepalligudem,Kerala,India,2025-04-18,Silver,1991192,Married,Student,8608,False
714,Luke,Sathe,Male,57,thakurranbir@example.org,5090254257,Pimpri-Chinchwad,Madhya Pradesh,India,2024-10-19,Regular,2379804,Married,Manager,2947,True
715,Michael,Manne,Female,30,karqarin@example.net,+915707139848,Asansol,Nagaland,India,2024-04-08,Premium,695796,Single,Manager,1932,True
716,Dakshesh,Choudhury,Female,44,routzarna@example.net,+919255021306,Phusro,Arunachal Pradesh,India,2024-11-12,Premium,1600026,Married,Data Analyst,3478,True
717,Jagdish,Kapur,Male,62,borahanmol@example.net,09649673794,Malda,Meghalaya,India,2022-11-14,Silver,1267104,Single,Student,4919,False
718,Suhani,Yadav,Male,25,udarsh24@example.net,2642506420,Bulandshahr,Tamil Nadu,India,2026-03-05,Silver,1631774,Married,Accountant,477,True
719,Utkarsh,Ratti,Male,39,irajoshi@example.com,06777675556,Bettiah,Gujarat,India,2023-08-30,Silver,2209525,Married,Software Engineer,2224,False
720,Teerth,Halder,Male,58,janujasheth@example.net,05436271874,Faridabad,Gujarat,India,2023-06-01,Regular,2452205,Married,Manager,6782,True
721,Geetika,Dugar,Female,54,bvarughese@example.org,00369249269,Saharanpur,Maharashtra,India,2024-04-05,Silver,2528581,Single,Business,9460,False
722,Upadhriti,Korpal,Female,22,vidhimutti@example.net,8011100051,Raurkela Industrial Township,Gujarat,India,2022-11-06,GOld,1376334,Single,Lawyer,6147,True
723,Tanay,Mohanty,Female,29,patildiya@example.net,07524418222,Kochi,Nagaland,India,2025-01-19,Premium,1493025,Married,Software Engineer,4448,False
724,Nathan,Singh,Male,49,zaid12@example.com,+910267672095,Bhimavaram,Odisha,India,2023-02-11,GOld,1758534,Married,Student,3541,False
725,Sara,Bahri,Male,25,vpadmanabhan@example.org,01229462135,Gwalior,Kerala,India,2025-10-11,Silver,356846,Single,Doctor,7270,True
726,Amol,Sahni,Female,50,janyakrishnan@example.org,4807520344,Bhiwani,Karnataka,India,2021-11-29,GOld,997805,Married,Manager,8579,False
727,Anjali,Shanker,Female,27,natarajanazad@example.org,0904637660,Gandhinagar,Karnataka,India,2024-09-08,Premium,2364875,Single,Business,598,False
728,Yauvani,Samra,Female,63,ioommen@example.com,4837441715,Lucknow,Uttar Pradesh,India,2022-08-30,Premium,217238,Married,Software Engineer,9736,True
729,Hredhaan,Kibe,Female,47,goelkashvi@example.org,+919311005912,Bathinda,Uttar Pradesh,India,2022-06-20,Premium,632444,Married,Software Engineer,9462,False
730,Jairaj,Bhalla,Male,38,ryanbumb@example.org,+911063301658,Fatehpur,Uttarakhand,India,2023-03-31,GOld,1007594,Married,Student,8720,False
731,Warhi,Grewal,Female,60,umani@example.net,0728012342,Amravati,Tamil Nadu,India,2022-03-19,Premium,1343594,Single,Teacher,4483,True
732,Raghav,Grover,Male,57,vedant26@example.net,4968436453,Chandrapur,Jharkhand,India,2022-12-10,Premium,1066448,Married,Data Analyst,5218,False
733,Dhruv,Bhatia,Male,63,takhemangini@example.net,+919617015959,Jehanabad,Himachal Pradesh,India,2024-04-13,Silver,2607878,Single,Teacher,1167,False
734,Shravya,Parmar,Female,52,fprabhakar@example.com,05833920567,Anantapur,Uttar Pradesh,India,2024-12-30,Regular,412761,Single,Software Engineer,7712,True
735,Ubika,Shetty,Male,42,jdua@example.net,06025626506,Saharanpur,Odisha,India,2023-02-18,Premium,561211,Married,Designer,2932,False
736,Teerth,Chandran,Female,37,ramanurmi@example.org,05307624843,Morbi,Punjab,India,2025-10-24,Silver,1031089,Single,Manager,9302,True
737,Rachita,Saran,Male,70,vinayabhasin@example.com,+911579423873,Pallavaram,Andhra Pradesh,India,2024-03-09,Regular,607950,Married,Student,7625,False
738,Nathan,Nigam,Male,32,pushti91@example.net,+918455259710,Uluberia,Maharashtra,India,2023-08-30,GOld,2787642,Married,Lawyer,6423,True
739,Shaurya,Narain,Female,68,dhritisoni@example.com,5953259399,Kulti,Meghalaya,India,2026-05-12,Silver,2101206,Married,Software Engineer,1070,False
740,Upma,Bahl,Male,40,yasti16@example.org,5187794176,Bally,Tamil Nadu,India,2022-10-14,Regular,2134587,Single,Student,5711,True
741,Januja,Bhargava,Male,43,okoshy@example.net,+915597824575,Maheshtala,Punjab,India,2022-08-04,Premium,1566796,Single,Student,8728,False
742,Chakrika,Bhat,Female,55,yaminimandal@example.org,06044324006,Arrah,Manipur,India,2022-10-28,Regular,1200657,Single,Data Analyst,2605,False
743,Sanya,Raja,Female,22,sachimurthy@example.org,07439742925,Amravati,Arunachal Pradesh,India,2024-05-06,Silver,1073414,Married,Designer,9293,False
744,Vansha,Pillay,Male,29,divyaprashad@example.net,+916562590459,Sasaram,Arunachal Pradesh,India,2022-09-09,Premium,2608320,Married,Doctor,9702,False
745,Watika,Bhatt,Female,53,deymax@example.org,2315551651,Rewa,Nagaland,India,2022-02-05,Premium,2067372,Single,Student,6648,True
746,Omaja,Randhawa,Male,61,gauravjohal@example.com,+911433080037,Kalyan-Dombivli,Haryana,India,2023-07-19,Regular,1573249,Married,Software Engineer,1483,True
747,Michael,Devan,Male,55,ekantika66@example.org,4706810390,Berhampur,Odisha,India,2025-09-30,Premium,815410,Single,Manager,8704,False
748,Abhimanyu,Palla,Female,57,pillaiyashodhara@example.org,03280944858,Kozhikode,Uttarakhand,India,2023-04-14,Regular,1020685,Single,Lawyer,4910,False
749,Aahana,Natt,Female,63,etalad@example.com,+914707986321,Munger,Uttar Pradesh,India,2022-06-23,Silver,574498,Single,Accountant,8362,False
750,Samesh,Iyengar,Male,36,tanish94@example.com,00394380403,Thoothukudi,Gujarat,India,2025-10-26,Premium,1748633,Single,Software Engineer,9175,False
751,Lipika,Narang,Male,36,mraman@example.org,07894319100,Hyderabad,Himachal Pradesh,India,2021-07-27,Premium,1186672,Married,Accountant,6459,False
752,Chavvi,Saxena,Female,43,gdutta@example.org,03365146040,Barasat,Chhattisgarh,India,2023-10-21,Regular,2025319,Single,Teacher,7780,True
753,Tanmayi,Jayaraman,Male,53,balasubramanianvamakshi@example.org,+911137984409,Rajkot,Telangana,India,2022-11-15,Regular,1711156,Married,Teacher,4726,True
754,Tanveer,Bhattacharyya,Male,18,bpurohit@example.org,06762090144,Panihati,Uttar Pradesh,India,2023-11-04,Premium,2919541,Single,Teacher,7974,False
755,Arjun,Magar,Male,23,wahabsem@example.org,0968730451,Sirsa,Uttarakhand,India,2025-08-02,GOld,2893761,Married,Manager,9902,False
756,Nihal,Prakash,Male,47,madhav55@example.com,+919657542786,Bhiwani,Assam,India,2023-09-21,Regular,2515465,Married,Designer,5821,True
757,Laksh,Natarajan,Male,45,unnati78@example.net,+910582958292,Tenali,Assam,India,2025-02-17,Premium,2624049,Married,Business,8220,False
758,Isaac,Thaker,Female,52,venkateshhemang@example.net,+914823571558,Nagaon,Sikkim,India,2024-11-28,Silver,340349,Single,Accountant,7917,False
759,Theodore,Panchal,Male,55,ocherian@example.net,7230817214,Machilipatnam,Jharkhand,India,2023-05-08,Regular,535809,Single,Data Analyst,4578,False
760,Gopal,Halder,Male,51,babuazaan@example.com,+913211471656,Kavali,Jharkhand,India,2024-06-27,Premium,1228574,Married,Doctor,8834,False
761,Lipika,Prasad,Male,39,dakshasangha@example.net,7990707550,Bhalswa Jahangir Pur,West Bengal,India,2024-10-31,Premium,2166578,Married,Data Analyst,7687,False
762,Guneet,Sami,Female,40,vritti06@example.org,01748113176,New Delhi,Punjab,India,2025-07-24,Silver,1413028,Single,Software Engineer,9791,False
763,Bakhshi,Naidu,Female,21,siya39@example.com,+910290871827,Buxar,Madhya Pradesh,India,2026-02-15,Regular,2624899,Single,Accountant,845,False
764,Chanakya,Kulkarni,Male,36,varughesevritti@example.org,04204956121,Ongole,Meghalaya,India,2023-09-08,Regular,546072,Single,Data Analyst,1259,False
765,Abdul,Ram,Female,26,krishabassi@example.com,+913597371122,Mahbubnagar,Odisha,India,2021-10-08,Silver,1354344,Married,Software Engineer,1827,True
766,Raksha,Taneja,Male,60,qushi08@example.net,08167046861,Chandigarh,Himachal Pradesh,India,2024-08-11,Regular,1750914,Single,Student,3869,False
767,Vaishnavi,Rattan,Male,69,lakshdara@example.org,+911923785847,Udaipur,Odisha,India,2025-01-30,Premium,1638008,Single,Teacher,9757,True
768,Jack,Baral,Female,66,samakshdin@example.com,+916050801849,Avadi,Uttar Pradesh,India,2022-09-25,Regular,1807118,Single,Manager,2740,True
769,Ekaja,Kohli,Female,21,mkala@example.net,07731268812,Sasaram,Chhattisgarh,India,2022-02-23,Silver,686515,Single,Teacher,7602,False
770,Vanya,Varghese,Female,37,galayatin@example.net,05346060560,Dindigul,Madhya Pradesh,India,2025-05-24,Regular,2433554,Single,Designer,6390,False
771,Umang,Datta,Female,27,aupadhyay@example.net,2398471690,Amritsar,Nagaland,India,2022-04-16,Regular,249757,Married,Manager,6258,False
772,Madhav,Baral,Male,24,arunima64@example.com,5489547876,Nandyal,Karnataka,India,2022-05-05,Silver,2011041,Married,Lawyer,4429,False
773,Vrishti,Oommen,Male,34,krishnamurthyamrita@example.com,09835539354,Thanjavur,Mizoram,India,2025-01-25,Regular,2134029,Single,Accountant,3193,False
774,Arya,Lalla,Male,38,xguha@example.net,+914358853798,Kochi,Telangana,India,2024-01-18,Premium,235551,Single,Software Engineer,6737,True
775,Yatin,Jha,Male,61,qadim75@example.org,07497852491,Amravati,Madhya Pradesh,India,2026-04-02,Regular,1674366,Single,Student,4127,True
776,Maya,Aggarwal,Male,19,gulatiaachal@example.com,08948963406,Hindupur,Bihar,India,2025-08-15,Premium,438580,Single,Accountant,1995,True
777,Rajeshri,Ram,Male,56,jagdish22@example.org,00014188421,Kurnool,Arunachal Pradesh,India,2026-05-22,GOld,1776883,Single,Doctor,3018,False
778,Darpan,Anne,Female,47,nazaretharadhana@example.com,03339994853,Lucknow,Nagaland,India,2026-07-15,Premium,2879239,Married,Student,6995,False
779,Edhitha,Kannan,Female,28,leelajani@example.net,0219947113,Korba,Haryana,India,2025-06-23,Premium,1363027,Single,Designer,6366,False
780,Noah,Ghose,Male,34,atichhabra@example.org,+914699673311,Raiganj,Manipur,India,2022-11-06,Silver,946290,Married,Doctor,8056,True
781,Leena,Rai,Female,29,magarsamesh@example.net,06855078967,Serampore,Chhattisgarh,India,2022-03-24,Regular,654790,Single,Data Analyst,7065,True
782,Krishna,Ganguly,Male,46,njohal@example.com,06434369709,Amritsar,Manipur,India,2021-10-02,Silver,633217,Single,Doctor,1153,False
783,Lopa,Pai,Female,19,lakshmi07@example.com,7616453454,Sangli-Miraj & Kupwad,Goa,India,2023-06-07,Regular,824340,Single,Software Engineer,6397,False
784,Zansi,Wali,Male,62,balhaarraj@example.com,+913121980418,Bidhannagar,Chhattisgarh,India,2024-01-23,Silver,1841358,Single,Data Analyst,8039,False
785,Lucky,Sarin,Female,43,quincy36@example.com,+918131909248,Bhusawal,Goa,India,2023-07-30,Premium,2465464,Single,Software Engineer,6298,False
786,Anay,Hayre,Male,54,bhavsarharrison@example.com,+918178522823,Anantapur,West Bengal,India,2023-01-11,Silver,1598547,Married,Designer,904,True
787,Anita,Varghese,Female,52,tellayamini@example.org,02207223959,Surendranagar Dudhrej,Haryana,India,2025-06-09,Silver,537460,Married,Student,3327,True
788,Parth,Choudhary,Male,42,neelbasak@example.org,02047876886,Saharsa,Kerala,India,2026-06-25,GOld,1453553,Married,Doctor,5886,False
789,Nidhi,Krishnamurthy,Male,58,gganesan@example.com,+910319541966,Dewas,Kerala,India,2021-10-09,Regular,994671,Single,Software Engineer,3163,True
790,Divya,Sur,Male,49,amolkale@example.com,2792463203,Nizamabad,Meghalaya,India,2024-12-18,Regular,464210,Married,Manager,8748,False
791,Unnati,Shroff,Male,20,samarth72@example.com,+913214505766,Khora ,Jharkhand,India,2024-08-02,Silver,435109,Married,Software Engineer,6643,True
792,Yauvani,Sood,Male,69,srinivasekansh@example.com,03482012840,Danapur,Gujarat,India,2025-12-31,Regular,2450501,Single,Accountant,3817,True
793,Kamya,Bajwa,Male,65,vraval@example.net,05954508917,Bhiwani,Tripura,India,2025-12-09,GOld,2250573,Single,Manager,750,True
794,Balhaar,Toor,Male,18,dubekrishna@example.com,7422319646,Kalyan-Dombivli,Arunachal Pradesh,India,2024-02-23,GOld,2853574,Single,Student,1594,False
795,Advik,Deol,Male,55,omyahari@example.com,+916894301204,Amritsar,Haryana,India,2025-07-20,Premium,645985,Single,Manager,9748,True
796,Noah,Tak,Male,69,buchtripti@example.com,5749885582,Hindupur,Tripura,India,2023-08-28,GOld,1987660,Married,Designer,5312,True
797,Upkaar,Bains,Male,38,rsubramanian@example.com,4760944128,Muzaffarnagar,Haryana,India,2025-07-08,GOld,391203,Single,Lawyer,1035,True
798,Michael,Chaudhari,Female,27,nitara66@example.net,04132971506,Bhiwani,Chhattisgarh,India,2025-02-02,Regular,904856,Married,Data Analyst,2703,False
799,Urvashi,Balasubramanian,Male,55,kamala14@example.org,07693663439,Naihati,Goa,India,2024-05-08,Premium,759398,Single,Accountant,6162,True
800,Krisha,Butala,Male,49,butalafitan@example.net,+912867120072,Guntur,Jharkhand,India,2024-09-08,Premium,226632,Single,Teacher,1460,False
801,Ishanvi,Chahal,Female,62,gandhidayita@example.com,+910910903267,Shimoga,Odisha,India,2024-01-18,Regular,732225,Single,Teacher,4439,False
802,Ekbal,Mane,Female,33,dhruvshere@example.net,02817934065,Bhalswa Jahangir Pur,Uttar Pradesh,India,2025-06-01,GOld,2760781,Single,Accountant,2949,False
803,Jagrati,Upadhyay,Male,58,chaaya66@example.org,05337220109,Siliguri,Bihar,India,2025-05-21,Silver,1659003,Married,Software Engineer,9137,True
804,Jonathan,Dixit,Male,25,mandalgaurangi@example.net,09376618943,Visakhapatnam,Kerala,India,2022-11-25,Premium,2795942,Married,Data Analyst,8315,True
805,Mahika,Handa,Female,67,dominic00@example.com,02776572565,Chennai,West Bengal,India,2022-12-19,GOld,1359417,Single,Business,1846,True
806,Zashil,Sagar,Female,49,surgaurika@example.org,+912389743260,Karimnagar,Tamil Nadu,India,2024-06-26,GOld,870080,Single,Software Engineer,5966,False
807,Kashish,Nazareth,Male,45,cheemavasudha@example.net,+913258486899,Raebareli,Tripura,India,2021-11-26,Silver,1602133,Married,Software Engineer,1710,True
808,Suhani,Mannan,Male,28,sbasu@example.com,+916917679935,Hospet,Himachal Pradesh,India,2024-02-14,Premium,2234494,Single,Doctor,3855,False
809,Balvan,Karnik,Female,44,megha40@example.net,+910373606014,Pune,Mizoram,India,2024-03-04,GOld,1566021,Single,Doctor,5343,True
810,Charan,Taneja,Male,33,bhavnadalia@example.org,08528306153,Jaipur,Bihar,India,2022-09-03,Regular,1038675,Married,Business,1204,False
811,Aarna,Gara,Female,21,aarini62@example.com,+912514488112,Delhi,Haryana,India,2022-02-16,Regular,807927,Single,Accountant,7454,True
812,Anamika,Gola,Female,41,sethgeetika@example.org,8781794151,Belgaum,Madhya Pradesh,India,2023-03-07,GOld,2119901,Single,Lawyer,4418,True
813,Zashil,Badami,Female,26,bhatnagarnicholas@example.org,02883750566,Anand,Tripura,India,2024-12-28,Premium,2585157,Single,Student,2236,True
814,Simon,Ganesh,Female,47,vedabhavsar@example.net,+917876553007,Delhi,Odisha,India,2024-08-04,Regular,918070,Married,Business,4835,True
815,Anay,Pradhan,Male,54,ojasvi05@example.com,+912198819277,Jamshedpur,Punjab,India,2021-11-04,GOld,562699,Married,Data Analyst,8015,True
816,Edhitha,Korpal,Female,47,pavani40@example.org,+914246245618,Aurangabad,Meghalaya,India,2024-03-11,Silver,260833,Married,Business,4060,False
817,Charita,Ray,Female,55,balbhavani@example.com,+911289915114,Ratlam,Bihar,India,2023-02-14,GOld,2682070,Single,Accountant,83,False
818,Simon,Brar,Male,20,chandranmalhotra@example.com,8189848416,Bijapur,Maharashtra,India,2022-05-11,Regular,2314836,Single,Designer,8701,False
819,Gauri,Luthra,Female,69,devanekapad@example.org,0170756814,Gudivada,Nagaland,India,2023-09-04,Premium,2097676,Married,Business,1361,True
820,Finn,Natt,Female,31,qasimchawla@example.net,+917322836084,Kumbakonam,Nagaland,India,2023-08-05,GOld,1703262,Married,Business,1486,True
821,Daniel,Sani,Female,60,lipikahans@example.net,05269694439,Bidar,Himachal Pradesh,India,2025-10-20,Silver,878650,Married,Accountant,9562,True
822,Aarav,Contractor,Female,47,vhalder@example.com,2929132033,Madurai,Sikkim,India,2024-12-04,GOld,1900204,Single,Lawyer,7607,True
823,Kiaan,Kamdar,Male,42,isaiah90@example.net,+911061537221,Anantapur,Maharashtra,India,2024-10-15,Silver,2426841,Single,Student,6977,False
824,Zilmil,Maharaj,Male,68,ojaggi@example.org,+916533774604,Bhiwani,Manipur,India,2022-12-01,Premium,2802377,Married,Software Engineer,8433,False
825,Darsh,Bhasin,Male,25,sviswanathan@example.org,01424426078,Dharmavaram,Manipur,India,2024-07-11,Regular,1733399,Married,Accountant,669,False
826,Chavvi,Kapur,Female,29,siyer@example.com,06427372037,Muzaffarnagar,Nagaland,India,2025-11-26,Premium,2551990,Single,Teacher,5487,True
827,Maanav,Choudhary,Male,59,kamala84@example.net,+914846019134,Sambalpur,Tripura,India,2026-04-19,Regular,2633197,Single,Business,5250,False
828,Qadim,Taneja,Female,50,dixitanmol@example.com,8695073214,Chandrapur,Tamil Nadu,India,2023-11-18,Regular,1362431,Single,Doctor,6108,False
829,Ryan,Ratti,Female,49,gopal67@example.net,+913505573857,Chinsurah,Nagaland,India,2021-09-16,Premium,2172010,Married,Manager,6031,True
830,Faraj,Chauhan,Male,47,vihaanroy@example.org,+917681187233,Uluberia,Bihar,India,2021-11-17,Premium,536259,Married,Teacher,4724,True
831,Aahana,Apte,Male,28,rdara@example.net,7315391149,Varanasi,Meghalaya,India,2023-12-04,Silver,669865,Single,Manager,2465,True
832,Oliver,Ahuja,Male,36,ykalita@example.com,01189394065,Bidhannagar,Nagaland,India,2022-12-19,Regular,2470942,Single,Manager,5680,False
833,Avi,Chatterjee,Female,65,maharajreyansh@example.org,+913023332470,Kamarhati,Punjab,India,2022-09-17,Premium,1422710,Single,Doctor,361,True
834,Azad,Dalal,Female,44,jeevikamistry@example.net,02127602508,Bidar,Bihar,India,2022-04-16,Silver,2950458,Married,Manager,9721,False
835,Nakul,Kakar,Female,37,dubeojasvi@example.org,03248889957,Hindupur,Nagaland,India,2026-05-24,GOld,1485533,Single,Student,3715,False
836,Tanveer,Sen,Female,36,ngera@example.com,05493036468,Mysore,West Bengal,India,2026-07-07,Premium,822176,Married,Student,7469,True
837,Jack,Date,Male,63,karpeisaiah@example.net,06920828323,Danapur,West Bengal,India,2026-03-12,Silver,964539,Single,Teacher,2641,True
838,Ethan,Khurana,Male,20,norigirik@example.com,05822067323,Kadapa,Chhattisgarh,India,2025-05-01,Silver,2609733,Single,Manager,4266,False
839,Ekbal,Sami,Male,31,nagytriveni@example.org,4500000015,Bhimavaram,Assam,India,2022-04-09,Premium,2991532,Married,Lawyer,2423,False
840,Ranveer,Srivastava,Female,52,sarnakamya@example.org,9025561844,Kozhikode,Assam,India,2026-03-18,GOld,2438260,Married,Doctor,408,False
841,Manbir,Zacharia,Female,67,fmani@example.net,+912248905670,Bhind,Andhra Pradesh,India,2021-12-11,GOld,2121162,Married,Teacher,70,False
842,Chandran,Agate,Female,48,yatan65@example.net,01584826691,Haridwar,Chhattisgarh,India,2023-11-11,Silver,2606387,Single,Accountant,7243,False
843,Yasti,Kari,Male,64,kala05@example.com,+919608070633,Madanapalle,West Bengal,India,2026-04-26,Regular,368111,Single,Data Analyst,1914,False
844,Triveni,Pant,Male,43,voraqasim@example.org,+910401648188,Bhilwara,Rajasthan,India,2023-10-08,GOld,2070545,Married,Doctor,5347,True
845,Peter,Som,Male,55,hkothari@example.org,03816432126,Tirunelveli,Mizoram,India,2026-06-06,GOld,1365711,Single,Software Engineer,1369,False
846,Damyanti,Reddy,Male,50,nathan03@example.com,2586314417,Pali,Jharkhand,India,2024-11-19,Regular,1015582,Married,Lawyer,9882,True
847,Naksh,Pant,Female,43,bina02@example.com,+915582430176,Bulandshahr,Uttar Pradesh,India,2023-12-13,GOld,1993654,Married,Designer,6108,True
848,Bina,Varghese,Female,40,karaikbal@example.com,+918882452790,Agra,Jharkhand,India,2022-01-21,Silver,1492203,Married,Data Analyst,1435,True
849,Bishakha,Khare,Female,65,tarakjoshi@example.com,+918495163211,Ghaziabad,Manipur,India,2026-01-16,Regular,2055997,Married,Teacher,6944,False
850,Unnati,Dasgupta,Male,55,issacwridesh@example.net,+913732653060,Gwalior,Tripura,India,2025-11-11,Premium,802466,Single,Student,7776,False
851,Watika,Narang,Male,55,dchandran@example.net,08800230091,Vijayanagaram,Bihar,India,2026-03-30,Regular,570978,Single,Designer,4478,False
852,Joshua,Viswanathan,Male,53,kondakrishna@example.com,07449160936,Phagwara,Uttar Pradesh,India,2024-07-05,Regular,2582013,Single,Business,3047,False
853,Krish,Bhardwaj,Female,53,mukhopadhyayekavir@example.org,9418433687,Indore,Odisha,India,2022-10-02,Regular,377137,Married,Accountant,4979,False
854,Nikita,Hayer,Female,32,nakulkale@example.net,8213745561,Rohtak,Arunachal Pradesh,India,2024-01-26,Premium,210262,Single,Student,4917,False
855,Kalpit,Venkatesh,Male,59,xbasak@example.net,+915376660811,Purnia,Tripura,India,2021-09-20,Silver,1949682,Single,Manager,4009,True
856,Brijesh,Hans,Male,66,venkateshsamar@example.com,06910627153,Akola,Tripura,India,2023-06-06,Silver,2268002,Single,Accountant,5927,False
857,Aachal,Oak,Female,34,charles68@example.net,+916917768293,Ramagundam,Telangana,India,2021-11-29,Regular,701570,Married,Data Analyst,9425,True
858,Jack,Khurana,Female,28,abdul87@example.org,04378826033,Srikakulam,Telangana,India,2022-08-16,Premium,812943,Married,Manager,2219,False
859,Chatresh,Chaudry,Male,21,siya09@example.org,5991449207,Ballia,Uttar Pradesh,India,2022-12-23,Silver,1714829,Married,Lawyer,798,False
860,Neha,Salvi,Female,51,jminhas@example.net,9718428596,Siliguri,Karnataka,India,2026-05-18,Premium,2355312,Single,Teacher,1548,True
861,Harshil,Menon,Female,38,telladayita@example.net,3231234266,Vellore,Punjab,India,2021-10-06,Silver,1338581,Married,Doctor,8755,False
862,Urvashi,Dubey,Male,18,ddalal@example.com,+917234838935,Latur,Mizoram,India,2022-09-30,GOld,2373365,Married,Lawyer,7944,False
863,Anay,Mane,Female,28,padmanabhannikita@example.net,+912996508269,Tinsukia,Sikkim,India,2022-10-25,Premium,1113839,Single,Data Analyst,3622,True
864,Radha,Lata,Male,44,rajakritika@example.com,01308761238,Aurangabad,Karnataka,India,2022-08-04,Regular,520446,Single,Teacher,284,False
865,Zayan,Handa,Female,37,mohini82@example.org,4840027300,Ghaziabad,Madhya Pradesh,India,2024-11-17,Silver,783066,Married,Accountant,8570,False
866,Dev,Bhakta,Male,63,ramyahvi@example.org,+911395001680,Jodhpur,Jharkhand,India,2022-03-11,Silver,320626,Single,Business,2108,True
867,Ekanta,Bhagat,Male,37,xreddy@example.org,8397620534,Pune,Meghalaya,India,2025-04-26,GOld,1080136,Single,Doctor,6960,True
868,Saanvi,Manda,Male,19,dgaba@example.net,02662925081,Bhalswa Jahangir Pur,Madhya Pradesh,India,2021-12-22,Regular,2008783,Single,Business,1766,True
869,Naveen,Bhavsar,Male,48,arin68@example.net,4133373125,Tirunelveli,Gujarat,India,2024-07-02,Premium,1261211,Single,Doctor,4942,True
870,Nandini,Chopra,Male,68,dbuch@example.org,+912119206136,Anand,Sikkim,India,2024-04-09,Premium,2724098,Single,Accountant,3277,True
871,Kevin,Sibal,Female,19,ypai@example.org,+913718444902,Nashik,Chhattisgarh,India,2024-12-07,Premium,810510,Married,Accountant,5698,False
872,Chaitaly,Uppal,Male,50,chandraraagini@example.com,00373416781,Madhyamgram,Telangana,India,2025-10-26,GOld,2317742,Single,Doctor,9472,True
873,Yochana,Garde,Male,63,falanatwal@example.org,1798213486,Chapra,Nagaland,India,2024-06-17,GOld,1382193,Single,Data Analyst,70,True
874,Vyanjana,Sarma,Male,50,poojakata@example.net,+911828560539,Lucknow,Meghalaya,India,2026-03-15,Regular,1737057,Single,Manager,1758,True
875,Priya,Rau,Female,42,settyvanya@example.net,+916736820506,Guwahati,Sikkim,India,2023-01-09,Regular,1098730,Single,Designer,1848,False
876,Pranit,Kapur,Male,47,falak21@example.com,5058714692,Nagaon,Rajasthan,India,2023-01-19,Premium,2379895,Single,Manager,5918,False
877,Elijah,Dewan,Male,23,mitali79@example.org,9843699848,Kozhikode,Chhattisgarh,India,2021-11-21,Silver,2270781,Single,Designer,4646,False
878,Ganga,Bandi,Female,61,rachitakrishna@example.net,02495988114,Bidhannagar,Rajasthan,India,2026-03-18,Regular,1147381,Married,Student,7011,True
879,Yashica,Shankar,Male,69,sastrygavin@example.com,+913867673820,Panipat,Madhya Pradesh,India,2022-03-26,Regular,1741160,Single,Software Engineer,8055,True
880,Devansh,Shenoy,Female,46,fwali@example.com,2996872258,Kumbakonam,Telangana,India,2021-11-22,Premium,700035,Single,Designer,6563,True
881,Eesha,Viswanathan,Male,22,rastogiquincy@example.net,3504056695,Jehanabad,Arunachal Pradesh,India,2021-10-30,Silver,1035028,Married,Business,9747,False
882,Jeet,Ganesh,Male,32,patrick55@example.com,02867963259,Gaya,Rajasthan,India,2023-09-01,Regular,2293419,Married,Accountant,9726,False
883,Kiaan,Walia,Female,40,mahika33@example.net,1562415285,Mangalore,Karnataka,India,2024-11-16,Regular,2996246,Married,Manager,8379,False
884,Oliver,Garg,Male,67,skant@example.org,08951381865,Indore,Rajasthan,India,2025-09-25,Regular,653138,Single,Student,8017,False
885,Zilmil,Lall,Male,58,bnair@example.net,07443034918,Gorakhpur,Meghalaya,India,2025-09-08,GOld,324669,Single,Software Engineer,1117,False
886,Nitesh,Batta,Male,29,gaurikeer@example.com,+911536415471,Khammam,Gujarat,India,2022-06-25,Regular,2735808,Married,Teacher,4960,True
887,Tarak,Ghose,Male,60,tanish67@example.net,1367500942,Anantapuram,Tripura,India,2022-04-23,Regular,2154637,Single,Student,8157,False
888,Balendra,Pandya,Female,52,tanmayirajagopal@example.net,1987809270,Karimnagar,Chhattisgarh,India,2023-07-27,Silver,2467142,Single,Software Engineer,7051,True
889,Yoshita,Vyas,Female,46,neelima22@example.com,6605986787,Bihar Sharif,West Bengal,India,2022-12-29,Silver,1778469,Married,Manager,589,True
890,Lakshit,Tailor,Male,53,yashvi54@example.net,5965594282,Srikakulam,Bihar,India,2022-04-10,Silver,888470,Married,Designer,2203,False
891,Priya,Natarajan,Female,49,deshpandeabeer@example.org,+912453931321,Ratlam,Assam,India,2023-05-05,Premium,2585951,Married,Data Analyst,8837,False
892,Abdul,Naik,Female,53,vasana08@example.org,6821444889,Kharagpur,Odisha,India,2025-09-28,GOld,2325191,Single,Designer,4315,False
893,Maanas,Tata,Female,57,pallavisen@example.net,04620258254,Coimbatore,Mizoram,India,2023-06-05,Silver,1393017,Married,Software Engineer,461,True
894,Oscar,Cherian,Male,41,ranveerbhatnagar@example.org,+919204910601,Vijayanagaram,Himachal Pradesh,India,2025-09-24,Silver,2649335,Single,Lawyer,6235,True
895,Nathaniel,Jani,Female,40,bpai@example.net,+917681722577,Bhilwara,Telangana,India,2024-08-28,Silver,1927757,Married,Software Engineer,4001,True
896,Amaira,Sule,Male,59,ladlidubey@example.net,+915291876831,Meerut,Nagaland,India,2023-02-11,Silver,2685257,Single,Doctor,4995,True
897,Ria,Dara,Female,28,egill@example.com,3373992052,Bhatpara,Odisha,India,2026-05-23,Premium,2458283,Married,Software Engineer,7551,False
898,Tanish,Sabharwal,Female,35,harrisonsane@example.com,9143882325,Sambalpur,Uttar Pradesh,India,2026-06-25,Premium,2170064,Single,Lawyer,6188,False
899,Samar,Nagarajan,Female,54,amara61@example.com,7732643095,Nizamabad,Odisha,India,2025-10-21,Premium,2248324,Single,Business,5504,False
900,Jackson,Gole,Female,28,asarna@example.org,2712053978,Gorakhpur,Gujarat,India,2025-09-27,Silver,1723934,Married,Business,8142,True
901,Eta,Devi,Male,36,kalpitdixit@example.org,1256083200,Begusarai,Meghalaya,India,2025-07-12,Silver,399360,Married,Accountant,6586,True
902,Zilmil,Thakur,Male,63,rpalla@example.org,5852386003,Alwar,Jharkhand,India,2023-07-31,Premium,2682460,Married,Student,1102,False
903,Lipika,Bumb,Female,31,imaran71@example.com,+913910292950,Avadi,Gujarat,India,2025-08-19,Silver,521542,Married,Data Analyst,4913,False
904,Aradhana,Vaidya,Female,30,daksheshhegde@example.org,6713971912,Nashik,Rajasthan,India,2022-11-07,Regular,1887372,Married,Accountant,8443,False
905,Max,D’Alia,Male,19,nakuldalal@example.net,7672019111,Sambhal,Bihar,India,2022-09-02,GOld,2619456,Married,Business,7656,False
906,Pratyush,Barman,Female,54,balaysanya@example.org,5873393049,Chinsurah,Madhya Pradesh,India,2024-06-08,Premium,2390557,Single,Lawyer,7577,True
907,Sathvik,Yadav,Male,27,golatamanna@example.net,4812421140,Loni,Chhattisgarh,India,2024-06-08,Silver,2026152,Married,Lawyer,1055,True
908,Abhiram,Narain,Female,35,masonmangat@example.com,+910935561039,Warangal,Tripura,India,2026-07-13,Silver,2909699,Single,Student,9850,True
909,Watika,Badal,Female,33,karniksudiksha@example.org,+914365858564,Rajpur Sonarpur,West Bengal,India,2021-10-19,Premium,828987,Single,Software Engineer,4023,False
910,Aashi,Borde,Female,49,atharvdhaliwal@example.com,+916159273874,Rourkela,Punjab,India,2022-02-03,Regular,1970076,Single,Business,2610,False
911,Saanvi,Chada,Male,19,lsandhu@example.org,03224815542,Korba,Tamil Nadu,India,2023-12-30,Silver,1365060,Single,Software Engineer,7960,True
912,Bachittar,Krish,Male,23,dashanay@example.net,06797564915,Gudivada,Sikkim,India,2024-07-12,Silver,2723292,Married,Doctor,6668,False
913,Kamya,Mane,Male,43,pgera@example.com,01247601080,Kottayam,Bihar,India,2021-11-24,GOld,1190028,Single,Accountant,8196,True
914,Sarthak,Bala,Female,49,gkarpe@example.com,04172680808,Ambarnath,Manipur,India,2022-06-25,Premium,1198566,Single,Lawyer,5395,False
915,Manbir,Balasubramanian,Male,45,oommendarsh@example.com,+913806713073,Vijayawada,Arunachal Pradesh,India,2024-01-06,GOld,805145,Single,Teacher,3507,False
916,Jalsa,Wali,Female,44,vyanjana43@example.com,+911300962588,Amroha,Maharashtra,India,2025-03-22,Silver,2672462,Single,Manager,8740,False
917,Zehaan,Taneja,Male,38,jayaramanjai@example.net,+915339627466,Jalgaon,Assam,India,2024-07-28,Regular,2191682,Single,Student,2374,False
918,Devansh,Vohra,Female,63,lakshitsoman@example.org,+910466614590,Bhiwandi,Arunachal Pradesh,India,2025-05-15,Silver,1492564,Single,Accountant,570,True
919,Vedika,Sibal,Male,34,krishnanbaljiwan@example.org,4938819490,Kulti,Sikkim,India,2022-02-16,Regular,1497166,Married,Doctor,8763,True
920,Edhitha,Gera,Female,42,kumeryachana@example.org,4976987313,Gudivada,Manipur,India,2022-08-04,Premium,1848258,Married,Student,1478,True
921,Oeshi,Raja,Female,31,harsh66@example.org,+913740779433,North Dumdum,Maharashtra,India,2023-02-15,GOld,2040652,Married,Designer,555,False
922,Shivansh,Varma,Male,70,ishaan97@example.org,+914262037087,Aligarh,Assam,India,2025-01-23,Regular,2175900,Married,Lawyer,6920,True
923,Christopher,Dutt,Male,62,ladgirish@example.net,+913599898972,Gwalior,Manipur,India,2021-10-04,Silver,2323720,Single,Lawyer,6895,False
924,Yahvi,Mann,Female,62,bobalmohini@example.com,08221758839,Guna,Kerala,India,2025-04-16,Premium,418518,Single,Manager,2229,True
925,Advay,Zacharia,Female,30,davidbal@example.com,0675712369,Dewas,Punjab,India,2024-12-30,Silver,1515844,Single,Doctor,2585,True
926,Gavin,Chad,Male,56,yastitata@example.net,4296882769,Dhanbad,Himachal Pradesh,India,2021-12-08,Regular,1539657,Married,Manager,2187,False
927,Isha,Karnik,Male,61,kuruvillagaurang@example.net,01560783274,Thoothukudi,Telangana,India,2024-10-11,Silver,1381943,Single,Doctor,6791,False
928,Irya,Chhabra,Male,43,lrao@example.com,0964966834,Indore,Himachal Pradesh,India,2025-06-03,Regular,2592391,Single,Software Engineer,376,True
929,Yasti,Muni,Male,47,dhruvsawhney@example.org,+918516225936,Hosur,Nagaland,India,2022-08-19,GOld,1297998,Single,Software Engineer,6570,False
930,Aadi,Thakkar,Female,27,amairawarrior@example.com,8390624672,Madanapalle,Odisha,India,2022-02-23,Premium,1743168,Single,Accountant,1922,True
931,Pavani,Bains,Female,67,chakrabortycharita@example.org,+911935923613,Fatehpur,Telangana,India,2025-01-13,Regular,2272611,Single,Business,3328,True
932,Aadi,Om,Female,36,yuvrajbassi@example.com,08816502544,Ulhasnagar,Himachal Pradesh,India,2022-08-18,Regular,1802532,Single,Designer,3385,True
933,Gunbir,Sanghvi,Female,64,azad34@example.com,+919661771824,Bongaigaon,Nagaland,India,2021-08-04,GOld,1954607,Single,Designer,2391,True
934,Nandini,Shenoy,Female,34,gunbirmagar@example.org,04681359266,Bongaigaon,Maharashtra,India,2026-02-23,GOld,2790738,Married,Business,6056,False
935,Yuvraj,Randhawa,Male,18,gmuni@example.com,4155945011,Khora ,Sikkim,India,2023-02-08,Regular,758701,Married,Designer,3476,False
936,Dalbir,Sridhar,Female,65,yatin60@example.com,+911716039886,Bidar,Karnataka,India,2023-09-07,Silver,506417,Single,Data Analyst,962,True
937,Nirja,Dass,Female,33,varmaabha@example.com,09067000994,Bihar Sharif,Mizoram,India,2026-07-04,Regular,1686048,Single,Software Engineer,4155,False
938,Zashil,Gola,Female,43,memonkrisha@example.com,4896676056,Nanded,Andhra Pradesh,India,2024-03-18,Silver,754647,Single,Accountant,2938,False
939,Divya,Sampath,Male,50,vrishti75@example.net,+919745338906,Latur,West Bengal,India,2024-09-17,Regular,1622610,Married,Teacher,1468,False
940,Aarna,Ravel,Female,27,ode@example.org,05401659953,Bangalore,Tamil Nadu,India,2025-03-09,Silver,690071,Married,Software Engineer,2095,False
941,Naveen,Grover,Female,65,gillmax@example.com,+917677462591,Bhopal,Bihar,India,2022-03-29,Silver,2003911,Married,Student,4321,False
942,Peter,Mand,Female,28,chandakashish@example.net,08860080179,Ongole,Tamil Nadu,India,2025-10-10,Silver,2260555,Single,Data Analyst,7208,True
943,Joshua,Hayre,Male,27,ghoseishita@example.com,+914726426121,Meerut,Gujarat,India,2026-01-24,Premium,1164105,Single,Software Engineer,7704,False
944,Zayan,Karnik,Male,63,ooommen@example.com,09680785254,Tirupati,Chhattisgarh,India,2022-08-14,Regular,2030519,Single,Manager,668,False
945,Viraj,Thakur,Female,63,zehaan54@example.org,+916445475231,Kolhapur,Gujarat,India,2022-11-17,Regular,2119983,Married,Doctor,2425,True
946,Sara,Mangal,Female,23,cchad@example.com,03342720388,Gulbarga,Uttarakhand,India,2022-03-10,GOld,1391670,Single,Teacher,8335,False
947,Vaishnavi,Pandya,Male,55,bhatekalinga@example.net,03045306935,Shimoga,Punjab,India,2023-07-09,Premium,2406268,Single,Designer,1258,True
948,Ganga,Karpe,Female,61,advik01@example.net,+916778481652,Rohtak,Himachal Pradesh,India,2024-08-16,Premium,1578490,Single,Student,1998,False
949,Advika,Lala,Female,55,ibera@example.org,5179937810,New Delhi,Rajasthan,India,2022-08-14,Premium,1557018,Single,Software Engineer,1328,False
950,Manan,Yadav,Female,47,gthakkar@example.net,08699969882,Farrukhabad,Karnataka,India,2025-08-30,Silver,2692273,Single,Lawyer,718,False
951,Kiaan,Srinivas,Female,64,mahalshivani@example.net,+914630198642,Mira-Bhayandar,Gujarat,India,2026-04-21,GOld,1086536,Single,Student,5294,True
952,Upkaar,Sengupta,Male,53,warinderkhanna@example.net,+912187062932,Gangtok,Nagaland,India,2023-05-16,Regular,588187,Married,Student,2916,True
953,Oliver,Dhingra,Female,23,basujackson@example.org,+913200186766,Ranchi,Andhra Pradesh,India,2025-11-21,Premium,1073349,Single,Designer,6592,False
954,Vasana,Raju,Male,25,aptefiyaz@example.com,+915614038453,Giridih,Mizoram,India,2021-12-21,Silver,2258753,Married,Student,9887,True
955,Vasudha,Majumdar,Female,60,mdevi@example.com,06951003076,Delhi,Kerala,India,2023-12-10,Premium,1741225,Single,Manager,7298,False
956,Forum,Raghavan,Female,35,vborde@example.org,0666641106,Dewas,West Bengal,India,2022-04-21,Regular,578419,Married,Lawyer,3053,False
957,Gautam,Kar,Female,23,aarav78@example.com,+916994970890,Kishanganj,Tripura,India,2023-03-23,Premium,2353110,Married,Manager,3673,True
958,Qushi,Saini,Female,51,chaitalydhaliwal@example.com,9996269708,Panvel,Maharashtra,India,2026-04-25,Premium,1419296,Married,Designer,1297,False
959,Zinal,Dani,Female,27,rwadhwa@example.net,7915059625,Solapur,Odisha,India,2025-06-07,GOld,1460005,Single,Data Analyst,7007,False
960,Krishna,Bajaj,Male,53,jonathanbains@example.org,+916578982604,Begusarai,West Bengal,India,2021-08-14,Premium,389141,Single,Data Analyst,6961,False
961,Jyoti,Dewan,Male,47,shenoyjalsa@example.com,5177741274,Madanapalle,Goa,India,2022-03-15,Silver,1690897,Married,Accountant,1339,True
962,Gopal,Dhillon,Male,65,george99@example.com,+916422297589,Hospet,Arunachal Pradesh,India,2023-10-26,Regular,953096,Single,Designer,741,True
963,Jeevika,Lata,Female,63,henrypal@example.net,05705682092,Ambarnath,Meghalaya,India,2021-07-27,Silver,1516786,Married,Manager,4342,False
964,Andrew,Bawa,Male,31,rastogitheodore@example.net,06407232472,Karaikudi,Punjab,India,2024-05-11,GOld,528080,Married,Doctor,7107,True
965,Ati,Ahluwalia,Male,43,chakrabortyvedika@example.net,8224731261,Hosur,Uttar Pradesh,India,2024-09-28,Premium,255803,Single,Manager,7539,False
966,Abeer,Subramaniam,Female,37,bhargavaindali@example.net,0119509271,Satna,Goa,India,2025-03-15,Silver,1856738,Married,Doctor,2049,True
967,Faris,Bassi,Male,30,utkarsh70@example.net,+913007169500,Bardhaman,Tamil Nadu,India,2022-04-22,Premium,266627,Single,Software Engineer,3428,False
968,Yamini,Muni,Male,59,chaaya32@example.net,7698936529,Alwar,Meghalaya,India,2022-07-21,GOld,2027829,Single,Doctor,4930,False
969,Odika,Chakrabarti,Male,48,urvijain@example.com,1310450258,Korba,Sikkim,India,2023-02-16,Regular,291506,Single,Teacher,2497,False
970,Ekapad,Sidhu,Female,48,tanay57@example.com,3526806486,Haldia,Manipur,India,2023-03-20,Premium,2085407,Single,Business,4830,False
971,Theodore,Krishnamurthy,Male,39,yahvi38@example.com,+915364628055,Amroha,Uttarakhand,India,2025-05-07,Premium,630602,Married,Designer,8121,False
972,Aradhana,Bedi,Male,49,cparsa@example.net,05156239209,Panvel,Karnataka,India,2024-04-30,Regular,2238855,Married,Business,994,True
973,Hredhaan,Basak,Female,54,umore@example.org,9131117861,Ajmer,Karnataka,India,2024-01-29,Silver,2520522,Single,Student,6834,False
974,Sai,Ramachandran,Male,49,goelom@example.net,+916953541201,South Dumdum,Manipur,India,2024-03-27,Silver,2080412,Married,Software Engineer,2643,False
975,Ishanvi,Bhargava,Male,48,dugaromisha@example.net,+911515325947,Patna,Manipur,India,2023-12-21,Silver,2037569,Single,Data Analyst,3599,False
976,Caleb,Tailor,Female,26,savantrayaan@example.org,09805950310,Singrauli,Jharkhand,India,2023-05-29,Silver,1837335,Married,Lawyer,7738,True
977,Daksha,Arora,Male,36,jagataggarwal@example.com,02036089411,Srikakulam,Bihar,India,2023-06-14,Premium,2997837,Married,Teacher,2839,True
978,Gayathri,Ghosh,Male,56,hiral35@example.net,5205610067,Surat,Madhya Pradesh,India,2026-06-05,Regular,623220,Married,Manager,4975,True
979,Priya,Bhargava,Male,53,ramreva@example.com,00378423394,Amaravati,Tamil Nadu,India,2024-10-03,Premium,276045,Married,Student,5849,True
980,Umang,Bail,Male,70,ramaswamyvritti@example.com,02550325017,Nadiad,Karnataka,India,2023-09-27,Premium,467032,Married,Designer,1867,True
981,Kalpit,Raman,Male,53,bhavikacherian@example.com,4290292334,Bareilly,Assam,India,2021-09-12,GOld,2239963,Married,Lawyer,5820,True
982,Azad,Baral,Female,27,wbatra@example.org,+918868430211,Singrauli,Manipur,India,2023-06-10,Premium,411485,Married,Manager,1817,True
983,Laban,Ahuja,Male,70,gaurika75@example.net,8759212996,Rourkela,Madhya Pradesh,India,2021-12-18,Premium,2327794,Single,Teacher,1934,True
984,Vihaan,Khosla,Female,28,zgola@example.org,2755821477,Kavali,Chhattisgarh,India,2021-07-30,Silver,2051860,Married,Doctor,2527,False
985,Sai,Contractor,Female,70,padmanabhanneel@example.org,8023621921,Loni,Uttar Pradesh,India,2022-08-17,GOld,715830,Single,Manager,6811,True
986,Vrinda,Agrawal,Male,69,girindra61@example.org,6385588195,Nandyal,Goa,India,2022-05-15,Regular,1631600,Married,Data Analyst,2805,True
987,Lakshmi,Varughese,Female,41,bediharinakshi@example.org,08931869289,Malegaon,Uttar Pradesh,India,2025-11-24,Regular,1712648,Single,Teacher,8677,False
988,Anya,Narula,Male,26,chatresh18@example.org,+917200283948,Berhampur,Chhattisgarh,India,2022-11-22,Regular,1933964,Married,Manager,8456,False
989,Daniel,Krishnan,Male,46,mallarya@example.com,03281165993,Cuttack,Telangana,India,2021-09-05,GOld,241727,Single,Doctor,5542,False
990,Joshua,Banik,Female,67,chandreshmalhotra@example.net,2322775213,Jammu,Arunachal Pradesh,India,2022-09-05,GOld,2020631,Single,Designer,607,True
991,Yahvi,Chander,Male,58,dnayak@example.com,06300593777,Sikar,Odisha,India,2022-05-21,Silver,1958693,Married,Data Analyst,4986,False
992,Udarsh,Deo,Female,18,bajajneel@example.net,+916174690298,Jamshedpur,Uttar Pradesh,India,2021-10-25,Silver,2413718,Single,Designer,7310,True
993,Adya,Kota,Female,62,ekalinga96@example.com,+912913167080,Machilipatnam,Nagaland,India,2024-09-14,Silver,2921084,Married,Business,4940,True
994,Omisha,Ramaswamy,Male,52,ybaria@example.org,6219865504,Rohtak,Jharkhand,India,2021-11-16,Silver,1835751,Single,Data Analyst,8860,False
995,Ridhi,Sankar,Male,23,rhegde@example.com,3396504962,Jhansi,Chhattisgarh,India,2023-01-02,Silver,2386641,Married,Teacher,383,True
996,Lekha,Desai,Female,33,fdalal@example.com,+914362585421,Deoghar,Telangana,India,2025-10-05,Silver,1973124,Single,Software Engineer,6110,False
997,Guneet,Reddy,Female,25,wriddhishmukhopadhyay@example.net,+919964338532,Jaunpur,Goa,India,2024-09-04,Premium,2930334,Single,Manager,4881,True
998,Dakshesh,Patla,Female,39,umangkorpal@example.com,+910311587605,Uluberia,West Bengal,India,2025-07-16,GOld,2639381,Single,Lawyer,4902,False
999,Madhavi,Luthra,Male,63,ynarayanan@example.com,09453536597,Singrauli,Madhya Pradesh,India,2025-11-05,Regular,2379639,Single,Doctor,5371,True
1000,Lavanya,Bhatt,Female,47,rjoshi@example.org,+912545080959,Danapur,Assam,India,2024-06-22,Premium,814688,Married,Designer,1342,True
