order_id,customer_id,product_id,order_date,quantity,unit_price,total_amount,payment_method,order_status
1,56,215,2024-10-21,2,57740,115480,Credit Card,Shipped
2,589,381,2024-08-15,1,52522,52522,Cash on Delivery,Delivered
3,288,72,2026-02-22,5,80016,400080,Net Banking,Delivered
4,765,25,2025-02-25,1,16983,16983,UPI,Shipped
5,643,418,2025-02-02,2,6356,12712,Cash on Delivery,Delivered
6,551,251,2025-01-16,5,38677,193385,Credit Card,Returned
7,820,357,2024-11-12,2,40052,80104,Net Banking,Cancelled
8,956,309,2026-02-19,1,63473,63473,Credit Card,Returned
9,241,199,2024-10-14,3,29892,89676,Debit Card,Shipped
10,687,111,2026-01-03,2,70088,140176,Debit Card,Delivered
11,656,274,2026-02-22,1,88035,88035,Net Banking,Delivered
12,493,163,2026-06-19,3,36476,109428,Debit Card,Cancelled
13,145,271,2025-09-23,1,68361,68361,Net Banking,Delivered
14,913,300,2024-10-02,4,38327,153308,UPI,Cancelled
15,52,330,2025-10-28,5,85472,427360,Debit Card,Shipped
16,132,424,2025-06-19,1,69668,69668,UPI,Shipped
17,961,62,2024-08-20,3,29719,89157,UPI,Shipped
18,505,136,2024-08-19,1,41724,41724,Net Banking,Cancelled
19,131,392,2024-10-07,4,49707,198828,Debit Card,Shipped
20,9,342,2025-01-12,3,58412,175236,Debit Card,Shipped
21,908,270,2025-01-23,3,41707,125121,UPI,Shipped
22,495,335,2025-08-23,5,91302,456510,Credit Card,Shipped
23,97,327,2025-11-06,4,5410,21640,Net Banking,Cancelled
24,100,477,2024-08-16,5,69051,345255,Credit Card,Cancelled
25,89,361,2025-10-05,1,39918,39918,Credit Card,Delivered
26,899,247,2024-12-28,3,81154,243462,Net Banking,Cancelled
27,419,12,2026-02-03,1,30521,30521,Credit Card,Cancelled
28,366,245,2025-12-13,2,4194,8388,Net Banking,Returned
29,322,121,2026-01-22,4,78635,314540,Credit Card,Cancelled
30,556,73,2025-09-23,2,62521,125042,Credit Card,Cancelled
31,662,256,2025-06-17,5,83302,416510,Net Banking,Returned
32,981,142,2025-01-14,3,63742,191226,Credit Card,Shipped
33,842,304,2025-07-10,5,68068,340340,Net Banking,Delivered
34,653,125,2025-10-27,1,4778,4778,UPI,Shipped
35,107,300,2025-02-28,2,38327,76654,Net Banking,Delivered
36,494,254,2026-04-16,4,9355,37420,Net Banking,Returned
37,215,405,2026-06-02,5,42330,211650,Debit Card,Delivered
38,782,89,2024-08-01,1,36274,36274,Cash on Delivery,Cancelled
39,448,16,2026-03-08,3,29246,87738,UPI,Cancelled
40,665,222,2026-04-13,4,66997,267988,Credit Card,Returned
41,798,315,2024-11-28,1,63962,63962,Debit Card,Shipped
42,825,189,2026-01-20,5,93875,469375,UPI,Cancelled
43,945,354,2025-06-20,5,13724,68620,Cash on Delivery,Shipped
44,893,117,2025-04-17,2,2107,4214,Debit Card,Shipped
45,840,310,2025-02-27,5,4638,23190,Cash on Delivery,Delivered
46,767,462,2024-11-24,5,13668,68340,Debit Card,Returned
47,96,488,2025-01-10,1,38719,38719,UPI,Cancelled
48,760,27,2026-03-12,3,88539,265617,Credit Card,Delivered
49,65,237,2025-04-14,2,6226,12452,Cash on Delivery,Delivered
50,439,332,2024-10-14,1,43482,43482,Net Banking,Delivered
51,743,60,2024-10-07,5,35470,177350,Credit Card,Shipped
52,53,407,2025-05-18,4,26688,106752,Cash on Delivery,Shipped
53,621,206,2024-10-10,3,87261,261783,Cash on Delivery,Returned
54,842,295,2025-05-01,2,67966,135932,Cash on Delivery,Shipped
55,569,219,2026-05-16,3,23718,71154,Net Banking,Cancelled
56,383,55,2025-04-20,4,1767,7068,Cash on Delivery,Returned
57,897,311,2025-11-07,1,41616,41616,Credit Card,Shipped
58,851,32,2025-02-17,1,53854,53854,Debit Card,Delivered
59,846,402,2026-04-14,5,14521,72605,Cash on Delivery,Shipped
60,580,396,2024-08-29,5,13899,69495,Credit Card,Delivered
61,652,66,2026-02-13,1,76074,76074,UPI,Shipped
62,852,439,2025-07-18,1,81260,81260,UPI,Cancelled
63,193,54,2025-09-16,1,17646,17646,Cash on Delivery,Shipped
64,288,459,2024-10-31,3,50664,151992,Net Banking,Shipped
65,146,186,2026-07-13,5,15396,76980,Credit Card,Returned
66,598,13,2025-05-17,2,28153,56306,Net Banking,Returned
67,726,248,2024-09-26,2,72432,144864,UPI,Delivered
68,109,70,2025-09-28,4,17183,68732,Debit Card,Returned
69,114,37,2025-03-11,4,2434,9736,Net Banking,Delivered
70,159,381,2026-05-02,1,52522,52522,UPI,Returned
71,732,476,2025-11-27,3,2160,6480,UPI,Shipped
72,880,345,2025-11-19,2,895,1790,Credit Card,Returned
73,928,263,2026-06-14,2,10994,21988,Net Banking,Shipped
74,493,459,2026-05-27,3,50664,151992,Net Banking,Shipped
75,499,220,2025-05-03,1,84778,84778,Net Banking,Delivered
76,112,106,2025-10-18,1,4261,4261,Cash on Delivery,Delivered
77,189,108,2024-12-23,1,25542,25542,Credit Card,Shipped
78,199,179,2026-01-25,4,85018,340072,Net Banking,Returned
79,425,147,2024-09-19,2,25227,50454,Net Banking,Delivered
80,423,158,2024-08-31,2,19258,38516,Net Banking,Delivered
81,12,363,2025-12-22,4,85265,341060,Debit Card,Returned
82,198,264,2025-01-20,3,90908,272724,Net Banking,Returned
83,225,189,2026-03-19,2,93875,187750,Credit Card,Cancelled
84,33,298,2025-03-08,2,1571,3142,UPI,Delivered
85,635,475,2024-09-26,3,15702,47106,UPI,Delivered
86,180,131,2026-05-22,5,12470,62350,Net Banking,Shipped
87,940,304,2025-01-23,1,68068,68068,Cash on Delivery,Delivered
88,818,351,2026-05-31,2,88776,177552,UPI,Delivered
89,804,262,2024-10-13,2,10845,21690,Net Banking,Delivered
90,451,372,2025-05-18,5,26215,131075,Credit Card,Delivered
91,604,276,2025-02-27,5,29891,149455,UPI,Returned
92,662,413,2025-07-14,5,56920,284600,Cash on Delivery,Cancelled
93,925,198,2025-12-02,3,79196,237588,Credit Card,Cancelled
94,118,401,2026-05-05,2,33490,66980,Debit Card,Returned
95,406,147,2025-05-06,2,25227,50454,Debit Card,Returned
96,814,313,2024-11-30,3,27676,83028,UPI,Delivered
97,883,258,2025-05-10,4,52696,210784,Cash on Delivery,Delivered
98,105,84,2025-04-28,1,71298,71298,Cash on Delivery,Shipped
99,978,273,2025-01-05,5,18290,91450,Debit Card,Shipped
100,719,202,2025-12-29,3,24277,72831,UPI,Shipped
101,468,313,2025-02-19,3,27676,83028,Debit Card,Shipped
102,784,19,2026-01-23,4,89853,359412,Cash on Delivery,Cancelled
103,700,99,2026-07-24,5,10461,52305,Cash on Delivery,Delivered
104,931,461,2026-01-08,5,82823,414115,Debit Card,Delivered
105,37,466,2025-12-12,2,31870,63740,Debit Card,Delivered
106,25,57,2024-09-20,1,5729,5729,Cash on Delivery,Shipped
107,648,186,2025-11-12,3,15396,46188,Debit Card,Shipped
108,258,363,2025-12-02,3,85265,255795,Credit Card,Cancelled
109,278,289,2024-12-06,5,90757,453785,Net Banking,Cancelled
110,781,269,2025-09-14,1,49260,49260,UPI,Returned
111,759,160,2026-02-13,3,45793,137379,UPI,Delivered
112,252,4,2025-02-02,3,36921,110763,Credit Card,Cancelled
113,395,108,2024-11-30,2,25542,51084,Net Banking,Returned
114,408,82,2025-07-21,5,84079,420395,UPI,Delivered
115,424,223,2025-05-17,1,38127,38127,Credit Card,Delivered
116,977,462,2025-02-21,3,13668,41004,Cash on Delivery,Shipped
117,31,82,2026-07-15,4,84079,336316,Credit Card,Delivered
118,927,140,2025-12-06,3,72699,218097,Debit Card,Delivered
119,307,68,2026-01-12,3,9671,29013,Credit Card,Shipped
120,529,459,2025-10-02,1,50664,50664,Debit Card,Returned
121,264,325,2025-01-13,5,12225,61125,Credit Card,Shipped
122,22,239,2026-01-09,2,61974,123948,Credit Card,Returned
123,296,94,2025-04-04,1,62144,62144,Credit Card,Cancelled
124,476,465,2026-05-12,4,68362,273448,Credit Card,Cancelled
125,50,148,2026-03-15,2,6220,12440,UPI,Returned
126,346,216,2026-03-21,1,41168,41168,Net Banking,Shipped
127,480,318,2024-09-08,2,75666,151332,Net Banking,Cancelled
128,817,451,2025-01-20,3,60336,181008,Credit Card,Shipped
129,469,390,2026-04-26,1,57790,57790,Credit Card,Returned
130,245,234,2024-08-20,3,25666,76998,Debit Card,Delivered
131,811,344,2026-04-13,3,8067,24201,Debit Card,Returned
132,78,173,2025-03-29,5,83783,418915,Debit Card,Delivered
133,942,426,2025-06-03,1,77854,77854,Debit Card,Shipped
134,821,40,2025-02-19,5,91803,459015,Debit Card,Delivered
135,135,99,2024-09-16,1,10461,10461,Cash on Delivery,Returned
136,51,440,2025-01-06,3,37342,112026,Debit Card,Returned
137,251,264,2026-07-06,5,90908,454540,Cash on Delivery,Delivered
138,217,483,2025-10-10,4,48207,192828,Cash on Delivery,Shipped
139,161,300,2026-06-07,3,38327,114981,UPI,Returned
140,732,442,2026-02-04,1,8270,8270,Cash on Delivery,Shipped
141,309,188,2025-03-28,3,8472,25416,Net Banking,Delivered
142,810,16,2025-01-08,3,29246,87738,Cash on Delivery,Cancelled
143,10,46,2025-12-18,1,31785,31785,Debit Card,Cancelled
144,701,254,2025-08-18,4,9355,37420,Debit Card,Returned
145,375,378,2025-05-30,3,2561,7683,Cash on Delivery,Shipped
146,731,427,2026-06-14,2,15828,31656,Net Banking,Returned
147,681,249,2026-07-07,2,31647,63294,Cash on Delivery,Cancelled
148,290,247,2025-12-08,4,81154,324616,Cash on Delivery,Delivered
149,492,302,2025-07-18,3,79466,238398,Debit Card,Shipped
150,101,129,2024-11-14,4,61933,247732,Cash on Delivery,Cancelled
151,969,483,2025-02-17,4,48207,192828,Net Banking,Returned
152,367,323,2024-11-12,2,13678,27356,Cash on Delivery,Returned
153,577,499,2025-02-03,2,47461,94922,UPI,Cancelled
154,636,240,2026-02-25,5,50552,252760,Cash on Delivery,Cancelled
155,903,32,2025-10-06,1,53854,53854,Credit Card,Cancelled
156,745,343,2025-09-18,2,58890,117780,Credit Card,Shipped
157,83,61,2025-02-16,1,29654,29654,UPI,Shipped
158,484,222,2026-02-27,4,66997,267988,Cash on Delivery,Delivered
159,775,458,2025-10-24,4,96282,385128,Net Banking,Shipped
160,495,410,2025-06-24,4,10194,40776,Net Banking,Returned
161,481,152,2026-06-24,2,88889,177778,Credit Card,Delivered
162,776,432,2025-10-23,1,54977,54977,Net Banking,Shipped
163,372,111,2025-06-02,2,70088,140176,Cash on Delivery,Returned
164,319,124,2025-05-04,1,72850,72850,Cash on Delivery,Shipped
165,989,254,2025-01-13,1,9355,9355,Net Banking,Shipped
166,126,431,2024-11-11,4,50824,203296,Cash on Delivery,Cancelled
167,825,318,2025-08-26,4,75666,302664,Cash on Delivery,Returned
168,867,334,2025-08-14,5,99296,496480,Net Banking,Shipped
169,474,56,2024-10-05,4,76850,307400,Net Banking,Cancelled
170,433,93,2026-03-06,2,44736,89472,Debit Card,Returned
171,324,297,2024-09-01,2,7124,14248,Debit Card,Returned
172,911,66,2026-05-26,1,76074,76074,Debit Card,Shipped
173,343,304,2024-10-20,3,68068,204204,Debit Card,Cancelled
174,847,445,2024-11-22,5,83550,417750,UPI,Shipped
175,999,423,2025-11-26,2,25005,50010,Credit Card,Returned
176,288,208,2024-11-28,2,64283,128566,Credit Card,Delivered
177,416,28,2026-04-03,4,29951,119804,Net Banking,Cancelled
178,842,410,2026-01-06,5,10194,50970,Net Banking,Returned
179,141,50,2025-06-19,1,39740,39740,Credit Card,Returned
180,862,480,2025-11-02,4,67449,269796,Cash on Delivery,Delivered
181,972,485,2024-09-14,5,75412,377060,Net Banking,Returned
182,742,151,2025-05-21,1,10307,10307,Debit Card,Cancelled
183,535,182,2025-05-19,4,27652,110608,Net Banking,Shipped
184,612,312,2025-11-01,4,80647,322588,Credit Card,Cancelled
185,550,29,2025-07-25,4,9805,39220,Net Banking,Delivered
186,412,94,2025-09-10,4,62144,248576,Debit Card,Returned
187,166,487,2025-02-07,2,41223,82446,Net Banking,Shipped
188,89,419,2025-09-29,5,97557,487785,Cash on Delivery,Delivered
189,928,430,2026-05-26,4,7526,30104,Cash on Delivery,Delivered
190,562,125,2024-08-04,1,4778,4778,Net Banking,Shipped
191,156,27,2026-01-06,4,88539,354156,Credit Card,Delivered
192,557,306,2026-02-06,3,39794,119382,Net Banking,Cancelled
193,118,178,2024-10-23,2,58615,117230,Net Banking,Cancelled
194,140,337,2026-01-07,3,48674,146022,Net Banking,Cancelled
195,967,419,2026-06-14,4,97557,390228,Debit Card,Delivered
196,958,18,2025-09-17,4,50519,202076,UPI,Delivered
197,580,37,2026-03-02,3,2434,7302,Credit Card,Delivered
198,415,56,2025-02-19,1,76850,76850,UPI,Shipped
199,109,176,2026-03-15,2,55435,110870,UPI,Shipped
200,17,48,2025-12-06,2,28438,56876,Credit Card,Returned
201,478,479,2025-04-17,1,56772,56772,Cash on Delivery,Shipped
202,674,415,2024-10-21,4,63777,255108,Debit Card,Cancelled
203,279,201,2025-03-11,2,24147,48294,Cash on Delivery,Delivered
204,458,38,2025-06-29,2,64153,128306,Debit Card,Delivered
205,20,119,2024-11-26,5,64954,324770,UPI,Cancelled
206,744,316,2025-07-14,5,38380,191900,Net Banking,Returned
207,918,136,2024-07-29,2,41724,83448,UPI,Shipped
208,394,341,2026-02-07,1,66755,66755,Debit Card,Delivered
209,531,397,2026-06-07,5,3942,19710,UPI,Cancelled
210,692,401,2026-02-05,5,33490,167450,Net Banking,Cancelled
211,488,413,2025-02-16,1,56920,56920,Cash on Delivery,Cancelled
212,867,145,2025-08-19,1,77431,77431,Net Banking,Returned
213,742,395,2026-03-10,1,14465,14465,Net Banking,Cancelled
214,506,443,2024-12-12,4,19668,78672,Credit Card,Returned
215,636,167,2025-08-25,2,98473,196946,Cash on Delivery,Cancelled
216,247,102,2026-07-05,5,64751,323755,Cash on Delivery,Returned
217,446,446,2024-10-17,4,60097,240388,Net Banking,Cancelled
218,221,416,2026-06-03,3,41380,124140,Credit Card,Delivered
219,105,173,2025-11-24,3,83783,251349,Net Banking,Shipped
220,173,99,2025-03-15,4,10461,41844,Cash on Delivery,Returned
221,298,369,2026-05-11,3,47639,142917,UPI,Returned
222,250,161,2025-12-05,3,40099,120297,Credit Card,Returned
223,49,36,2025-08-25,2,10380,20760,Debit Card,Cancelled
224,800,323,2025-11-12,3,13678,41034,Debit Card,Cancelled
225,741,231,2024-12-28,5,86490,432450,UPI,Shipped
226,681,282,2024-11-22,1,21729,21729,Credit Card,Returned
227,639,166,2025-05-13,4,4873,19492,Cash on Delivery,Shipped
228,648,83,2026-03-11,4,58154,232616,Net Banking,Returned
229,37,106,2024-11-29,1,4261,4261,UPI,Cancelled
230,952,393,2025-09-18,2,39215,78430,Net Banking,Shipped
231,41,79,2026-03-23,3,33162,99486,Cash on Delivery,Cancelled
232,535,124,2026-07-13,4,72850,291400,Cash on Delivery,Cancelled
233,39,72,2025-09-11,4,80016,320064,Cash on Delivery,Cancelled
234,655,1,2026-07-10,3,55802,167406,Net Banking,Cancelled
235,596,165,2024-07-27,3,82845,248535,Debit Card,Shipped
236,805,107,2025-11-04,1,34362,34362,Credit Card,Cancelled
237,413,351,2025-04-04,1,88776,88776,Cash on Delivery,Shipped
238,299,355,2025-08-10,2,53225,106450,Credit Card,Returned
239,459,174,2024-08-11,3,18820,56460,Cash on Delivery,Cancelled
240,481,211,2024-10-21,1,50334,50334,Credit Card,Cancelled
241,462,177,2026-07-18,2,81194,162388,Debit Card,Shipped
242,536,410,2025-05-04,3,10194,30582,UPI,Shipped
243,725,98,2026-06-09,3,14668,44004,UPI,Delivered
244,252,422,2026-05-03,5,1083,5415,Debit Card,Shipped
245,135,320,2026-04-14,4,98455,393820,UPI,Delivered
246,934,329,2025-03-22,5,61844,309220,Debit Card,Returned
247,313,300,2025-01-28,4,38327,153308,Net Banking,Cancelled
248,475,154,2024-09-09,2,13403,26806,UPI,Cancelled
249,668,271,2025-01-30,4,68361,273444,UPI,Delivered
250,702,156,2026-06-08,4,56950,227800,Net Banking,Delivered
251,85,347,2025-10-10,5,54091,270455,UPI,Shipped
252,998,329,2024-09-26,2,61844,123688,Cash on Delivery,Cancelled
253,739,292,2024-10-01,1,61641,61641,Credit Card,Delivered
254,196,69,2026-02-15,5,66969,334845,Net Banking,Shipped
255,104,345,2025-08-08,5,895,4475,Net Banking,Returned
256,808,475,2026-04-21,4,15702,62808,Debit Card,Returned
257,700,271,2024-09-18,3,68361,205083,Cash on Delivery,Delivered
258,170,410,2026-03-09,5,10194,50970,UPI,Shipped
259,5,213,2025-09-13,2,56767,113534,Debit Card,Delivered
260,732,497,2026-03-13,2,36145,72290,Credit Card,Shipped
261,410,302,2024-11-01,5,79466,397330,UPI,Shipped
262,343,489,2024-11-03,1,78054,78054,Net Banking,Returned
263,601,497,2025-12-21,5,36145,180725,Net Banking,Cancelled
264,756,14,2025-07-31,1,52356,52356,Credit Card,Cancelled
265,232,33,2025-09-27,3,54383,163149,Net Banking,Delivered
266,39,98,2024-12-02,2,14668,29336,Debit Card,Shipped
267,745,321,2025-02-17,4,14816,59264,UPI,Shipped
268,878,55,2025-09-09,2,1767,3534,Debit Card,Shipped
269,446,485,2026-06-04,1,75412,75412,UPI,Shipped
270,209,39,2025-11-10,3,782,2346,Cash on Delivery,Cancelled
271,962,341,2025-06-20,4,66755,267020,UPI,Returned
272,323,34,2025-01-07,3,95948,287844,Net Banking,Cancelled
273,756,40,2026-07-18,5,91803,459015,Cash on Delivery,Returned
274,756,445,2025-09-18,4,83550,334200,UPI,Delivered
275,329,43,2026-03-05,4,11000,44000,Debit Card,Cancelled
276,610,30,2026-02-13,1,9787,9787,UPI,Shipped
277,952,86,2026-01-13,5,27610,138050,Cash on Delivery,Delivered
278,509,115,2024-12-30,3,39329,117987,Cash on Delivery,Delivered
279,491,485,2026-01-31,2,75412,150824,Net Banking,Returned
280,973,190,2025-03-26,3,17040,51120,Credit Card,Returned
281,525,175,2025-06-01,4,31275,125100,UPI,Returned
282,228,179,2025-12-30,3,85018,255054,Net Banking,Cancelled
283,543,260,2025-12-13,3,48737,146211,UPI,Shipped
284,55,337,2025-05-13,3,48674,146022,Net Banking,Returned
285,310,392,2025-07-02,3,49707,149121,Net Banking,Delivered
286,913,483,2026-06-25,4,48207,192828,UPI,Cancelled
287,148,443,2025-09-02,3,19668,59004,Debit Card,Delivered
288,634,341,2025-07-12,4,66755,267020,Cash on Delivery,Delivered
289,317,289,2024-10-28,5,90757,453785,Net Banking,Returned
290,603,204,2025-02-04,1,59960,59960,Credit Card,Cancelled
291,849,178,2025-01-17,5,58615,293075,Net Banking,Returned
292,842,321,2024-09-14,1,14816,14816,Credit Card,Cancelled
293,248,310,2025-04-15,5,4638,23190,Credit Card,Cancelled
294,434,418,2024-08-12,4,6356,25424,Net Banking,Delivered
295,131,20,2025-10-26,1,57485,57485,Cash on Delivery,Shipped
296,813,290,2025-09-30,2,45089,90178,Debit Card,Delivered
297,988,495,2025-01-21,5,78080,390400,Net Banking,Delivered
298,265,460,2025-10-27,2,74331,148662,UPI,Returned
299,822,114,2025-01-14,1,97310,97310,Credit Card,Returned
300,962,32,2024-08-01,3,53854,161562,Cash on Delivery,Cancelled
301,861,92,2024-09-20,4,24319,97276,Net Banking,Returned
302,825,186,2026-01-27,2,15396,30792,Net Banking,Shipped
303,927,137,2025-11-29,4,61052,244208,Credit Card,Shipped
304,123,406,2024-09-10,1,49790,49790,Debit Card,Returned
305,353,251,2025-01-20,3,38677,116031,Cash on Delivery,Cancelled
306,486,83,2024-09-17,1,58154,58154,Debit Card,Cancelled
307,81,186,2026-06-30,5,15396,76980,Cash on Delivery,Returned
308,319,467,2024-08-20,2,2081,4162,Net Banking,Returned
309,510,62,2026-05-25,3,29719,89157,Debit Card,Returned
310,586,221,2025-04-09,4,9450,37800,Debit Card,Shipped
311,707,207,2024-09-20,2,99451,198902,Cash on Delivery,Returned
312,355,355,2025-08-30,2,53225,106450,Net Banking,Delivered
313,392,33,2025-01-27,3,54383,163149,Net Banking,Returned
314,660,316,2025-02-28,4,38380,153520,Credit Card,Returned
315,173,488,2025-12-28,1,38719,38719,Credit Card,Cancelled
316,99,257,2025-08-08,1,26922,26922,Net Banking,Delivered
317,180,78,2025-01-09,5,29183,145915,Net Banking,Delivered
318,971,489,2025-09-18,2,78054,156108,Net Banking,Shipped
319,973,262,2024-11-06,1,10845,10845,Net Banking,Cancelled
320,703,313,2026-02-08,3,27676,83028,Cash on Delivery,Returned
321,97,85,2026-07-23,1,8918,8918,Debit Card,Returned
322,564,48,2026-06-12,3,28438,85314,Net Banking,Delivered
323,173,307,2025-10-13,5,77007,385035,UPI,Shipped
324,477,92,2025-10-17,3,24319,72957,Credit Card,Delivered
325,479,82,2025-07-29,4,84079,336316,UPI,Delivered
326,187,254,2025-01-31,4,9355,37420,Credit Card,Cancelled
327,646,104,2026-03-28,1,57591,57591,UPI,Cancelled
328,513,32,2025-07-29,1,53854,53854,Debit Card,Cancelled
329,670,494,2026-04-15,3,98528,295584,Net Banking,Shipped
330,826,475,2025-06-08,2,15702,31404,Cash on Delivery,Returned
331,232,284,2024-12-21,5,81034,405170,Credit Card,Shipped
332,95,489,2024-10-08,2,78054,156108,UPI,Returned
333,85,46,2024-10-10,5,31785,158925,Credit Card,Returned
334,499,81,2025-12-20,5,58946,294730,Credit Card,Shipped
335,144,481,2025-06-26,4,33938,135752,Debit Card,Returned
336,743,2,2025-04-28,3,26562,79686,UPI,Returned
337,56,35,2025-06-21,3,70792,212376,Cash on Delivery,Shipped
338,734,422,2025-06-11,1,1083,1083,Net Banking,Cancelled
339,161,475,2025-07-24,5,15702,78510,Debit Card,Returned
340,332,96,2026-05-28,3,20473,61419,Net Banking,Cancelled
341,853,217,2026-02-13,2,83498,166996,Net Banking,Returned
342,212,307,2024-09-07,1,77007,77007,Credit Card,Returned
343,6,435,2026-01-01,5,15469,77345,Debit Card,Cancelled
344,199,433,2025-12-16,3,4544,13632,UPI,Returned
345,150,416,2025-12-10,3,41380,124140,UPI,Delivered
346,902,146,2024-10-11,5,63983,319915,Net Banking,Cancelled
347,150,213,2024-09-12,2,56767,113534,Cash on Delivery,Cancelled
348,716,288,2025-06-04,2,32596,65192,Credit Card,Cancelled
349,602,378,2026-02-12,2,2561,5122,UPI,Delivered
350,204,251,2025-04-16,3,38677,116031,Net Banking,Delivered
351,93,280,2026-04-09,5,89643,448215,Debit Card,Shipped
352,253,252,2026-05-27,1,87580,87580,Debit Card,Cancelled
353,475,426,2024-10-19,4,77854,311416,Credit Card,Shipped
354,906,41,2025-02-05,2,39390,78780,Cash on Delivery,Cancelled
355,552,181,2024-12-22,5,32425,162125,Cash on Delivery,Cancelled
356,643,114,2024-12-21,2,97310,194620,Debit Card,Returned
357,247,9,2025-09-16,3,83820,251460,Debit Card,Delivered
358,168,82,2025-07-10,4,84079,336316,UPI,Shipped
359,50,359,2024-11-12,2,65462,130924,Net Banking,Cancelled
360,121,11,2025-06-19,1,61089,61089,Net Banking,Delivered
361,545,7,2024-12-16,3,47900,143700,Cash on Delivery,Delivered
362,5,445,2025-02-28,4,83550,334200,Debit Card,Cancelled
363,446,57,2025-07-21,5,5729,28645,Net Banking,Cancelled
364,350,31,2025-02-06,1,17842,17842,Credit Card,Returned
365,566,237,2026-06-06,1,6226,6226,Cash on Delivery,Cancelled
366,9,50,2026-07-14,5,39740,198700,Credit Card,Delivered
367,451,96,2024-09-23,4,20473,81892,Debit Card,Returned
368,300,109,2025-07-06,1,85159,85159,Credit Card,Delivered
369,667,124,2026-04-15,1,72850,72850,Debit Card,Returned
370,463,288,2026-05-27,1,32596,32596,UPI,Shipped
371,296,221,2026-05-22,5,9450,47250,Credit Card,Returned
372,411,461,2025-09-27,4,82823,331292,Debit Card,Returned
373,832,458,2024-10-11,5,96282,481410,Credit Card,Returned
374,646,368,2024-09-04,1,42654,42654,Net Banking,Returned
375,24,440,2025-12-15,3,37342,112026,UPI,Cancelled
376,540,263,2025-09-19,2,10994,21988,Net Banking,Returned
377,50,215,2026-05-07,2,57740,115480,Debit Card,Delivered
378,782,98,2024-08-07,3,14668,44004,Cash on Delivery,Cancelled
379,724,106,2024-10-07,1,4261,4261,Net Banking,Cancelled
380,598,244,2026-07-16,2,52464,104928,UPI,Returned
381,875,213,2026-03-04,1,56767,56767,Credit Card,Delivered
382,689,130,2026-05-17,1,11043,11043,Debit Card,Shipped
383,666,124,2025-01-26,2,72850,145700,Cash on Delivery,Shipped
384,415,150,2024-12-03,1,13569,13569,Cash on Delivery,Shipped
385,706,284,2025-06-07,5,81034,405170,Credit Card,Shipped
386,749,415,2025-08-08,3,63777,191331,Credit Card,Delivered
387,518,1,2025-08-04,3,55802,167406,Credit Card,Shipped
388,56,85,2025-01-09,5,8918,44590,Debit Card,Shipped
389,987,387,2026-05-29,1,2552,2552,UPI,Shipped
390,521,100,2025-06-03,1,90187,90187,Debit Card,Shipped
391,938,314,2026-06-27,5,60749,303745,Debit Card,Delivered
392,743,287,2024-09-10,2,55102,110204,Debit Card,Delivered
393,564,245,2024-12-01,2,4194,8388,Net Banking,Delivered
394,494,270,2025-05-17,1,41707,41707,Net Banking,Returned
395,133,131,2024-07-28,3,12470,37410,Cash on Delivery,Delivered
396,532,182,2025-05-26,4,27652,110608,Cash on Delivery,Shipped
397,962,473,2025-02-17,5,77365,386825,UPI,Cancelled
398,860,480,2026-07-16,4,67449,269796,UPI,Delivered
399,395,375,2026-03-28,4,71558,286232,Net Banking,Returned
400,419,258,2026-03-28,1,52696,52696,Net Banking,Returned
401,39,121,2025-07-15,1,78635,78635,UPI,Cancelled
402,910,352,2025-03-05,5,60875,304375,Credit Card,Delivered
403,46,33,2025-06-20,2,54383,108766,Debit Card,Cancelled
404,918,264,2026-01-19,4,90908,363632,Cash on Delivery,Cancelled
405,805,286,2026-02-14,4,11146,44584,Cash on Delivery,Returned
406,588,254,2026-03-27,1,9355,9355,UPI,Shipped
407,294,281,2025-10-01,4,66411,265644,Net Banking,Shipped
408,311,367,2025-12-23,4,32297,129188,Debit Card,Returned
409,101,341,2026-02-05,4,66755,267020,Net Banking,Delivered
410,993,236,2025-08-09,3,17676,53028,Net Banking,Cancelled
411,586,47,2024-11-24,3,99048,297144,Debit Card,Shipped
412,474,384,2024-12-21,4,66017,264068,UPI,Delivered
413,775,393,2025-03-14,1,39215,39215,UPI,Returned
414,74,367,2025-01-12,1,32297,32297,Debit Card,Shipped
415,567,125,2024-09-10,5,4778,23890,UPI,Cancelled
416,197,121,2025-10-19,1,78635,78635,Net Banking,Cancelled
417,674,464,2026-02-18,4,79274,317096,UPI,Cancelled
418,16,248,2025-09-21,5,72432,362160,Debit Card,Cancelled
419,272,151,2024-09-12,1,10307,10307,Cash on Delivery,Shipped
420,469,324,2026-02-27,2,63080,126160,Net Banking,Shipped
421,348,390,2025-03-27,1,57790,57790,Debit Card,Cancelled
422,576,197,2024-09-09,1,46846,46846,Debit Card,Shipped
423,849,483,2024-09-03,4,48207,192828,Cash on Delivery,Delivered
424,83,344,2025-10-23,5,8067,40335,Debit Card,Delivered
425,869,363,2025-08-01,2,85265,170530,Debit Card,Cancelled
426,659,183,2025-08-21,3,871,2613,Debit Card,Delivered
427,510,29,2026-07-11,2,9805,19610,Credit Card,Returned
428,595,395,2026-05-20,1,14465,14465,Credit Card,Delivered
429,319,272,2025-09-12,1,28624,28624,Cash on Delivery,Shipped
430,835,181,2024-11-26,4,32425,129700,Net Banking,Returned
431,971,54,2024-09-09,3,17646,52938,Credit Card,Cancelled
432,911,290,2025-08-25,3,45089,135267,Debit Card,Delivered
433,487,243,2024-09-27,1,29602,29602,Credit Card,Shipped
434,530,430,2026-05-19,5,7526,37630,UPI,Delivered
435,607,304,2024-12-18,3,68068,204204,Net Banking,Returned
436,790,164,2024-09-18,4,30662,122648,Cash on Delivery,Returned
437,171,301,2025-11-01,4,13172,52688,Debit Card,Shipped
438,547,403,2024-09-17,5,58200,291000,UPI,Cancelled
439,255,255,2026-01-02,4,6311,25244,UPI,Cancelled
440,66,268,2026-05-27,5,47967,239835,Net Banking,Cancelled
441,727,199,2025-01-25,1,29892,29892,Credit Card,Returned
442,414,209,2025-06-05,5,7680,38400,UPI,Delivered
443,721,315,2024-10-28,2,63962,127924,Debit Card,Shipped
444,248,329,2026-06-18,2,61844,123688,Debit Card,Cancelled
445,750,261,2025-10-12,3,24986,74958,UPI,Delivered
446,559,411,2025-02-03,4,5318,21272,Net Banking,Shipped
447,699,342,2025-10-19,2,58412,116824,Net Banking,Shipped
448,705,307,2025-10-31,5,77007,385035,Cash on Delivery,Cancelled
449,561,389,2024-08-26,1,90849,90849,Net Banking,Delivered
450,298,453,2025-11-20,4,11303,45212,UPI,Returned
451,194,144,2024-09-28,1,45048,45048,Debit Card,Returned
452,546,465,2025-06-17,5,68362,341810,Net Banking,Returned
453,4,191,2025-12-19,3,70041,210123,UPI,Returned
454,289,159,2025-10-23,1,61481,61481,Debit Card,Shipped
455,522,394,2025-10-09,5,50307,251535,Net Banking,Cancelled
456,77,494,2025-09-06,1,98528,98528,Net Banking,Delivered
457,165,251,2025-03-29,2,38677,77354,Net Banking,Returned
458,244,215,2026-07-23,5,57740,288700,UPI,Returned
459,971,231,2025-02-14,3,86490,259470,Debit Card,Shipped
460,956,185,2025-01-01,3,42937,128811,Credit Card,Delivered
461,455,32,2025-12-29,5,53854,269270,UPI,Shipped
462,772,157,2026-02-03,3,10850,32550,Debit Card,Shipped
463,657,102,2025-03-28,2,64751,129502,UPI,Shipped
464,746,226,2025-01-28,3,94126,282378,Credit Card,Shipped
465,720,320,2025-02-18,5,98455,492275,Credit Card,Delivered
466,148,300,2025-05-30,2,38327,76654,Net Banking,Returned
467,588,63,2024-11-05,5,37085,185425,Cash on Delivery,Returned
468,945,242,2025-12-30,5,11493,57465,Cash on Delivery,Cancelled
469,188,175,2025-12-10,3,31275,93825,Credit Card,Returned
470,683,80,2025-03-17,1,73759,73759,Net Banking,Returned
471,940,200,2025-07-17,3,75748,227244,Debit Card,Delivered
472,426,447,2025-03-29,3,83709,251127,Cash on Delivery,Delivered
473,569,59,2026-07-18,3,23706,71118,Net Banking,Returned
474,605,56,2026-03-02,1,76850,76850,UPI,Cancelled
475,138,158,2026-07-23,3,19258,57774,UPI,Delivered
476,985,412,2024-09-21,5,86693,433465,Cash on Delivery,Returned
477,820,157,2024-08-03,4,10850,43400,Cash on Delivery,Delivered
478,287,371,2025-07-17,4,34680,138720,Cash on Delivery,Shipped
479,154,60,2025-11-21,3,35470,106410,Cash on Delivery,Returned
480,488,304,2025-10-07,5,68068,340340,Credit Card,Delivered
481,67,200,2024-10-12,4,75748,302992,UPI,Cancelled
482,378,246,2024-09-21,1,5520,5520,Cash on Delivery,Shipped
483,769,195,2025-09-17,1,9299,9299,Credit Card,Returned
484,238,366,2025-01-08,4,40239,160956,Cash on Delivery,Shipped
485,26,47,2025-08-23,3,99048,297144,Debit Card,Cancelled
486,937,24,2025-02-17,4,74864,299456,Net Banking,Cancelled
487,490,268,2024-11-06,5,47967,239835,UPI,Cancelled
488,501,369,2026-07-21,1,47639,47639,Debit Card,Delivered
489,302,287,2025-04-24,5,55102,275510,Net Banking,Cancelled
490,641,199,2026-06-11,3,29892,89676,Cash on Delivery,Shipped
491,639,1,2024-09-18,3,55802,167406,UPI,Shipped
492,580,109,2026-06-09,3,85159,255477,Debit Card,Returned
493,638,421,2025-02-01,2,52349,104698,Cash on Delivery,Delivered
494,872,266,2025-05-10,3,67751,203253,Cash on Delivery,Returned
495,785,131,2025-03-05,3,12470,37410,Credit Card,Delivered
496,202,58,2024-11-26,4,73885,295540,Cash on Delivery,Cancelled
497,294,483,2025-07-02,1,48207,48207,Debit Card,Cancelled
498,268,427,2026-05-05,2,15828,31656,Credit Card,Cancelled
499,212,475,2025-09-21,4,15702,62808,Credit Card,Shipped
500,673,69,2026-01-24,2,66969,133938,Credit Card,Delivered
501,353,104,2025-03-18,3,57591,172773,UPI,Delivered
502,52,334,2025-11-14,3,99296,297888,Cash on Delivery,Shipped
503,673,422,2026-04-14,5,1083,5415,Net Banking,Shipped
504,398,298,2025-12-16,2,1571,3142,Credit Card,Shipped
505,841,173,2025-09-10,4,83783,335132,UPI,Returned
506,7,220,2024-08-02,3,84778,254334,Credit Card,Returned
507,991,424,2025-12-27,5,69668,348340,Debit Card,Returned
508,338,76,2026-04-22,2,80620,161240,Cash on Delivery,Shipped
509,130,204,2025-09-30,3,59960,179880,Net Banking,Shipped
510,174,468,2025-03-16,3,55663,166989,Cash on Delivery,Returned
511,890,276,2026-07-20,4,29891,119564,Debit Card,Returned
512,872,171,2025-12-24,5,48811,244055,Cash on Delivery,Returned
513,12,94,2024-10-15,2,62144,124288,Credit Card,Shipped
514,529,285,2026-07-26,3,86841,260523,UPI,Returned
515,350,305,2026-06-09,3,81305,243915,Cash on Delivery,Delivered
516,841,389,2024-11-08,5,90849,454245,UPI,Cancelled
517,441,177,2025-02-17,1,81194,81194,Credit Card,Cancelled
518,460,216,2024-10-24,4,41168,164672,Cash on Delivery,Shipped
519,5,192,2026-06-18,4,86314,345256,UPI,Shipped
520,378,344,2024-10-18,4,8067,32268,Debit Card,Delivered
521,688,249,2026-02-23,4,31647,126588,UPI,Returned
522,191,332,2025-09-29,5,43482,217410,Debit Card,Shipped
523,991,149,2024-11-24,4,65423,261692,UPI,Cancelled
524,706,53,2025-02-23,2,12597,25194,UPI,Cancelled
525,671,325,2025-03-02,1,12225,12225,Debit Card,Shipped
526,561,493,2025-11-08,2,12693,25386,UPI,Cancelled
527,32,371,2025-01-06,4,34680,138720,Credit Card,Returned
528,863,468,2026-02-04,4,55663,222652,Cash on Delivery,Delivered
529,993,330,2025-04-19,1,85472,85472,UPI,Cancelled
530,582,412,2025-01-01,2,86693,173386,Credit Card,Returned
531,435,162,2026-01-11,1,75463,75463,Debit Card,Shipped
532,754,52,2025-12-01,3,90611,271833,UPI,Delivered
533,959,383,2026-05-20,2,50210,100420,Net Banking,Returned
534,89,218,2025-02-17,1,31468,31468,UPI,Returned
535,179,385,2025-08-23,5,6077,30385,Cash on Delivery,Delivered
536,521,245,2025-08-10,5,4194,20970,Cash on Delivery,Shipped
537,514,68,2025-02-07,2,9671,19342,Debit Card,Returned
538,392,61,2026-06-30,1,29654,29654,Cash on Delivery,Cancelled
539,38,463,2026-07-02,2,41722,83444,Cash on Delivery,Returned
540,617,178,2026-05-15,2,58615,117230,UPI,Cancelled
541,904,362,2024-09-04,1,73544,73544,Cash on Delivery,Delivered
542,602,421,2024-10-06,4,52349,209396,Net Banking,Delivered
543,374,58,2025-12-01,4,73885,295540,Debit Card,Cancelled
544,432,209,2025-06-21,1,7680,7680,Debit Card,Delivered
545,856,74,2026-05-02,3,68061,204183,Credit Card,Delivered
546,535,18,2025-02-26,5,50519,252595,Debit Card,Shipped
547,511,29,2024-08-30,1,9805,9805,Debit Card,Cancelled
548,830,396,2024-07-29,2,13899,27798,Net Banking,Returned
549,918,316,2025-04-12,2,38380,76760,Credit Card,Delivered
550,122,224,2026-03-17,4,73155,292620,UPI,Cancelled
551,638,449,2024-11-05,2,64114,128228,UPI,Shipped
552,776,450,2025-12-03,1,82574,82574,Debit Card,Cancelled
553,164,38,2025-02-15,5,64153,320765,Net Banking,Returned
554,996,199,2024-11-29,3,29892,89676,UPI,Shipped
555,987,213,2026-02-22,3,56767,170301,Debit Card,Delivered
556,5,385,2025-07-05,3,6077,18231,Debit Card,Delivered
557,290,438,2025-09-28,3,28009,84027,Net Banking,Returned
558,812,258,2026-01-26,4,52696,210784,Net Banking,Cancelled
559,836,358,2025-06-24,2,36564,73128,Net Banking,Returned
560,647,107,2025-10-05,3,34362,103086,Cash on Delivery,Cancelled
561,996,374,2024-08-03,1,22550,22550,Net Banking,Delivered
562,369,449,2024-10-21,4,64114,256456,Cash on Delivery,Shipped
563,412,133,2024-09-23,5,77220,386100,Debit Card,Cancelled
564,378,455,2026-06-12,1,92735,92735,UPI,Cancelled
565,536,292,2026-01-14,3,61641,184923,Debit Card,Returned
566,801,38,2026-06-29,5,64153,320765,Net Banking,Shipped
567,780,340,2024-11-19,4,92744,370976,Debit Card,Returned
568,940,137,2025-09-23,1,61052,61052,Debit Card,Returned
569,978,260,2024-08-23,3,48737,146211,UPI,Delivered
570,930,124,2026-05-06,4,72850,291400,Debit Card,Shipped
571,984,339,2025-05-09,1,89673,89673,Credit Card,Returned
572,986,225,2025-10-22,1,79799,79799,Credit Card,Delivered
573,233,10,2025-09-29,2,92488,184976,Debit Card,Cancelled
574,820,203,2024-11-19,4,97620,390480,Cash on Delivery,Delivered
575,239,430,2025-06-25,5,7526,37630,Credit Card,Returned
576,973,344,2024-11-02,3,8067,24201,Debit Card,Returned
577,54,351,2024-08-28,1,88776,88776,Cash on Delivery,Shipped
578,623,290,2025-03-23,5,45089,225445,Debit Card,Returned
579,904,439,2025-05-06,3,81260,243780,Debit Card,Shipped
580,368,43,2026-06-25,1,11000,11000,UPI,Shipped
581,975,445,2026-07-21,4,83550,334200,Cash on Delivery,Returned
582,739,206,2026-04-06,5,87261,436305,UPI,Cancelled
583,215,483,2026-05-26,3,48207,144621,Net Banking,Shipped
584,531,35,2024-08-26,5,70792,353960,Debit Card,Returned
585,470,46,2026-06-25,2,31785,63570,UPI,Shipped
586,104,408,2025-04-30,1,57969,57969,Net Banking,Shipped
587,399,284,2025-01-06,4,81034,324136,UPI,Cancelled
588,829,216,2026-01-07,3,41168,123504,UPI,Cancelled
589,610,168,2025-02-05,3,34181,102543,Credit Card,Shipped
590,525,101,2025-12-27,3,56648,169944,Cash on Delivery,Shipped
591,941,371,2024-10-14,1,34680,34680,Credit Card,Shipped
592,256,224,2025-04-27,2,73155,146310,Net Banking,Delivered
593,634,213,2026-03-24,3,56767,170301,Cash on Delivery,Cancelled
594,654,308,2025-10-04,4,86429,345716,Cash on Delivery,Shipped
595,392,131,2026-06-13,5,12470,62350,UPI,Delivered
596,104,220,2026-06-06,3,84778,254334,Net Banking,Returned
597,56,292,2025-06-07,5,61641,308205,Net Banking,Returned
598,927,266,2025-11-21,5,67751,338755,UPI,Shipped
599,101,436,2026-03-01,3,29144,87432,UPI,Returned
600,500,369,2024-11-24,4,47639,190556,Cash on Delivery,Cancelled
601,983,79,2026-07-16,2,33162,66324,Cash on Delivery,Shipped
602,823,431,2026-07-19,2,50824,101648,Net Banking,Delivered
603,708,448,2025-01-26,1,28267,28267,Cash on Delivery,Shipped
604,58,314,2026-05-29,3,60749,182247,Credit Card,Shipped
605,809,119,2024-11-30,3,64954,194862,Credit Card,Cancelled
606,48,253,2026-04-09,5,62121,310605,Debit Card,Delivered
607,640,210,2026-04-17,3,43507,130521,Credit Card,Cancelled
608,854,279,2024-12-11,2,75853,151706,Debit Card,Delivered
609,335,166,2026-06-11,5,4873,24365,Credit Card,Shipped
610,42,144,2025-06-12,2,45048,90096,Cash on Delivery,Cancelled
611,56,238,2024-08-15,5,37846,189230,UPI,Delivered
612,740,140,2024-12-13,1,72699,72699,UPI,Cancelled
613,304,9,2026-02-19,2,83820,167640,Cash on Delivery,Returned
614,909,279,2026-07-15,5,75853,379265,UPI,Returned
615,71,184,2025-04-11,5,87146,435730,Debit Card,Cancelled
616,865,80,2026-03-26,4,73759,295036,Credit Card,Returned
617,773,349,2026-07-19,3,17931,53793,Net Banking,Delivered
618,841,118,2025-06-11,1,7234,7234,Credit Card,Returned
619,827,428,2026-04-11,4,18570,74280,Net Banking,Returned
620,929,21,2025-12-29,2,14447,28894,Debit Card,Shipped
621,43,191,2026-05-29,3,70041,210123,Debit Card,Cancelled
622,858,334,2026-02-17,4,99296,397184,Credit Card,Cancelled
623,937,238,2026-04-17,5,37846,189230,Cash on Delivery,Delivered
624,336,198,2025-02-04,3,79196,237588,Credit Card,Returned
625,850,379,2025-02-19,1,95159,95159,Debit Card,Returned
626,878,363,2024-11-27,2,85265,170530,Credit Card,Delivered
627,295,286,2026-03-30,1,11146,11146,Debit Card,Returned
628,392,67,2026-01-22,5,71075,355375,Net Banking,Shipped
629,299,202,2024-10-18,2,24277,48554,Debit Card,Cancelled
630,70,243,2025-05-20,2,29602,59204,Credit Card,Returned
631,676,363,2026-06-04,5,85265,426325,Net Banking,Returned
632,917,264,2024-08-26,3,90908,272724,Net Banking,Delivered
633,743,488,2026-05-24,1,38719,38719,Net Banking,Returned
634,416,268,2025-07-27,2,47967,95934,Credit Card,Cancelled
635,525,149,2025-01-15,1,65423,65423,UPI,Cancelled
636,668,229,2024-12-29,4,43713,174852,Cash on Delivery,Returned
637,805,41,2026-04-22,3,39390,118170,Cash on Delivery,Delivered
638,583,179,2026-07-10,1,85018,85018,Net Banking,Shipped
639,701,401,2025-07-19,3,33490,100470,Debit Card,Returned
640,912,238,2025-04-24,3,37846,113538,UPI,Returned
641,670,303,2025-03-21,1,94031,94031,Cash on Delivery,Shipped
642,248,239,2026-04-25,3,61974,185922,Cash on Delivery,Cancelled
643,925,22,2026-04-05,1,21674,21674,Net Banking,Returned
644,980,178,2026-06-03,5,58615,293075,Debit Card,Delivered
645,276,358,2025-01-19,2,36564,73128,UPI,Returned
646,34,26,2025-01-16,3,80007,240021,Debit Card,Cancelled
647,719,203,2024-08-14,2,97620,195240,Credit Card,Returned
648,250,156,2025-12-21,5,56950,284750,UPI,Delivered
649,998,389,2024-12-24,1,90849,90849,Credit Card,Cancelled
650,295,275,2025-06-01,4,93798,375192,Cash on Delivery,Returned
651,477,200,2025-04-07,2,75748,151496,Cash on Delivery,Shipped
652,721,268,2025-02-28,3,47967,143901,Cash on Delivery,Cancelled
653,880,115,2026-05-29,2,39329,78658,Net Banking,Cancelled
654,803,73,2024-09-18,5,62521,312605,Debit Card,Returned
655,557,392,2026-03-19,5,49707,248535,Debit Card,Returned
656,317,178,2025-02-28,1,58615,58615,Debit Card,Cancelled
657,409,90,2025-04-25,1,61761,61761,Net Banking,Cancelled
658,345,232,2025-12-07,1,49872,49872,Cash on Delivery,Returned
659,83,62,2025-08-26,3,29719,89157,Cash on Delivery,Shipped
660,110,346,2025-06-02,1,92300,92300,Cash on Delivery,Returned
661,388,342,2026-01-05,2,58412,116824,Cash on Delivery,Returned
662,705,438,2026-05-13,2,28009,56018,Credit Card,Delivered
663,826,437,2025-09-16,5,59447,297235,UPI,Shipped
664,488,424,2025-04-10,1,69668,69668,Net Banking,Cancelled
665,867,13,2026-07-26,4,28153,112612,Credit Card,Returned
666,883,141,2024-08-17,2,15896,31792,Net Banking,Returned
667,55,479,2024-10-24,1,56772,56772,Credit Card,Shipped
668,641,40,2026-06-08,5,91803,459015,Debit Card,Returned
669,17,453,2025-02-14,5,11303,56515,Net Banking,Cancelled
670,483,29,2024-12-12,2,9805,19610,Net Banking,Cancelled
671,821,418,2025-10-20,5,6356,31780,Debit Card,Cancelled
672,272,402,2025-02-18,5,14521,72605,Net Banking,Shipped
673,436,137,2024-08-25,2,61052,122104,Debit Card,Cancelled
674,970,408,2024-10-19,2,57969,115938,Debit Card,Cancelled
675,362,305,2025-11-02,2,81305,162610,Net Banking,Cancelled
676,453,360,2025-06-29,4,54011,216044,Debit Card,Cancelled
677,143,450,2025-04-21,3,82574,247722,UPI,Returned
678,110,254,2026-02-12,4,9355,37420,Debit Card,Shipped
679,281,103,2026-03-29,3,23586,70758,UPI,Cancelled
680,799,148,2025-03-27,1,6220,6220,Debit Card,Returned
681,369,101,2025-06-30,3,56648,169944,Net Banking,Shipped
682,240,312,2025-11-09,2,80647,161294,Cash on Delivery,Cancelled
683,355,83,2025-08-28,5,58154,290770,Debit Card,Shipped
684,702,182,2024-10-24,1,27652,27652,Cash on Delivery,Shipped
685,82,139,2025-05-22,2,16415,32830,UPI,Shipped
686,112,459,2026-06-25,2,50664,101328,UPI,Delivered
687,762,297,2025-10-17,4,7124,28496,Debit Card,Returned
688,359,104,2024-12-21,1,57591,57591,Credit Card,Delivered
689,354,6,2025-02-09,5,70784,353920,Credit Card,Returned
690,952,404,2024-08-30,4,79564,318256,Net Banking,Shipped
691,654,356,2026-01-28,3,38414,115242,Debit Card,Cancelled
692,426,129,2025-06-30,1,61933,61933,UPI,Shipped
693,72,47,2024-07-28,5,99048,495240,UPI,Shipped
694,990,395,2025-09-03,4,14465,57860,Credit Card,Delivered
695,376,261,2026-07-15,4,24986,99944,Net Banking,Shipped
696,465,47,2026-04-14,3,99048,297144,UPI,Delivered
697,813,29,2025-09-18,3,9805,29415,Cash on Delivery,Delivered
698,995,300,2026-01-11,3,38327,114981,Debit Card,Returned
699,510,177,2026-02-05,5,81194,405970,Cash on Delivery,Returned
700,839,44,2026-07-27,2,16213,32426,Cash on Delivery,Returned
701,565,31,2026-02-23,3,17842,53526,Credit Card,Delivered
702,403,337,2026-02-19,3,48674,146022,Credit Card,Returned
703,346,372,2025-12-29,3,26215,78645,Credit Card,Delivered
704,322,422,2024-12-27,3,1083,3249,Debit Card,Shipped
705,800,377,2025-05-05,2,1698,3396,Cash on Delivery,Returned
706,231,238,2025-06-26,4,37846,151384,Cash on Delivery,Cancelled
707,21,32,2024-09-19,1,53854,53854,Net Banking,Delivered
708,131,330,2025-12-24,2,85472,170944,Credit Card,Returned
709,394,322,2026-07-12,3,30079,90237,Credit Card,Delivered
710,376,15,2025-04-09,3,32825,98475,Net Banking,Shipped
711,93,40,2025-11-23,4,91803,367212,Debit Card,Cancelled
712,119,117,2025-03-27,3,2107,6321,Cash on Delivery,Delivered
713,489,142,2025-12-24,3,63742,191226,Debit Card,Shipped
714,922,55,2026-05-16,1,1767,1767,UPI,Returned
715,668,154,2024-10-31,3,13403,40209,Credit Card,Returned
716,629,312,2026-02-06,5,80647,403235,Debit Card,Delivered
717,667,286,2026-06-26,3,11146,33438,Debit Card,Shipped
718,823,219,2025-03-17,2,23718,47436,Credit Card,Returned
719,340,436,2025-08-24,2,29144,58288,Net Banking,Cancelled
720,139,500,2025-03-24,4,16217,64868,Cash on Delivery,Returned
721,219,107,2025-12-26,5,34362,171810,Credit Card,Shipped
722,250,297,2025-06-09,5,7124,35620,UPI,Returned
723,241,377,2025-04-06,5,1698,8490,Debit Card,Delivered
724,560,154,2025-06-04,5,13403,67015,UPI,Delivered
725,777,24,2026-01-19,5,74864,374320,Cash on Delivery,Shipped
726,384,131,2025-03-13,5,12470,62350,Cash on Delivery,Shipped
727,811,371,2025-09-30,2,34680,69360,Debit Card,Returned
728,857,98,2024-11-02,1,14668,14668,Credit Card,Returned
729,458,236,2024-12-23,1,17676,17676,Cash on Delivery,Returned
730,557,93,2025-06-18,1,44736,44736,Net Banking,Shipped
731,174,270,2025-12-25,5,41707,208535,Net Banking,Returned
732,637,294,2026-07-27,5,43417,217085,UPI,Returned
733,551,285,2025-05-17,3,86841,260523,UPI,Returned
734,740,136,2026-01-04,3,41724,125172,UPI,Shipped
735,77,89,2026-02-28,5,36274,181370,UPI,Delivered
736,312,232,2026-06-28,4,49872,199488,Debit Card,Delivered
737,904,257,2024-12-09,5,26922,134610,UPI,Delivered
738,217,171,2025-11-17,4,48811,195244,UPI,Cancelled
739,621,74,2025-10-12,4,68061,272244,Credit Card,Shipped
740,2,452,2025-03-17,4,21337,85348,Debit Card,Returned
741,760,447,2025-06-07,4,83709,334836,Net Banking,Returned
742,417,487,2025-09-25,1,41223,41223,Cash on Delivery,Shipped
743,20,184,2026-05-05,3,87146,261438,UPI,Shipped
744,754,362,2024-07-27,5,73544,367720,Net Banking,Shipped
745,51,456,2025-03-20,2,30147,60294,UPI,Delivered
746,843,272,2025-03-06,3,28624,85872,Net Banking,Returned
747,470,355,2025-01-06,5,53225,266125,Net Banking,Shipped
748,626,259,2025-06-25,2,38001,76002,Net Banking,Cancelled
749,107,182,2026-03-29,2,27652,55304,Debit Card,Shipped
750,312,470,2025-10-20,1,66902,66902,UPI,Returned
751,972,498,2025-11-10,5,14348,71740,UPI,Shipped
752,869,424,2025-12-17,2,69668,139336,UPI,Delivered
753,798,464,2025-04-03,5,79274,396370,UPI,Returned
754,13,448,2025-07-23,5,28267,141335,UPI,Shipped
755,184,482,2025-07-05,1,836,836,Net Banking,Returned
756,200,490,2025-07-05,2,1335,2670,Cash on Delivery,Shipped
757,542,385,2026-01-02,1,6077,6077,Credit Card,Cancelled
758,811,124,2025-01-08,2,72850,145700,Cash on Delivery,Cancelled
759,733,361,2025-08-28,5,39918,199590,Cash on Delivery,Cancelled
760,478,59,2025-07-29,2,23706,47412,Debit Card,Shipped
761,621,351,2026-04-04,5,88776,443880,Credit Card,Returned
762,438,56,2026-06-26,3,76850,230550,Debit Card,Delivered
763,56,30,2026-04-06,5,9787,48935,Cash on Delivery,Shipped
764,638,176,2026-02-18,4,55435,221740,Cash on Delivery,Returned
765,926,20,2024-12-05,1,57485,57485,Debit Card,Returned
766,107,246,2025-12-20,5,5520,27600,Debit Card,Returned
767,28,136,2024-09-30,4,41724,166896,Credit Card,Cancelled
768,712,25,2025-03-04,4,16983,67932,Credit Card,Returned
769,334,17,2025-08-31,2,14871,29742,Credit Card,Cancelled
770,486,84,2025-12-24,2,71298,142596,Net Banking,Delivered
771,712,293,2025-11-30,5,38538,192690,Net Banking,Returned
772,974,242,2025-11-19,5,11493,57465,Cash on Delivery,Shipped
773,225,289,2025-04-13,4,90757,363028,Credit Card,Cancelled
774,617,227,2024-10-07,2,58095,116190,Debit Card,Delivered
775,695,41,2026-04-23,4,39390,157560,Debit Card,Delivered
776,305,346,2026-03-02,5,92300,461500,Credit Card,Delivered
777,520,287,2025-01-25,3,55102,165306,Net Banking,Delivered
778,391,177,2025-12-31,1,81194,81194,Credit Card,Shipped
779,44,47,2025-03-25,4,99048,396192,Credit Card,Cancelled
780,88,487,2025-01-17,3,41223,123669,UPI,Shipped
781,965,309,2026-04-14,2,63473,126946,UPI,Returned
782,261,145,2024-12-28,2,77431,154862,Cash on Delivery,Shipped
783,141,434,2024-11-18,4,70965,283860,Credit Card,Cancelled
784,917,464,2024-08-14,3,79274,237822,Net Banking,Returned
785,481,140,2024-08-31,5,72699,363495,Debit Card,Cancelled
786,336,251,2025-02-02,3,38677,116031,Debit Card,Returned
787,609,148,2025-07-31,4,6220,24880,UPI,Returned
788,521,429,2025-11-13,3,22371,67113,Credit Card,Cancelled
789,424,193,2026-05-18,3,30449,91347,Net Banking,Delivered
790,975,149,2026-03-15,5,65423,327115,Credit Card,Shipped
791,336,188,2024-09-21,1,8472,8472,Debit Card,Returned
792,370,243,2025-07-15,3,29602,88806,Credit Card,Shipped
793,449,280,2025-06-13,3,89643,268929,Credit Card,Returned
794,621,8,2026-06-15,5,10958,54790,Credit Card,Returned
795,849,179,2025-11-28,5,85018,425090,Debit Card,Cancelled
796,128,401,2025-10-17,4,33490,133960,Net Banking,Returned
797,272,181,2024-12-25,2,32425,64850,Debit Card,Shipped
798,523,216,2026-02-04,2,41168,82336,Cash on Delivery,Returned
799,738,260,2026-01-18,2,48737,97474,Cash on Delivery,Delivered
800,146,317,2025-05-21,5,46218,231090,UPI,Delivered
801,927,258,2025-08-14,1,52696,52696,UPI,Returned
802,924,4,2025-06-02,2,36921,73842,Credit Card,Delivered
803,43,241,2025-02-01,2,7339,14678,UPI,Shipped
804,352,453,2024-11-18,5,11303,56515,Net Banking,Cancelled
805,13,204,2025-12-18,1,59960,59960,Cash on Delivery,Returned
806,208,378,2026-01-12,4,2561,10244,UPI,Delivered
807,703,424,2024-07-31,5,69668,348340,Cash on Delivery,Returned
808,258,470,2026-06-20,1,66902,66902,UPI,Cancelled
809,73,207,2026-03-02,5,99451,497255,Debit Card,Delivered
810,968,64,2026-05-26,5,34737,173685,Net Banking,Shipped
811,492,195,2026-03-17,1,9299,9299,UPI,Shipped
812,708,321,2026-06-14,2,14816,29632,Credit Card,Cancelled
813,14,457,2024-10-17,3,55853,167559,Debit Card,Returned
814,424,244,2026-03-23,1,52464,52464,Debit Card,Returned
815,192,55,2025-06-22,4,1767,7068,Cash on Delivery,Shipped
816,938,10,2025-01-12,2,92488,184976,Debit Card,Delivered
817,585,160,2024-12-10,1,45793,45793,UPI,Returned
818,350,377,2026-04-12,4,1698,6792,Net Banking,Returned
819,643,297,2026-01-18,1,7124,7124,UPI,Shipped
820,624,182,2025-09-02,1,27652,27652,Net Banking,Returned
821,754,118,2025-07-22,3,7234,21702,Cash on Delivery,Delivered
822,755,426,2024-09-04,5,77854,389270,UPI,Shipped
823,785,360,2025-10-02,2,54011,108022,Cash on Delivery,Returned
824,892,194,2025-02-05,3,41466,124398,UPI,Delivered
825,293,117,2026-07-09,3,2107,6321,Cash on Delivery,Delivered
826,577,73,2026-05-16,2,62521,125042,Debit Card,Delivered
827,363,268,2024-10-29,2,47967,95934,Cash on Delivery,Shipped
828,782,454,2025-07-16,4,82499,329996,UPI,Cancelled
829,841,290,2024-11-07,2,45089,90178,Cash on Delivery,Shipped
830,888,15,2026-04-10,5,32825,164125,Net Banking,Cancelled
831,602,387,2025-07-22,4,2552,10208,Credit Card,Delivered
832,783,392,2025-12-27,5,49707,248535,Debit Card,Delivered
833,255,446,2025-09-12,1,60097,60097,Net Banking,Shipped
834,966,55,2025-10-04,1,1767,1767,Debit Card,Returned
835,254,416,2025-11-01,3,41380,124140,UPI,Cancelled
836,121,245,2025-03-30,4,4194,16776,Net Banking,Shipped
837,366,144,2026-03-05,3,45048,135144,Cash on Delivery,Returned
838,189,189,2026-06-19,4,93875,375500,Credit Card,Returned
839,509,304,2025-07-05,1,68068,68068,Cash on Delivery,Cancelled
840,408,82,2025-11-14,2,84079,168158,UPI,Delivered
841,49,190,2026-04-21,3,17040,51120,Credit Card,Returned
842,786,16,2026-02-05,2,29246,58492,Net Banking,Cancelled
843,195,130,2026-06-19,3,11043,33129,UPI,Delivered
844,298,398,2025-08-23,1,38753,38753,Debit Card,Returned
845,600,391,2025-06-23,3,83615,250845,Debit Card,Delivered
846,984,394,2026-05-03,2,50307,100614,UPI,Shipped
847,245,20,2026-07-01,4,57485,229940,Net Banking,Returned
848,688,450,2025-09-25,1,82574,82574,UPI,Delivered
849,730,239,2025-07-08,3,61974,185922,Cash on Delivery,Delivered
850,109,474,2026-06-23,5,96177,480885,Cash on Delivery,Cancelled
851,957,266,2024-11-27,4,67751,271004,UPI,Cancelled
852,917,312,2026-02-24,4,80647,322588,Net Banking,Delivered
853,959,353,2026-05-27,5,81099,405495,Credit Card,Shipped
854,700,168,2025-07-30,4,34181,136724,Credit Card,Shipped
855,633,276,2025-07-11,3,29891,89673,Debit Card,Cancelled
856,222,86,2025-02-13,4,27610,110440,Credit Card,Delivered
857,504,150,2026-03-02,2,13569,27138,Net Banking,Cancelled
858,489,122,2025-02-04,4,39474,157896,Debit Card,Returned
859,27,498,2026-05-10,1,14348,14348,Debit Card,Cancelled
860,964,481,2025-12-04,2,33938,67876,Net Banking,Shipped
861,440,405,2025-02-27,4,42330,169320,UPI,Shipped
862,571,39,2026-03-13,3,782,2346,UPI,Returned
863,9,287,2026-03-23,3,55102,165306,Cash on Delivery,Returned
864,886,376,2025-09-04,3,1336,4008,Net Banking,Cancelled
865,916,33,2025-08-07,4,54383,217532,Cash on Delivery,Shipped
866,257,26,2025-11-25,3,80007,240021,Debit Card,Shipped
867,457,494,2025-01-28,4,98528,394112,Debit Card,Shipped
868,165,167,2025-02-25,4,98473,393892,Debit Card,Cancelled
869,815,273,2025-07-03,4,18290,73160,Cash on Delivery,Shipped
870,96,70,2024-09-25,3,17183,51549,Net Banking,Cancelled
871,264,117,2026-02-01,4,2107,8428,Debit Card,Delivered
872,97,31,2025-03-05,5,17842,89210,Credit Card,Shipped
873,31,93,2025-01-25,5,44736,223680,UPI,Returned
874,662,362,2025-02-23,2,73544,147088,Net Banking,Cancelled
875,593,328,2025-04-13,1,60052,60052,Net Banking,Returned
876,801,499,2025-04-01,2,47461,94922,Debit Card,Shipped
877,602,270,2026-06-20,3,41707,125121,Credit Card,Returned
878,678,312,2025-09-19,4,80647,322588,UPI,Returned
879,948,18,2024-09-27,5,50519,252595,Net Banking,Returned
880,971,104,2024-11-11,5,57591,287955,Cash on Delivery,Returned
881,970,462,2024-11-21,5,13668,68340,UPI,Cancelled
882,144,110,2025-01-22,5,29545,147725,Cash on Delivery,Delivered
883,431,488,2025-05-20,1,38719,38719,Credit Card,Cancelled
884,133,449,2026-01-17,2,64114,128228,Cash on Delivery,Delivered
885,88,38,2024-11-22,5,64153,320765,Net Banking,Cancelled
886,123,487,2026-01-26,4,41223,164892,UPI,Delivered
887,439,54,2025-01-09,1,17646,17646,Debit Card,Shipped
888,892,141,2024-09-14,5,15896,79480,Cash on Delivery,Shipped
889,144,120,2025-06-14,4,74272,297088,Debit Card,Returned
890,214,341,2025-06-08,4,66755,267020,Cash on Delivery,Shipped
891,102,115,2025-04-10,3,39329,117987,UPI,Returned
892,25,135,2025-09-21,1,91421,91421,Debit Card,Returned
893,340,290,2025-07-23,1,45089,45089,UPI,Shipped
894,264,419,2025-06-14,3,97557,292671,Debit Card,Cancelled
895,728,420,2024-09-13,4,56385,225540,Credit Card,Returned
896,313,484,2025-01-03,3,42679,128037,Net Banking,Delivered
897,972,116,2026-05-04,4,6465,25860,Net Banking,Cancelled
898,217,235,2025-06-18,1,67043,67043,Debit Card,Delivered
899,112,456,2025-05-25,1,30147,30147,UPI,Cancelled
900,10,142,2026-06-29,1,63742,63742,Credit Card,Shipped
901,91,287,2026-03-16,5,55102,275510,Credit Card,Shipped
902,561,489,2025-10-23,3,78054,234162,Cash on Delivery,Returned
903,835,132,2026-01-18,4,5773,23092,Credit Card,Returned
904,73,460,2024-08-11,2,74331,148662,Credit Card,Returned
905,637,71,2026-05-23,4,72319,289276,UPI,Shipped
906,597,335,2026-06-11,4,91302,365208,Cash on Delivery,Returned
907,588,251,2026-03-13,4,38677,154708,UPI,Shipped
908,753,184,2025-10-17,2,87146,174292,Debit Card,Delivered
909,934,418,2025-05-18,5,6356,31780,UPI,Shipped
910,834,375,2025-08-01,3,71558,214674,Debit Card,Shipped
911,678,169,2024-07-31,4,61885,247540,UPI,Cancelled
912,566,151,2025-04-26,4,10307,41228,Cash on Delivery,Cancelled
913,78,444,2025-03-15,5,76184,380920,Net Banking,Returned
914,531,190,2026-03-04,5,17040,85200,UPI,Cancelled
915,91,6,2025-05-25,3,70784,212352,Net Banking,Shipped
916,759,311,2026-05-20,3,41616,124848,Cash on Delivery,Delivered
917,923,55,2026-06-19,2,1767,3534,Debit Card,Delivered
918,642,371,2026-05-07,2,34680,69360,Debit Card,Delivered
919,988,28,2025-06-17,2,29951,59902,Debit Card,Shipped
920,266,369,2025-09-18,5,47639,238195,Net Banking,Returned
921,790,267,2026-02-27,5,89378,446890,Credit Card,Returned
922,393,211,2026-02-17,4,50334,201336,Credit Card,Returned
923,187,209,2025-09-24,5,7680,38400,Credit Card,Shipped
924,587,241,2026-04-09,4,7339,29356,Debit Card,Shipped
925,293,473,2025-11-07,2,77365,154730,Debit Card,Returned
926,846,497,2026-06-24,5,36145,180725,UPI,Cancelled
927,138,258,2025-01-14,1,52696,52696,Net Banking,Shipped
928,640,4,2025-08-10,2,36921,73842,Net Banking,Returned
929,14,311,2025-01-13,4,41616,166464,Net Banking,Returned
930,513,22,2025-02-23,4,21674,86696,Net Banking,Shipped
931,525,46,2025-06-30,1,31785,31785,Cash on Delivery,Delivered
932,38,378,2025-08-08,2,2561,5122,Debit Card,Delivered
933,86,228,2024-08-18,3,51279,153837,Credit Card,Cancelled
934,35,260,2025-05-25,2,48737,97474,Net Banking,Returned
935,840,248,2025-04-14,5,72432,362160,Cash on Delivery,Delivered
936,315,313,2025-12-28,5,27676,138380,UPI,Cancelled
937,967,190,2026-01-05,5,17040,85200,Debit Card,Delivered
938,496,36,2026-04-07,4,10380,41520,Cash on Delivery,Shipped
939,721,434,2025-06-06,4,70965,283860,UPI,Shipped
940,311,145,2026-02-09,3,77431,232293,UPI,Returned
941,13,350,2024-12-02,3,17191,51573,Debit Card,Delivered
942,182,262,2026-05-10,4,10845,43380,UPI,Shipped
943,395,157,2025-07-25,2,10850,21700,Cash on Delivery,Cancelled
944,704,200,2026-07-11,5,75748,378740,Net Banking,Shipped
945,296,228,2024-11-03,5,51279,256395,Credit Card,Shipped
946,992,344,2025-11-22,2,8067,16134,UPI,Cancelled
947,215,297,2025-09-14,5,7124,35620,Debit Card,Shipped
948,153,304,2024-08-16,3,68068,204204,Debit Card,Cancelled
949,243,485,2026-07-01,5,75412,377060,Debit Card,Delivered
950,770,174,2025-05-29,2,18820,37640,Net Banking,Delivered
951,679,61,2025-10-29,3,29654,88962,Credit Card,Shipped
952,524,18,2025-10-08,2,50519,101038,Credit Card,Cancelled
953,563,413,2025-12-23,2,56920,113840,Net Banking,Returned
954,567,319,2024-08-17,2,6013,12026,Cash on Delivery,Cancelled
955,160,244,2024-09-30,4,52464,209856,Net Banking,Returned
956,144,382,2025-12-08,1,39818,39818,UPI,Returned
957,5,274,2025-06-24,5,88035,440175,Debit Card,Cancelled
958,985,137,2024-11-09,4,61052,244208,Net Banking,Cancelled
959,742,57,2026-05-31,5,5729,28645,UPI,Delivered
960,874,373,2025-07-20,4,86300,345200,Debit Card,Delivered
961,202,86,2024-12-15,5,27610,138050,Net Banking,Shipped
962,500,7,2024-09-04,4,47900,191600,Credit Card,Returned
963,519,62,2025-02-14,3,29719,89157,Debit Card,Cancelled
964,127,65,2025-05-17,3,57459,172377,Cash on Delivery,Shipped
965,70,105,2025-04-07,5,37059,185295,Net Banking,Cancelled
966,439,411,2025-01-07,1,5318,5318,UPI,Delivered
967,819,385,2025-07-15,4,6077,24308,UPI,Delivered
968,140,5,2025-04-06,2,50297,100594,Net Banking,Returned
969,171,184,2025-04-15,1,87146,87146,Net Banking,Shipped
970,64,485,2026-03-10,2,75412,150824,Debit Card,Shipped
971,398,324,2026-06-10,3,63080,189240,UPI,Cancelled
972,324,37,2025-05-17,3,2434,7302,UPI,Cancelled
973,979,436,2025-02-28,2,29144,58288,UPI,Returned
974,89,355,2026-03-03,3,53225,159675,Credit Card,Returned
975,367,274,2026-05-04,1,88035,88035,UPI,Delivered
976,852,78,2025-06-19,2,29183,58366,Net Banking,Delivered
977,410,201,2025-02-07,2,24147,48294,Cash on Delivery,Shipped
978,283,120,2026-05-06,5,74272,371360,Net Banking,Delivered
979,30,45,2024-09-28,1,86663,86663,Debit Card,Delivered
980,234,478,2025-07-27,4,17137,68548,Credit Card,Returned
981,602,1,2024-08-11,1,55802,55802,Credit Card,Returned
982,184,28,2026-02-28,1,29951,29951,UPI,Delivered
983,462,215,2025-09-18,3,57740,173220,Debit Card,Cancelled
984,719,11,2024-09-05,2,61089,122178,Net Banking,Shipped
985,784,322,2025-04-24,2,30079,60158,UPI,Delivered
986,183,76,2025-01-17,5,80620,403100,Credit Card,Returned
987,483,416,2025-12-13,3,41380,124140,Credit Card,Shipped
988,829,461,2024-09-18,4,82823,331292,Cash on Delivery,Returned
989,960,182,2026-03-25,2,27652,55304,UPI,Delivered
990,223,258,2025-12-15,2,52696,105392,UPI,Returned
991,402,75,2024-08-27,3,29944,89832,Net Banking,Cancelled
992,330,33,2026-03-04,2,54383,108766,Credit Card,Cancelled
993,2,55,2024-08-20,1,1767,1767,Credit Card,Cancelled
994,693,287,2025-02-04,1,55102,55102,Debit Card,Shipped
995,906,486,2024-12-28,5,68103,340515,Cash on Delivery,Shipped
996,221,108,2026-05-09,4,25542,102168,Debit Card,Delivered
997,566,36,2024-08-11,2,10380,20760,Net Banking,Returned
998,703,86,2025-11-21,1,27610,27610,Credit Card,Returned
999,337,313,2024-11-22,5,27676,138380,UPI,Delivered
1000,945,233,2025-01-28,3,47925,143775,Debit Card,Shipped
1001,472,79,2024-11-02,4,33162,132648,Cash on Delivery,Returned
1002,822,193,2025-07-29,3,30449,91347,Cash on Delivery,Shipped
1003,311,19,2025-12-28,4,89853,359412,UPI,Delivered
1004,164,495,2024-10-23,5,78080,390400,UPI,Delivered
1005,343,174,2025-10-08,3,18820,56460,Credit Card,Delivered
1006,331,78,2025-01-12,1,29183,29183,Net Banking,Cancelled
1007,118,384,2025-07-23,5,66017,330085,Net Banking,Returned
1008,686,458,2026-01-21,4,96282,385128,UPI,Shipped
1009,144,426,2025-02-11,3,77854,233562,UPI,Cancelled
1010,448,376,2026-03-14,1,1336,1336,Cash on Delivery,Shipped
1011,829,485,2025-05-09,2,75412,150824,Cash on Delivery,Cancelled
1012,11,244,2024-12-04,4,52464,209856,Cash on Delivery,Delivered
1013,853,80,2025-11-09,3,73759,221277,Net Banking,Shipped
1014,404,208,2025-11-10,1,64283,64283,Credit Card,Delivered
1015,211,470,2026-02-27,4,66902,267608,UPI,Returned
1016,980,488,2026-02-04,5,38719,193595,Cash on Delivery,Delivered
1017,872,405,2024-10-23,3,42330,126990,Credit Card,Delivered
1018,703,122,2026-03-23,1,39474,39474,Credit Card,Delivered
1019,487,359,2026-04-24,2,65462,130924,Net Banking,Cancelled
1020,833,478,2024-12-01,5,17137,85685,Cash on Delivery,Cancelled
1021,78,402,2025-03-25,2,14521,29042,Debit Card,Shipped
1022,897,400,2024-10-18,3,22416,67248,UPI,Delivered
1023,33,211,2025-10-19,3,50334,151002,Net Banking,Cancelled
1024,424,167,2024-08-15,5,98473,492365,UPI,Cancelled
1025,472,368,2026-07-18,5,42654,213270,UPI,Returned
1026,731,233,2025-03-26,4,47925,191700,Cash on Delivery,Cancelled
1027,265,492,2025-10-17,1,69943,69943,Net Banking,Shipped
1028,148,467,2026-01-04,3,2081,6243,Credit Card,Cancelled
1029,249,208,2026-07-02,1,64283,64283,Cash on Delivery,Delivered
1030,156,273,2025-05-14,2,18290,36580,Cash on Delivery,Delivered
1031,987,85,2025-05-31,1,8918,8918,UPI,Shipped
1032,709,138,2026-02-02,1,7264,7264,Net Banking,Cancelled
1033,702,254,2024-12-28,4,9355,37420,Credit Card,Shipped
1034,950,5,2024-09-24,1,50297,50297,Cash on Delivery,Returned
1035,29,30,2025-10-29,2,9787,19574,Debit Card,Shipped
1036,309,54,2026-01-14,4,17646,70584,Debit Card,Cancelled
1037,3,371,2026-05-03,1,34680,34680,Cash on Delivery,Cancelled
1038,901,292,2025-11-26,1,61641,61641,Cash on Delivery,Delivered
1039,509,256,2025-01-31,2,83302,166604,Credit Card,Delivered
1040,211,377,2024-10-14,4,1698,6792,UPI,Returned
1041,726,323,2026-01-19,3,13678,41034,Debit Card,Cancelled
1042,407,465,2026-03-19,1,68362,68362,Cash on Delivery,Returned
1043,390,128,2025-03-18,1,22247,22247,Debit Card,Shipped
1044,76,117,2026-05-18,3,2107,6321,Cash on Delivery,Cancelled
1045,785,464,2026-01-09,5,79274,396370,Credit Card,Returned
1046,951,427,2025-11-05,3,15828,47484,Cash on Delivery,Returned
1047,482,221,2026-04-13,2,9450,18900,Cash on Delivery,Shipped
1048,301,88,2024-10-29,2,98478,196956,UPI,Returned
1049,829,242,2026-04-06,1,11493,11493,Credit Card,Cancelled
1050,931,447,2025-10-09,1,83709,83709,Debit Card,Delivered
1051,626,382,2026-03-26,4,39818,159272,Debit Card,Delivered
1052,151,384,2024-08-27,2,66017,132034,Cash on Delivery,Shipped
1053,971,154,2025-04-22,4,13403,53612,Net Banking,Delivered
1054,993,299,2025-09-13,2,48464,96928,Debit Card,Delivered
1055,856,373,2025-06-24,1,86300,86300,Credit Card,Returned
1056,425,54,2025-12-22,3,17646,52938,Net Banking,Delivered
1057,144,403,2025-05-10,5,58200,291000,UPI,Shipped
1058,954,316,2024-09-18,4,38380,153520,UPI,Delivered
1059,888,350,2025-08-23,4,17191,68764,Credit Card,Shipped
1060,551,20,2025-12-11,3,57485,172455,Debit Card,Cancelled
1061,576,151,2025-04-18,4,10307,41228,Debit Card,Cancelled
1062,57,32,2024-08-05,4,53854,215416,Debit Card,Shipped
1063,750,350,2026-05-17,1,17191,17191,Credit Card,Shipped
1064,825,179,2025-06-18,5,85018,425090,UPI,Shipped
1065,8,425,2026-04-26,1,15472,15472,Credit Card,Returned
1066,771,127,2025-08-11,4,71876,287504,Debit Card,Returned
1067,801,19,2024-10-16,1,89853,89853,Cash on Delivery,Cancelled
1068,24,83,2025-06-28,2,58154,116308,Net Banking,Cancelled
1069,40,4,2025-05-04,4,36921,147684,Debit Card,Delivered
1070,437,436,2025-12-02,1,29144,29144,Credit Card,Cancelled
1071,667,85,2026-06-19,5,8918,44590,UPI,Shipped
1072,133,80,2026-05-01,3,73759,221277,Credit Card,Delivered
1073,764,244,2025-07-19,2,52464,104928,Debit Card,Returned
1074,212,436,2026-01-27,5,29144,145720,UPI,Cancelled
1075,200,481,2024-11-22,3,33938,101814,Credit Card,Delivered
1076,29,253,2025-06-30,4,62121,248484,Net Banking,Shipped
1077,416,266,2024-12-10,1,67751,67751,Net Banking,Delivered
1078,493,19,2026-02-16,2,89853,179706,UPI,Delivered
1079,286,412,2025-09-05,1,86693,86693,Credit Card,Shipped
1080,132,118,2025-12-14,2,7234,14468,Net Banking,Cancelled
1081,508,41,2025-02-21,1,39390,39390,Cash on Delivery,Cancelled
1082,528,120,2025-11-17,1,74272,74272,UPI,Delivered
1083,118,156,2026-04-15,2,56950,113900,Net Banking,Shipped
1084,431,109,2026-07-11,1,85159,85159,Debit Card,Delivered
1085,213,242,2025-09-18,1,11493,11493,Net Banking,Delivered
1086,658,377,2026-03-20,2,1698,3396,Cash on Delivery,Returned
1087,850,215,2025-08-06,4,57740,230960,Net Banking,Delivered
1088,570,99,2025-07-23,4,10461,41844,Net Banking,Shipped
1089,820,326,2025-06-30,3,23540,70620,Credit Card,Shipped
1090,781,320,2026-04-29,3,98455,295365,Debit Card,Returned
1091,50,6,2026-02-14,2,70784,141568,UPI,Shipped
1092,844,232,2025-10-30,3,49872,149616,Net Banking,Returned
1093,542,475,2025-02-20,5,15702,78510,Net Banking,Delivered
1094,55,359,2025-04-03,1,65462,65462,Debit Card,Returned
1095,716,119,2026-05-19,2,64954,129908,Net Banking,Shipped
1096,49,275,2025-02-02,5,93798,468990,Credit Card,Delivered
1097,228,204,2026-05-03,4,59960,239840,Debit Card,Returned
1098,800,392,2026-07-22,5,49707,248535,Net Banking,Cancelled
1099,470,332,2024-10-02,5,43482,217410,Cash on Delivery,Cancelled
1100,585,488,2025-02-28,4,38719,154876,Debit Card,Shipped
1101,711,126,2026-06-11,1,35175,35175,Debit Card,Shipped
1102,372,173,2025-07-12,1,83783,83783,Debit Card,Delivered
1103,34,290,2025-02-01,4,45089,180356,Cash on Delivery,Cancelled
1104,483,95,2026-03-01,5,85926,429630,Credit Card,Shipped
1105,950,218,2025-07-22,1,31468,31468,Credit Card,Shipped
1106,845,292,2025-10-12,3,61641,184923,Cash on Delivery,Delivered
1107,861,494,2025-11-13,2,98528,197056,Cash on Delivery,Returned
1108,778,187,2025-12-27,3,66539,199617,Credit Card,Shipped
1109,102,225,2025-05-17,2,79799,159598,Cash on Delivery,Cancelled
1110,715,118,2025-04-14,3,7234,21702,Cash on Delivery,Delivered
1111,808,250,2024-08-18,3,15030,45090,Cash on Delivery,Shipped
1112,380,112,2025-08-14,5,36009,180045,Credit Card,Returned
1113,46,233,2026-05-18,5,47925,239625,Debit Card,Shipped
1114,944,227,2025-04-05,4,58095,232380,UPI,Delivered
1115,493,52,2024-12-15,1,90611,90611,Credit Card,Shipped
1116,810,369,2025-08-09,1,47639,47639,Cash on Delivery,Returned
1117,347,214,2025-01-07,1,53588,53588,Debit Card,Shipped
1118,898,235,2025-04-28,2,67043,134086,Debit Card,Shipped
1119,980,75,2026-04-07,3,29944,89832,UPI,Delivered
1120,731,119,2025-02-12,2,64954,129908,Cash on Delivery,Shipped
1121,696,293,2025-04-17,1,38538,38538,Cash on Delivery,Cancelled
1122,890,384,2025-03-01,1,66017,66017,Debit Card,Returned
1123,180,14,2026-06-10,5,52356,261780,UPI,Cancelled
1124,356,491,2025-11-02,3,691,2073,Debit Card,Shipped
1125,557,77,2026-01-22,2,65299,130598,Net Banking,Returned
1126,912,430,2026-06-10,3,7526,22578,Credit Card,Cancelled
1127,887,72,2025-02-26,2,80016,160032,Cash on Delivery,Shipped
1128,754,332,2025-10-01,4,43482,173928,Debit Card,Cancelled
1129,596,125,2024-08-03,2,4778,9556,Credit Card,Delivered
1130,128,404,2025-09-01,5,79564,397820,Net Banking,Delivered
1131,402,86,2024-12-22,2,27610,55220,Cash on Delivery,Cancelled
1132,563,21,2024-10-01,5,14447,72235,Credit Card,Delivered
1133,954,9,2025-01-30,4,83820,335280,Credit Card,Cancelled
1134,634,7,2026-02-06,1,47900,47900,Credit Card,Cancelled
1135,33,154,2025-06-07,3,13403,40209,Credit Card,Delivered
1136,333,324,2025-08-10,3,63080,189240,Net Banking,Delivered
1137,496,13,2025-10-01,3,28153,84459,Credit Card,Shipped
1138,864,367,2026-03-07,1,32297,32297,Debit Card,Cancelled
1139,139,125,2025-01-29,1,4778,4778,UPI,Delivered
1140,168,416,2026-01-14,4,41380,165520,Net Banking,Returned
1141,116,225,2025-07-31,2,79799,159598,Net Banking,Returned
1142,679,10,2025-12-10,4,92488,369952,Debit Card,Returned
1143,41,85,2026-01-30,1,8918,8918,Net Banking,Shipped
1144,8,105,2025-08-12,2,37059,74118,Net Banking,Delivered
1145,159,431,2025-07-10,1,50824,50824,Debit Card,Delivered
1146,671,295,2026-04-03,3,67966,203898,Debit Card,Delivered
1147,704,72,2024-08-09,1,80016,80016,Debit Card,Shipped
1148,165,465,2024-10-07,4,68362,273448,Credit Card,Delivered
1149,166,195,2025-03-12,5,9299,46495,UPI,Cancelled
1150,542,186,2025-01-15,5,15396,76980,Cash on Delivery,Returned
1151,840,300,2025-06-06,1,38327,38327,Net Banking,Shipped
1152,463,114,2026-01-15,5,97310,486550,Net Banking,Shipped
1153,354,427,2025-01-31,1,15828,15828,UPI,Cancelled
1154,277,340,2025-03-21,2,92744,185488,Credit Card,Returned
1155,380,246,2025-12-24,5,5520,27600,Cash on Delivery,Cancelled
1156,876,86,2025-10-21,3,27610,82830,Debit Card,Shipped
1157,432,58,2025-05-09,1,73885,73885,UPI,Returned
1158,639,62,2025-07-29,5,29719,148595,Cash on Delivery,Returned
1159,826,97,2025-09-29,2,92180,184360,UPI,Cancelled
1160,548,440,2025-09-12,1,37342,37342,Net Banking,Delivered
1161,892,394,2025-04-20,3,50307,150921,Cash on Delivery,Returned
1162,101,495,2025-06-22,2,78080,156160,UPI,Delivered
1163,259,375,2026-02-26,2,71558,143116,Credit Card,Cancelled
1164,400,405,2025-09-27,1,42330,42330,Net Banking,Delivered
1165,544,427,2025-04-09,3,15828,47484,Net Banking,Returned
1166,830,454,2025-04-26,4,82499,329996,Debit Card,Delivered
1167,359,262,2026-01-23,5,10845,54225,Net Banking,Shipped
1168,846,74,2025-07-14,3,68061,204183,Net Banking,Cancelled
1169,188,272,2025-02-22,2,28624,57248,Net Banking,Delivered
1170,655,473,2025-03-22,3,77365,232095,Net Banking,Returned
1171,709,308,2025-02-07,3,86429,259287,Credit Card,Cancelled
1172,839,440,2025-01-22,5,37342,186710,UPI,Shipped
1173,518,338,2024-10-28,1,98507,98507,UPI,Cancelled
1174,509,356,2026-02-07,5,38414,192070,Net Banking,Shipped
1175,567,338,2024-12-23,5,98507,492535,UPI,Returned
1176,466,450,2025-03-29,5,82574,412870,Net Banking,Returned
1177,153,132,2024-10-27,5,5773,28865,Credit Card,Returned
1178,148,441,2026-02-24,3,35541,106623,UPI,Returned
1179,169,247,2025-09-16,1,81154,81154,Cash on Delivery,Shipped
1180,766,161,2026-03-11,1,40099,40099,Net Banking,Shipped
1181,675,210,2026-01-14,2,43507,87014,Credit Card,Shipped
1182,608,428,2024-12-17,2,18570,37140,UPI,Returned
1183,115,19,2024-12-22,1,89853,89853,Net Banking,Shipped
1184,512,138,2025-01-11,2,7264,14528,Cash on Delivery,Cancelled
1185,35,404,2026-02-20,3,79564,238692,UPI,Delivered
1186,204,51,2025-08-07,4,97810,391240,Cash on Delivery,Returned
1187,208,258,2025-02-26,5,52696,263480,Debit Card,Cancelled
1188,884,136,2026-02-09,5,41724,208620,Net Banking,Delivered
1189,331,415,2025-10-27,5,63777,318885,Cash on Delivery,Returned
1190,273,423,2026-03-09,1,25005,25005,Net Banking,Shipped
1191,844,162,2025-09-07,2,75463,150926,Cash on Delivery,Delivered
1192,707,146,2025-11-02,1,63983,63983,Cash on Delivery,Delivered
1193,978,296,2025-03-03,3,52043,156129,Cash on Delivery,Cancelled
1194,841,140,2024-10-13,4,72699,290796,Debit Card,Returned
1195,634,315,2026-05-04,4,63962,255848,Cash on Delivery,Returned
1196,596,230,2024-12-24,1,20209,20209,Credit Card,Cancelled
1197,743,80,2025-03-14,4,73759,295036,Credit Card,Returned
1198,450,321,2025-01-19,1,14816,14816,Net Banking,Cancelled
1199,562,110,2025-05-03,2,29545,59090,UPI,Returned
1200,877,389,2024-12-13,3,90849,272547,Debit Card,Delivered
1201,288,306,2025-03-18,3,39794,119382,Debit Card,Cancelled
1202,315,346,2024-08-06,3,92300,276900,Net Banking,Delivered
1203,465,114,2026-01-27,2,97310,194620,Credit Card,Cancelled
1204,3,467,2025-09-14,4,2081,8324,Debit Card,Cancelled
1205,867,439,2024-11-02,4,81260,325040,Cash on Delivery,Delivered
1206,766,418,2025-02-25,2,6356,12712,Net Banking,Shipped
1207,92,176,2024-08-31,4,55435,221740,Net Banking,Cancelled
1208,832,171,2024-09-07,1,48811,48811,Cash on Delivery,Shipped
1209,849,84,2025-09-29,1,71298,71298,Debit Card,Returned
1210,527,438,2025-03-10,2,28009,56018,Cash on Delivery,Delivered
1211,967,119,2026-01-19,2,64954,129908,Credit Card,Shipped
1212,9,125,2024-11-02,1,4778,4778,Credit Card,Delivered
1213,262,275,2025-12-04,4,93798,375192,UPI,Cancelled
1214,975,182,2026-06-01,2,27652,55304,Debit Card,Cancelled
1215,418,147,2026-03-03,4,25227,100908,Cash on Delivery,Returned
1216,801,469,2025-08-12,1,77486,77486,UPI,Shipped
1217,663,395,2024-10-14,3,14465,43395,Net Banking,Returned
1218,778,101,2026-06-04,2,56648,113296,Net Banking,Cancelled
1219,789,96,2024-08-05,3,20473,61419,Credit Card,Cancelled
1220,944,69,2025-10-15,1,66969,66969,Debit Card,Delivered
1221,902,438,2025-03-04,4,28009,112036,UPI,Shipped
1222,532,234,2025-07-26,5,25666,128330,Credit Card,Shipped
1223,435,197,2025-08-02,2,46846,93692,Credit Card,Cancelled
1224,561,49,2025-07-04,4,37853,151412,Cash on Delivery,Delivered
1225,547,92,2025-04-17,1,24319,24319,Net Banking,Shipped
1226,242,218,2024-12-17,2,31468,62936,Cash on Delivery,Delivered
1227,348,86,2024-09-04,2,27610,55220,Debit Card,Cancelled
1228,614,226,2025-02-08,3,94126,282378,Net Banking,Returned
1229,809,355,2026-07-27,3,53225,159675,Net Banking,Cancelled
1230,852,80,2026-05-27,2,73759,147518,Net Banking,Cancelled
1231,782,257,2025-08-02,5,26922,134610,Cash on Delivery,Returned
1232,496,207,2024-10-23,5,99451,497255,UPI,Delivered
1233,526,249,2026-04-26,5,31647,158235,Debit Card,Cancelled
1234,327,333,2024-09-15,3,42915,128745,UPI,Returned
1235,317,46,2025-06-03,1,31785,31785,Debit Card,Cancelled
1236,76,57,2025-08-12,3,5729,17187,Debit Card,Cancelled
1237,548,267,2024-09-22,3,89378,268134,Credit Card,Shipped
1238,489,212,2025-10-18,5,97760,488800,Credit Card,Delivered
1239,563,104,2025-11-27,5,57591,287955,Net Banking,Cancelled
1240,917,271,2026-01-11,2,68361,136722,UPI,Returned
1241,808,317,2024-09-06,3,46218,138654,Debit Card,Returned
1242,538,404,2024-11-21,4,79564,318256,Net Banking,Delivered
1243,96,259,2024-11-19,5,38001,190005,Cash on Delivery,Shipped
1244,630,113,2026-04-18,3,97870,293610,Credit Card,Returned
1245,80,447,2025-10-07,3,83709,251127,Cash on Delivery,Cancelled
1246,682,220,2025-03-19,2,84778,169556,Cash on Delivery,Shipped
1247,693,31,2024-10-01,3,17842,53526,UPI,Returned
1248,900,236,2025-02-04,2,17676,35352,Debit Card,Shipped
1249,428,198,2024-10-27,3,79196,237588,UPI,Shipped
1250,485,13,2025-10-03,3,28153,84459,Credit Card,Cancelled
1251,423,373,2026-03-12,4,86300,345200,Debit Card,Cancelled
1252,467,379,2025-06-15,3,95159,285477,Cash on Delivery,Cancelled
1253,347,499,2025-11-09,4,47461,189844,UPI,Returned
1254,321,66,2025-11-02,1,76074,76074,Cash on Delivery,Delivered
1255,458,473,2026-04-02,4,77365,309460,Credit Card,Delivered
1256,52,487,2025-11-19,4,41223,164892,Cash on Delivery,Cancelled
1257,921,279,2025-01-18,4,75853,303412,UPI,Shipped
1258,673,384,2026-03-21,2,66017,132034,Credit Card,Cancelled
1259,883,471,2025-09-05,4,11303,45212,Cash on Delivery,Returned
1260,512,394,2025-05-18,2,50307,100614,Debit Card,Shipped
1261,938,1,2025-07-11,1,55802,55802,Net Banking,Cancelled
1262,97,384,2026-07-02,2,66017,132034,Debit Card,Delivered
1263,440,123,2025-07-05,1,82487,82487,Net Banking,Cancelled
1264,940,108,2025-03-14,2,25542,51084,Credit Card,Shipped
1265,972,9,2026-05-26,4,83820,335280,UPI,Shipped
1266,726,295,2025-10-27,5,67966,339830,Net Banking,Returned
1267,377,175,2025-06-25,4,31275,125100,Net Banking,Returned
1268,524,242,2025-03-21,4,11493,45972,UPI,Delivered
1269,637,235,2025-10-11,5,67043,335215,Credit Card,Cancelled
1270,608,370,2025-11-21,1,27124,27124,Debit Card,Shipped
1271,206,125,2024-09-11,1,4778,4778,UPI,Shipped
1272,612,230,2025-11-12,2,20209,40418,Debit Card,Cancelled
1273,812,417,2026-02-21,2,13295,26590,UPI,Returned
1274,512,165,2024-10-12,5,82845,414225,Cash on Delivery,Cancelled
1275,380,321,2026-03-11,2,14816,29632,UPI,Delivered
1276,518,10,2025-01-04,3,92488,277464,Debit Card,Returned
1277,689,92,2025-11-24,5,24319,121595,Cash on Delivery,Cancelled
1278,688,327,2025-01-06,4,5410,21640,Credit Card,Cancelled
1279,649,245,2025-02-17,4,4194,16776,Debit Card,Shipped
1280,493,66,2025-12-21,2,76074,152148,Net Banking,Delivered
1281,706,282,2024-09-28,2,21729,43458,Credit Card,Shipped
1282,993,426,2024-11-25,2,77854,155708,UPI,Shipped
1283,215,335,2025-01-29,1,91302,91302,Debit Card,Delivered
1284,640,355,2024-12-09,4,53225,212900,Debit Card,Delivered
1285,280,77,2025-09-28,5,65299,326495,UPI,Delivered
1286,8,49,2024-09-23,1,37853,37853,UPI,Delivered
1287,889,254,2024-11-25,4,9355,37420,Net Banking,Returned
1288,577,312,2024-07-29,1,80647,80647,Cash on Delivery,Cancelled
1289,314,202,2025-06-09,4,24277,97108,Credit Card,Shipped
1290,990,72,2025-07-11,1,80016,80016,Debit Card,Returned
1291,426,176,2026-01-13,1,55435,55435,Cash on Delivery,Cancelled
1292,165,343,2025-10-31,5,58890,294450,Cash on Delivery,Shipped
1293,903,158,2025-07-26,4,19258,77032,UPI,Delivered
1294,119,194,2025-03-10,3,41466,124398,UPI,Delivered
1295,607,177,2024-08-21,4,81194,324776,Credit Card,Shipped
1296,389,72,2025-01-22,3,80016,240048,Cash on Delivery,Shipped
1297,811,421,2025-03-07,3,52349,157047,Net Banking,Cancelled
1298,35,495,2026-01-27,2,78080,156160,UPI,Returned
1299,336,332,2025-03-03,2,43482,86964,Net Banking,Cancelled
1300,295,78,2026-01-24,2,29183,58366,UPI,Delivered
1301,638,115,2026-05-25,1,39329,39329,UPI,Returned
1302,464,96,2025-07-14,2,20473,40946,UPI,Delivered
1303,904,394,2024-09-20,1,50307,50307,Debit Card,Shipped
1304,186,15,2026-01-11,4,32825,131300,Debit Card,Cancelled
1305,315,477,2025-01-24,4,69051,276204,UPI,Delivered
1306,891,339,2026-07-14,2,89673,179346,UPI,Cancelled
1307,638,36,2025-02-17,3,10380,31140,Debit Card,Returned
1308,136,121,2026-03-30,1,78635,78635,UPI,Delivered
1309,658,377,2026-04-02,1,1698,1698,Credit Card,Shipped
1310,459,205,2025-11-24,3,20892,62676,Debit Card,Returned
1311,376,30,2025-10-28,5,9787,48935,Debit Card,Delivered
1312,714,107,2025-12-22,3,34362,103086,Debit Card,Shipped
1313,184,330,2026-04-12,1,85472,85472,Net Banking,Returned
1314,904,485,2026-07-22,4,75412,301648,Debit Card,Returned
1315,892,344,2024-12-27,4,8067,32268,Net Banking,Shipped
1316,167,19,2025-06-22,1,89853,89853,Credit Card,Delivered
1317,640,202,2024-10-24,2,24277,48554,UPI,Returned
1318,442,320,2025-09-22,5,98455,492275,Net Banking,Returned
1319,809,219,2025-01-17,2,23718,47436,Cash on Delivery,Returned
1320,326,159,2025-12-12,3,61481,184443,Cash on Delivery,Delivered
1321,625,2,2024-11-19,2,26562,53124,Net Banking,Returned
1322,653,172,2026-07-02,1,88952,88952,Net Banking,Returned
1323,120,297,2025-02-18,1,7124,7124,UPI,Cancelled
1324,518,272,2026-04-30,3,28624,85872,UPI,Shipped
1325,66,70,2024-11-14,3,17183,51549,Cash on Delivery,Delivered
1326,370,369,2024-09-20,4,47639,190556,Credit Card,Returned
1327,368,177,2024-09-11,3,81194,243582,Net Banking,Shipped
1328,68,286,2024-12-02,5,11146,55730,Cash on Delivery,Delivered
1329,116,480,2026-04-03,1,67449,67449,Credit Card,Returned
1330,897,471,2025-03-22,4,11303,45212,Credit Card,Delivered
1331,749,126,2025-11-01,4,35175,140700,Debit Card,Shipped
1332,188,433,2026-02-28,3,4544,13632,Debit Card,Delivered
1333,993,464,2026-04-28,5,79274,396370,Credit Card,Returned
1334,316,499,2025-10-12,4,47461,189844,Credit Card,Delivered
1335,273,385,2026-07-12,4,6077,24308,Net Banking,Returned
1336,371,414,2025-03-08,1,49536,49536,Net Banking,Returned
1337,81,217,2025-07-03,3,83498,250494,UPI,Returned
1338,35,465,2024-10-31,1,68362,68362,UPI,Returned
1339,366,271,2025-07-26,4,68361,273444,UPI,Delivered
1340,551,154,2026-01-12,1,13403,13403,Cash on Delivery,Cancelled
1341,886,489,2025-03-20,5,78054,390270,Cash on Delivery,Shipped
1342,551,274,2026-01-21,4,88035,352140,Debit Card,Cancelled
1343,356,329,2025-06-04,1,61844,61844,Credit Card,Returned
1344,38,155,2025-02-23,3,4294,12882,Cash on Delivery,Returned
1345,238,238,2025-08-19,3,37846,113538,Net Banking,Delivered
1346,202,294,2025-09-19,1,43417,43417,Credit Card,Delivered
1347,262,260,2025-08-14,3,48737,146211,Debit Card,Cancelled
1348,919,449,2025-07-02,5,64114,320570,Cash on Delivery,Cancelled
1349,504,467,2024-09-27,1,2081,2081,UPI,Shipped
1350,525,218,2025-11-03,4,31468,125872,Credit Card,Returned
1351,60,57,2024-08-26,1,5729,5729,Debit Card,Shipped
1352,230,95,2026-06-17,2,85926,171852,UPI,Returned
1353,820,160,2025-06-27,2,45793,91586,Net Banking,Shipped
1354,908,161,2026-02-17,3,40099,120297,UPI,Returned
1355,752,101,2025-04-03,1,56648,56648,Cash on Delivery,Delivered
1356,97,423,2025-11-07,4,25005,100020,Net Banking,Shipped
1357,871,197,2025-02-06,4,46846,187384,UPI,Delivered
1358,921,199,2024-08-16,5,29892,149460,Net Banking,Returned
1359,748,197,2024-10-05,5,46846,234230,Credit Card,Shipped
1360,178,466,2025-01-20,2,31870,63740,UPI,Returned
1361,536,343,2026-01-01,5,58890,294450,Cash on Delivery,Cancelled
1362,491,366,2026-05-07,5,40239,201195,Net Banking,Returned
1363,685,133,2026-05-26,5,77220,386100,Credit Card,Cancelled
1364,105,53,2025-10-16,4,12597,50388,Debit Card,Cancelled
1365,233,254,2025-10-26,4,9355,37420,Credit Card,Shipped
1366,723,304,2024-08-12,4,68068,272272,Cash on Delivery,Cancelled
1367,166,59,2026-03-13,5,23706,118530,Debit Card,Shipped
1368,841,183,2025-12-31,2,871,1742,Credit Card,Cancelled
1369,683,9,2026-04-26,3,83820,251460,Credit Card,Shipped
1370,926,346,2025-02-21,5,92300,461500,Cash on Delivery,Cancelled
1371,789,289,2025-10-17,1,90757,90757,Debit Card,Returned
1372,546,37,2024-08-27,5,2434,12170,Cash on Delivery,Returned
1373,478,12,2026-03-11,5,30521,152605,Debit Card,Returned
1374,616,281,2026-03-06,1,66411,66411,Cash on Delivery,Delivered
1375,178,26,2024-12-10,1,80007,80007,Net Banking,Shipped
1376,955,109,2025-07-27,1,85159,85159,UPI,Shipped
1377,249,325,2025-09-03,3,12225,36675,Credit Card,Cancelled
1378,414,414,2025-12-15,3,49536,148608,Credit Card,Delivered
1379,568,323,2025-07-05,3,13678,41034,Credit Card,Delivered
1380,249,40,2026-07-08,3,91803,275409,Net Banking,Delivered
1381,458,391,2025-02-28,5,83615,418075,Cash on Delivery,Shipped
1382,960,442,2024-12-14,5,8270,41350,Net Banking,Shipped
1383,315,174,2025-10-24,5,18820,94100,Debit Card,Delivered
1384,107,372,2025-06-30,4,26215,104860,Net Banking,Returned
1385,216,105,2025-12-02,3,37059,111177,Cash on Delivery,Delivered
1386,134,287,2026-04-20,1,55102,55102,Debit Card,Shipped
1387,999,329,2025-08-12,5,61844,309220,Net Banking,Shipped
1388,801,187,2024-10-05,3,66539,199617,Cash on Delivery,Shipped
1389,114,56,2025-07-27,2,76850,153700,Debit Card,Returned
1390,720,392,2025-04-23,2,49707,99414,UPI,Shipped
1391,40,254,2025-06-09,2,9355,18710,Cash on Delivery,Delivered
1392,388,168,2025-04-11,4,34181,136724,UPI,Returned
1393,156,298,2025-04-02,3,1571,4713,Cash on Delivery,Cancelled
1394,210,12,2025-12-29,2,30521,61042,Credit Card,Cancelled
1395,693,462,2024-10-16,1,13668,13668,Debit Card,Returned
1396,487,247,2026-05-24,2,81154,162308,UPI,Shipped
1397,981,443,2024-11-28,3,19668,59004,Cash on Delivery,Delivered
1398,442,85,2025-04-09,5,8918,44590,Debit Card,Returned
1399,172,447,2025-06-11,5,83709,418545,Cash on Delivery,Cancelled
1400,548,27,2026-01-16,1,88539,88539,Debit Card,Shipped
1401,479,323,2025-08-15,2,13678,27356,Cash on Delivery,Delivered
1402,567,366,2025-03-07,5,40239,201195,Credit Card,Returned
1403,167,234,2025-12-23,5,25666,128330,Cash on Delivery,Returned
1404,590,278,2025-06-03,1,11800,11800,Debit Card,Shipped
1405,356,187,2026-04-19,2,66539,133078,Debit Card,Cancelled
1406,725,426,2026-03-09,3,77854,233562,Debit Card,Shipped
1407,662,83,2025-09-27,5,58154,290770,Cash on Delivery,Returned
1408,492,67,2024-08-24,5,71075,355375,UPI,Delivered
1409,598,469,2025-07-15,3,77486,232458,Net Banking,Shipped
1410,781,472,2024-10-03,5,41120,205600,Cash on Delivery,Shipped
1411,1000,322,2025-03-28,1,30079,30079,Debit Card,Returned
1412,51,391,2025-02-08,1,83615,83615,Net Banking,Cancelled
1413,525,305,2025-04-04,5,81305,406525,Debit Card,Delivered
1414,530,312,2024-10-25,5,80647,403235,Debit Card,Returned
1415,354,435,2026-03-19,4,15469,61876,UPI,Cancelled
1416,532,491,2025-06-05,2,691,1382,Debit Card,Delivered
1417,511,351,2026-05-29,1,88776,88776,Credit Card,Delivered
1418,744,49,2025-08-30,1,37853,37853,Credit Card,Shipped
1419,632,332,2026-04-28,4,43482,173928,UPI,Shipped
1420,324,425,2024-07-27,5,15472,77360,Net Banking,Delivered
1421,560,236,2025-12-19,2,17676,35352,UPI,Returned
1422,240,100,2026-06-02,3,90187,270561,UPI,Delivered
1423,954,25,2025-09-21,1,16983,16983,UPI,Shipped
1424,354,407,2025-07-20,3,26688,80064,Cash on Delivery,Delivered
1425,829,237,2025-06-12,5,6226,31130,Credit Card,Cancelled
1426,130,14,2024-09-07,4,52356,209424,Net Banking,Returned
1427,263,198,2024-12-19,4,79196,316784,Net Banking,Cancelled
1428,960,152,2025-09-02,1,88889,88889,Net Banking,Delivered
1429,666,382,2025-05-04,5,39818,199090,UPI,Delivered
1430,86,427,2025-11-22,5,15828,79140,UPI,Delivered
1431,68,286,2026-03-06,3,11146,33438,Cash on Delivery,Delivered
1432,539,84,2025-08-18,3,71298,213894,Debit Card,Delivered
1433,341,262,2025-11-24,3,10845,32535,Net Banking,Returned
1434,298,117,2025-07-05,4,2107,8428,UPI,Returned
1435,574,463,2026-03-09,2,41722,83444,Cash on Delivery,Shipped
1436,323,258,2024-09-05,2,52696,105392,Net Banking,Cancelled
1437,530,288,2025-01-01,2,32596,65192,Debit Card,Cancelled
1438,943,80,2025-02-19,1,73759,73759,Cash on Delivery,Shipped
1439,920,497,2025-09-26,1,36145,36145,UPI,Delivered
1440,109,373,2024-11-05,5,86300,431500,Cash on Delivery,Returned
1441,675,143,2026-07-17,5,79061,395305,Cash on Delivery,Delivered
1442,853,25,2025-03-07,3,16983,50949,Credit Card,Cancelled
1443,964,340,2025-07-02,2,92744,185488,Net Banking,Shipped
1444,824,427,2026-06-11,2,15828,31656,Credit Card,Shipped
1445,904,442,2026-01-20,5,8270,41350,Debit Card,Shipped
1446,341,443,2025-08-07,1,19668,19668,Credit Card,Delivered
1447,233,304,2024-10-29,5,68068,340340,Net Banking,Delivered
1448,128,161,2024-08-18,3,40099,120297,UPI,Cancelled
1449,272,107,2025-11-28,1,34362,34362,Credit Card,Returned
1450,312,304,2025-11-11,3,68068,204204,Debit Card,Shipped
1451,901,240,2026-04-08,2,50552,101104,UPI,Cancelled
1452,970,337,2025-01-28,5,48674,243370,UPI,Shipped
1453,679,66,2026-01-29,3,76074,228222,Net Banking,Returned
1454,731,48,2024-11-27,3,28438,85314,Cash on Delivery,Cancelled
1455,169,230,2025-03-25,5,20209,101045,Credit Card,Cancelled
1456,256,96,2025-09-27,3,20473,61419,Net Banking,Shipped
1457,777,77,2024-08-06,1,65299,65299,Debit Card,Shipped
1458,830,11,2025-09-28,2,61089,122178,Net Banking,Cancelled
1459,379,381,2025-06-08,3,52522,157566,Credit Card,Cancelled
1460,596,339,2024-10-07,4,89673,358692,Net Banking,Returned
1461,942,459,2025-01-17,3,50664,151992,Debit Card,Returned
1462,471,342,2026-05-11,5,58412,292060,UPI,Shipped
1463,962,484,2026-07-06,5,42679,213395,UPI,Cancelled
1464,446,390,2024-10-23,2,57790,115580,Cash on Delivery,Shipped
1465,4,280,2025-07-20,3,89643,268929,UPI,Delivered
1466,538,242,2024-10-26,1,11493,11493,Cash on Delivery,Delivered
1467,645,325,2025-12-12,5,12225,61125,Cash on Delivery,Returned
1468,929,299,2026-05-04,5,48464,242320,Credit Card,Delivered
1469,350,182,2024-11-23,5,27652,138260,Debit Card,Returned
1470,751,116,2025-08-18,2,6465,12930,Debit Card,Returned
1471,976,96,2026-07-21,2,20473,40946,Cash on Delivery,Cancelled
1472,811,140,2026-02-03,2,72699,145398,Net Banking,Delivered
1473,189,212,2025-03-10,4,97760,391040,Debit Card,Delivered
1474,955,421,2025-08-26,2,52349,104698,Cash on Delivery,Shipped
1475,61,106,2026-01-25,5,4261,21305,Credit Card,Returned
1476,698,68,2025-02-24,2,9671,19342,Credit Card,Shipped
1477,926,45,2025-06-14,4,86663,346652,Debit Card,Delivered
1478,810,358,2026-05-06,2,36564,73128,Net Banking,Shipped
1479,97,186,2025-08-05,1,15396,15396,Debit Card,Cancelled
1480,343,422,2025-07-28,2,1083,2166,UPI,Shipped
1481,405,105,2025-02-01,5,37059,185295,Debit Card,Returned
1482,800,260,2025-07-16,4,48737,194948,Net Banking,Delivered
1483,958,162,2025-09-28,1,75463,75463,Debit Card,Delivered
1484,904,465,2024-11-16,5,68362,341810,Debit Card,Cancelled
1485,56,475,2025-05-20,5,15702,78510,Cash on Delivery,Shipped
1486,277,93,2024-12-22,4,44736,178944,Net Banking,Cancelled
1487,325,129,2026-07-13,5,61933,309665,UPI,Cancelled
1488,226,251,2025-11-04,4,38677,154708,Credit Card,Returned
1489,277,441,2025-08-25,3,35541,106623,Debit Card,Returned
1490,127,392,2026-02-26,4,49707,198828,Cash on Delivery,Delivered
1491,305,149,2026-06-09,5,65423,327115,Credit Card,Returned
1492,46,213,2024-11-10,2,56767,113534,Credit Card,Delivered
1493,933,104,2026-05-29,5,57591,287955,Debit Card,Shipped
1494,33,371,2024-09-19,2,34680,69360,Credit Card,Shipped
1495,5,400,2025-02-26,3,22416,67248,Cash on Delivery,Delivered
1496,411,146,2026-03-19,2,63983,127966,Net Banking,Cancelled
1497,182,450,2026-04-01,1,82574,82574,Net Banking,Returned
1498,237,247,2026-05-21,4,81154,324616,Credit Card,Shipped
1499,798,247,2025-06-14,4,81154,324616,UPI,Shipped
1500,782,224,2025-04-16,1,73155,73155,Credit Card,Shipped
1501,737,51,2026-07-22,2,97810,195620,Cash on Delivery,Delivered
1502,606,174,2026-03-30,5,18820,94100,Credit Card,Delivered
1503,134,339,2025-08-25,2,89673,179346,Debit Card,Shipped
1504,543,27,2025-02-19,5,88539,442695,Net Banking,Delivered
1505,617,67,2026-04-25,3,71075,213225,UPI,Shipped
1506,129,396,2024-07-28,4,13899,55596,Cash on Delivery,Returned
1507,236,20,2025-03-03,4,57485,229940,Credit Card,Shipped
1508,639,196,2026-02-10,4,17554,70216,Cash on Delivery,Shipped
1509,881,43,2025-03-15,5,11000,55000,Credit Card,Cancelled
1510,747,43,2026-05-08,2,11000,22000,Debit Card,Returned
1511,199,23,2025-10-25,5,3052,15260,Cash on Delivery,Delivered
1512,829,466,2025-10-20,2,31870,63740,Net Banking,Returned
1513,35,460,2025-12-21,2,74331,148662,UPI,Delivered
1514,541,167,2025-08-11,2,98473,196946,Cash on Delivery,Returned
1515,327,122,2026-05-30,2,39474,78948,Cash on Delivery,Delivered
1516,119,416,2024-11-19,2,41380,82760,Net Banking,Delivered
1517,843,23,2025-07-08,5,3052,15260,Cash on Delivery,Delivered
1518,117,248,2025-09-18,1,72432,72432,Net Banking,Shipped
1519,442,63,2025-08-07,5,37085,185425,Cash on Delivery,Delivered
1520,991,189,2025-04-21,4,93875,375500,Cash on Delivery,Returned
1521,572,308,2025-04-11,3,86429,259287,UPI,Returned
1522,472,199,2025-09-28,2,29892,59784,Net Banking,Returned
1523,63,429,2026-03-11,3,22371,67113,Cash on Delivery,Delivered
1524,155,332,2025-09-22,4,43482,173928,Credit Card,Cancelled
1525,825,331,2025-05-15,4,88895,355580,Credit Card,Delivered
1526,957,450,2025-07-15,3,82574,247722,Cash on Delivery,Returned
1527,263,433,2026-07-21,3,4544,13632,Credit Card,Delivered
1528,647,201,2025-04-02,1,24147,24147,Cash on Delivery,Delivered
1529,495,445,2026-06-02,5,83550,417750,UPI,Returned
1530,768,439,2024-12-20,2,81260,162520,Debit Card,Returned
1531,258,82,2026-01-19,3,84079,252237,UPI,Shipped
1532,219,31,2025-01-28,4,17842,71368,Cash on Delivery,Cancelled
1533,553,269,2025-10-14,3,49260,147780,Cash on Delivery,Returned
1534,996,418,2025-05-20,5,6356,31780,Debit Card,Cancelled
1535,179,172,2025-01-24,4,88952,355808,Credit Card,Returned
1536,572,277,2026-05-22,5,3945,19725,Cash on Delivery,Returned
1537,658,80,2026-03-21,2,73759,147518,Debit Card,Returned
1538,945,268,2025-06-11,3,47967,143901,Debit Card,Cancelled
1539,108,380,2024-08-29,4,13124,52496,Credit Card,Delivered
1540,495,420,2025-03-31,2,56385,112770,Net Banking,Shipped
1541,881,152,2026-02-25,1,88889,88889,Credit Card,Returned
1542,704,23,2025-07-29,3,3052,9156,Cash on Delivery,Delivered
1543,248,162,2026-01-25,2,75463,150926,Net Banking,Delivered
1544,291,233,2026-07-06,1,47925,47925,Credit Card,Returned
1545,445,206,2026-04-18,5,87261,436305,Net Banking,Delivered
1546,688,387,2025-05-19,1,2552,2552,Debit Card,Shipped
1547,923,167,2025-05-22,3,98473,295419,UPI,Delivered
1548,115,255,2025-12-24,4,6311,25244,Net Banking,Cancelled
1549,695,431,2026-04-03,5,50824,254120,UPI,Shipped
1550,282,13,2026-04-25,4,28153,112612,Net Banking,Delivered
1551,567,274,2025-12-15,2,88035,176070,Cash on Delivery,Cancelled
1552,870,452,2024-11-22,2,21337,42674,UPI,Shipped
1553,350,243,2025-08-15,5,29602,148010,Credit Card,Delivered
1554,883,53,2024-08-24,3,12597,37791,Credit Card,Delivered
1555,206,171,2024-11-02,2,48811,97622,UPI,Cancelled
1556,143,101,2025-08-21,4,56648,226592,Debit Card,Returned
1557,39,84,2025-10-28,4,71298,285192,Cash on Delivery,Shipped
1558,936,65,2025-04-10,5,57459,287295,UPI,Delivered
1559,498,178,2026-06-02,1,58615,58615,Cash on Delivery,Cancelled
1560,195,500,2024-10-12,5,16217,81085,Cash on Delivery,Cancelled
1561,450,176,2026-06-06,3,55435,166305,Debit Card,Shipped
1562,990,147,2026-05-14,5,25227,126135,Credit Card,Returned
1563,351,177,2025-07-03,4,81194,324776,Cash on Delivery,Delivered
1564,647,283,2024-10-12,3,33347,100041,Credit Card,Returned
1565,75,290,2025-09-08,5,45089,225445,UPI,Delivered
1566,75,486,2026-07-04,5,68103,340515,Debit Card,Cancelled
1567,829,444,2025-07-16,1,76184,76184,Cash on Delivery,Cancelled
1568,629,420,2024-08-07,5,56385,281925,Cash on Delivery,Cancelled
1569,334,185,2026-02-08,4,42937,171748,Net Banking,Returned
1570,287,412,2024-11-15,2,86693,173386,Debit Card,Returned
1571,631,346,2025-06-10,4,92300,369200,Cash on Delivery,Delivered
1572,513,91,2026-06-03,4,74475,297900,UPI,Cancelled
1573,137,452,2025-12-17,1,21337,21337,Net Banking,Shipped
1574,750,144,2024-11-23,2,45048,90096,Debit Card,Returned
1575,169,243,2024-09-23,3,29602,88806,Cash on Delivery,Delivered
1576,73,20,2025-07-26,3,57485,172455,Credit Card,Cancelled
1577,403,494,2026-03-26,1,98528,98528,Net Banking,Cancelled
1578,655,271,2025-02-17,1,68361,68361,Cash on Delivery,Shipped
1579,956,382,2025-04-15,4,39818,159272,Debit Card,Cancelled
1580,728,384,2025-11-23,2,66017,132034,Cash on Delivery,Cancelled
1581,443,266,2026-01-16,2,67751,135502,Credit Card,Returned
1582,237,299,2025-05-31,2,48464,96928,Credit Card,Shipped
1583,578,269,2025-12-13,3,49260,147780,Credit Card,Shipped
1584,670,308,2024-09-27,2,86429,172858,Credit Card,Cancelled
1585,17,5,2026-05-19,2,50297,100594,UPI,Delivered
1586,390,59,2025-04-08,1,23706,23706,Net Banking,Delivered
1587,710,485,2026-05-20,5,75412,377060,UPI,Returned
1588,14,75,2026-01-01,3,29944,89832,Cash on Delivery,Cancelled
1589,333,21,2026-05-25,4,14447,57788,Cash on Delivery,Cancelled
1590,1000,223,2025-09-14,4,38127,152508,Credit Card,Cancelled
1591,217,445,2025-05-18,4,83550,334200,Credit Card,Shipped
1592,115,133,2025-03-29,1,77220,77220,Cash on Delivery,Returned
1593,885,395,2025-11-25,4,14465,57860,Cash on Delivery,Delivered
1594,375,49,2026-02-05,5,37853,189265,Debit Card,Returned
1595,407,161,2026-06-16,2,40099,80198,Net Banking,Delivered
1596,776,372,2026-03-08,5,26215,131075,Net Banking,Cancelled
1597,591,288,2025-08-10,1,32596,32596,UPI,Shipped
1598,165,75,2026-06-04,4,29944,119776,Cash on Delivery,Delivered
1599,685,375,2025-09-20,3,71558,214674,Debit Card,Cancelled
1600,948,158,2024-08-23,2,19258,38516,Cash on Delivery,Cancelled
1601,271,448,2025-11-18,2,28267,56534,Debit Card,Returned
1602,591,398,2024-09-18,5,38753,193765,Debit Card,Cancelled
1603,813,391,2025-01-25,2,83615,167230,Net Banking,Returned
1604,97,391,2025-11-29,2,83615,167230,Net Banking,Cancelled
1605,933,123,2026-01-09,3,82487,247461,Net Banking,Cancelled
1606,796,229,2026-07-12,4,43713,174852,Credit Card,Shipped
1607,740,64,2025-03-07,5,34737,173685,Credit Card,Delivered
1608,93,51,2025-01-19,3,97810,293430,Credit Card,Returned
1609,905,194,2026-02-27,4,41466,165864,Credit Card,Shipped
1610,245,388,2024-10-05,2,21792,43584,Net Banking,Delivered
1611,363,372,2025-06-29,2,26215,52430,Net Banking,Returned
1612,500,427,2024-10-11,2,15828,31656,Cash on Delivery,Cancelled
1613,459,211,2026-03-09,4,50334,201336,Debit Card,Cancelled
1614,940,428,2025-12-01,5,18570,92850,Cash on Delivery,Delivered
1615,549,54,2026-01-24,4,17646,70584,UPI,Shipped
1616,106,206,2026-06-04,1,87261,87261,Credit Card,Cancelled
1617,785,45,2024-10-13,4,86663,346652,UPI,Returned
1618,496,366,2025-07-06,3,40239,120717,Debit Card,Cancelled
1619,703,472,2024-12-03,3,41120,123360,Cash on Delivery,Cancelled
1620,828,304,2026-01-17,3,68068,204204,UPI,Returned
1621,12,123,2025-03-16,1,82487,82487,Debit Card,Shipped
1622,179,184,2026-06-28,5,87146,435730,Cash on Delivery,Shipped
1623,541,469,2024-08-18,3,77486,232458,Debit Card,Cancelled
1624,7,234,2024-08-31,5,25666,128330,Net Banking,Returned
1625,873,248,2025-04-04,1,72432,72432,Net Banking,Cancelled
1626,626,159,2026-04-06,4,61481,245924,Credit Card,Shipped
1627,278,284,2024-09-08,3,81034,243102,Net Banking,Returned
1628,32,23,2025-03-11,1,3052,3052,UPI,Shipped
1629,645,434,2025-05-01,3,70965,212895,Credit Card,Cancelled
1630,212,243,2025-05-14,3,29602,88806,Debit Card,Cancelled
1631,330,85,2025-06-26,5,8918,44590,Net Banking,Cancelled
1632,785,320,2024-11-17,4,98455,393820,Debit Card,Returned
1633,290,18,2025-02-01,4,50519,202076,Credit Card,Shipped
1634,261,38,2025-09-12,1,64153,64153,Credit Card,Shipped
1635,433,277,2025-06-12,3,3945,11835,UPI,Shipped
1636,45,229,2025-10-09,2,43713,87426,Net Banking,Delivered
1637,681,340,2026-01-07,1,92744,92744,UPI,Returned
1638,558,424,2026-04-03,5,69668,348340,UPI,Delivered
1639,702,425,2024-12-13,4,15472,61888,Cash on Delivery,Delivered
1640,372,13,2024-12-06,1,28153,28153,Debit Card,Shipped
1641,647,498,2024-12-09,1,14348,14348,Net Banking,Cancelled
1642,406,330,2024-09-26,2,85472,170944,Credit Card,Cancelled
1643,516,393,2025-11-12,4,39215,156860,Credit Card,Shipped
1644,666,129,2026-06-03,5,61933,309665,Credit Card,Delivered
1645,959,278,2025-05-20,1,11800,11800,Debit Card,Cancelled
1646,26,129,2025-11-20,4,61933,247732,Net Banking,Cancelled
1647,450,260,2026-01-08,5,48737,243685,Net Banking,Shipped
1648,142,251,2025-01-30,5,38677,193385,Credit Card,Returned
1649,836,139,2025-08-17,5,16415,82075,Net Banking,Cancelled
1650,135,168,2026-07-06,3,34181,102543,Net Banking,Shipped
1651,984,376,2025-10-22,1,1336,1336,Net Banking,Cancelled
1652,867,241,2024-11-15,3,7339,22017,Net Banking,Cancelled
1653,675,282,2025-01-23,2,21729,43458,Debit Card,Delivered
1654,265,406,2025-07-20,1,49790,49790,Cash on Delivery,Shipped
1655,828,137,2025-12-04,3,61052,183156,Debit Card,Returned
1656,756,498,2025-02-09,5,14348,71740,UPI,Returned
1657,456,214,2025-07-18,4,53588,214352,Debit Card,Delivered
1658,572,259,2025-02-10,4,38001,152004,Debit Card,Shipped
1659,823,241,2025-12-26,1,7339,7339,Cash on Delivery,Cancelled
1660,180,326,2024-08-03,2,23540,47080,Net Banking,Returned
1661,832,319,2026-06-25,4,6013,24052,Credit Card,Shipped
1662,570,306,2026-04-12,4,39794,159176,Net Banking,Shipped
1663,152,245,2025-07-23,3,4194,12582,UPI,Returned
1664,385,228,2026-06-26,2,51279,102558,Cash on Delivery,Cancelled
1665,847,29,2025-03-07,3,9805,29415,Cash on Delivery,Cancelled
1666,739,390,2026-01-04,4,57790,231160,Credit Card,Delivered
1667,480,35,2025-09-24,2,70792,141584,Credit Card,Cancelled
1668,820,423,2024-11-26,1,25005,25005,Net Banking,Returned
1669,700,399,2024-09-22,3,22716,68148,Cash on Delivery,Returned
1670,195,11,2025-07-05,2,61089,122178,Debit Card,Delivered
1671,730,149,2025-04-21,2,65423,130846,UPI,Delivered
1672,373,52,2025-10-26,2,90611,181222,UPI,Cancelled
1673,78,60,2025-03-16,3,35470,106410,Credit Card,Returned
1674,896,230,2025-12-05,1,20209,20209,Credit Card,Delivered
1675,392,112,2025-06-21,2,36009,72018,UPI,Returned
1676,707,389,2026-01-14,2,90849,181698,Debit Card,Returned
1677,256,424,2025-02-06,3,69668,209004,Net Banking,Cancelled
1678,738,363,2025-07-16,4,85265,341060,UPI,Cancelled
1679,731,30,2026-05-14,1,9787,9787,Credit Card,Delivered
1680,392,125,2025-03-18,3,4778,14334,Net Banking,Delivered
1681,235,9,2024-12-28,5,83820,419100,Net Banking,Shipped
1682,922,285,2025-05-21,2,86841,173682,Debit Card,Returned
1683,302,239,2026-05-20,1,61974,61974,UPI,Shipped
1684,899,330,2025-08-06,4,85472,341888,Net Banking,Shipped
1685,988,397,2024-10-17,1,3942,3942,Credit Card,Returned
1686,129,492,2025-01-27,1,69943,69943,Cash on Delivery,Shipped
1687,438,209,2025-05-19,4,7680,30720,Net Banking,Cancelled
1688,587,225,2025-10-14,3,79799,239397,Credit Card,Delivered
1689,781,196,2025-05-01,5,17554,87770,Cash on Delivery,Delivered
1690,597,87,2025-10-16,3,1272,3816,Net Banking,Cancelled
1691,844,31,2025-03-13,2,17842,35684,Debit Card,Delivered
1692,376,451,2026-01-21,2,60336,120672,UPI,Shipped
1693,433,248,2025-03-13,4,72432,289728,Debit Card,Delivered
1694,136,325,2024-08-13,2,12225,24450,Debit Card,Delivered
1695,40,392,2026-05-02,4,49707,198828,Credit Card,Delivered
1696,517,41,2025-12-20,1,39390,39390,Cash on Delivery,Returned
1697,471,421,2025-05-30,5,52349,261745,Credit Card,Cancelled
1698,370,200,2025-02-25,1,75748,75748,Credit Card,Shipped
1699,265,373,2024-08-02,4,86300,345200,UPI,Cancelled
1700,785,15,2025-10-09,1,32825,32825,UPI,Cancelled
1701,541,120,2026-05-29,2,74272,148544,Cash on Delivery,Delivered
1702,240,95,2026-01-10,2,85926,171852,Net Banking,Shipped
1703,419,17,2026-03-23,3,14871,44613,Cash on Delivery,Cancelled
1704,721,322,2026-02-25,4,30079,120316,Credit Card,Delivered
1705,749,499,2024-09-03,4,47461,189844,Debit Card,Shipped
1706,101,271,2026-07-04,3,68361,205083,UPI,Returned
1707,896,428,2025-11-10,4,18570,74280,Cash on Delivery,Cancelled
1708,627,428,2026-02-25,5,18570,92850,Net Banking,Shipped
1709,354,374,2025-08-16,5,22550,112750,Credit Card,Cancelled
1710,276,77,2026-05-04,3,65299,195897,Net Banking,Cancelled
1711,247,466,2026-06-29,5,31870,159350,Cash on Delivery,Shipped
1712,835,35,2026-06-28,1,70792,70792,Cash on Delivery,Shipped
1713,204,386,2025-03-06,4,10244,40976,Debit Card,Cancelled
1714,537,91,2026-03-21,5,74475,372375,Debit Card,Returned
1715,20,364,2026-04-08,1,35687,35687,Cash on Delivery,Returned
1716,995,121,2025-01-21,2,78635,157270,UPI,Cancelled
1717,508,482,2025-11-10,5,836,4180,Credit Card,Cancelled
1718,298,147,2026-04-10,1,25227,25227,Cash on Delivery,Returned
1719,881,120,2025-04-26,2,74272,148544,Cash on Delivery,Returned
1720,394,306,2025-01-13,5,39794,198970,Credit Card,Cancelled
1721,38,337,2025-12-03,3,48674,146022,Net Banking,Cancelled
1722,65,291,2024-12-21,1,17639,17639,UPI,Delivered
1723,292,297,2025-11-21,1,7124,7124,Credit Card,Shipped
1724,70,216,2025-02-06,1,41168,41168,Credit Card,Delivered
1725,721,57,2026-01-04,4,5729,22916,Credit Card,Delivered
1726,895,75,2026-03-05,1,29944,29944,Cash on Delivery,Returned
1727,525,355,2026-02-06,4,53225,212900,Cash on Delivery,Cancelled
1728,55,206,2026-03-15,1,87261,87261,Debit Card,Shipped
1729,580,20,2025-12-21,5,57485,287425,UPI,Delivered
1730,455,107,2026-01-06,2,34362,68724,Net Banking,Delivered
1731,161,403,2026-05-09,4,58200,232800,UPI,Cancelled
1732,614,347,2024-11-10,5,54091,270455,Net Banking,Cancelled
1733,894,78,2025-11-26,1,29183,29183,Cash on Delivery,Cancelled
1734,625,491,2024-10-10,5,691,3455,UPI,Delivered
1735,187,72,2026-06-28,3,80016,240048,UPI,Shipped
1736,16,45,2025-11-26,5,86663,433315,UPI,Delivered
1737,126,107,2025-12-11,2,34362,68724,Cash on Delivery,Returned
1738,640,403,2024-08-26,2,58200,116400,Credit Card,Shipped
1739,891,411,2025-03-23,5,5318,26590,Credit Card,Returned
1740,874,397,2026-03-31,1,3942,3942,Cash on Delivery,Cancelled
1741,831,288,2025-07-04,4,32596,130384,Net Banking,Delivered
1742,614,234,2024-08-21,2,25666,51332,Credit Card,Returned
1743,549,309,2025-10-20,5,63473,317365,Debit Card,Shipped
1744,459,487,2025-05-06,5,41223,206115,Cash on Delivery,Returned
1745,203,274,2026-02-15,3,88035,264105,Debit Card,Cancelled
1746,399,23,2024-11-06,3,3052,9156,Net Banking,Returned
1747,899,28,2024-10-05,3,29951,89853,Cash on Delivery,Shipped
1748,461,115,2026-07-03,5,39329,196645,Cash on Delivery,Shipped
1749,886,336,2025-03-13,4,53638,214552,Cash on Delivery,Cancelled
1750,749,436,2025-04-06,3,29144,87432,Net Banking,Returned
1751,255,112,2026-02-27,4,36009,144036,UPI,Delivered
1752,238,26,2025-06-14,3,80007,240021,Cash on Delivery,Delivered
1753,616,51,2024-12-10,5,97810,489050,Credit Card,Cancelled
1754,722,175,2024-12-29,1,31275,31275,Debit Card,Shipped
1755,314,9,2024-11-06,2,83820,167640,Debit Card,Delivered
1756,612,274,2026-03-29,3,88035,264105,Cash on Delivery,Shipped
1757,797,409,2025-09-18,1,18742,18742,UPI,Returned
1758,311,90,2026-06-07,3,61761,185283,Credit Card,Shipped
1759,571,88,2025-05-07,3,98478,295434,Debit Card,Shipped
1760,855,225,2025-09-12,2,79799,159598,Debit Card,Cancelled
1761,616,70,2025-08-20,1,17183,17183,Cash on Delivery,Returned
1762,890,197,2026-07-06,5,46846,234230,Credit Card,Delivered
1763,139,217,2025-02-23,3,83498,250494,Net Banking,Shipped
1764,398,329,2026-05-03,4,61844,247376,Cash on Delivery,Delivered
1765,483,264,2024-12-01,5,90908,454540,Debit Card,Delivered
1766,157,121,2025-02-11,5,78635,393175,Net Banking,Delivered
1767,49,252,2026-07-06,1,87580,87580,Debit Card,Cancelled
1768,90,452,2026-04-28,4,21337,85348,Net Banking,Delivered
1769,915,266,2025-08-05,2,67751,135502,Cash on Delivery,Delivered
1770,414,378,2026-04-14,4,2561,10244,UPI,Cancelled
1771,410,373,2025-03-13,5,86300,431500,UPI,Cancelled
1772,456,372,2026-02-26,5,26215,131075,Cash on Delivery,Shipped
1773,528,340,2026-06-03,3,92744,278232,Cash on Delivery,Shipped
1774,952,140,2025-04-16,2,72699,145398,UPI,Returned
1775,524,51,2026-04-12,4,97810,391240,Cash on Delivery,Delivered
1776,337,269,2024-10-24,2,49260,98520,Net Banking,Cancelled
1777,965,225,2025-07-25,4,79799,319196,Credit Card,Shipped
1778,879,338,2024-09-23,3,98507,295521,UPI,Returned
1779,7,303,2024-11-13,5,94031,470155,UPI,Returned
1780,303,149,2026-03-04,3,65423,196269,UPI,Returned
1781,613,250,2025-01-18,5,15030,75150,Net Banking,Shipped
1782,229,106,2026-05-26,2,4261,8522,Net Banking,Shipped
1783,579,57,2026-01-03,4,5729,22916,Net Banking,Shipped
1784,250,314,2026-02-09,5,60749,303745,Cash on Delivery,Shipped
1785,128,185,2026-01-01,2,42937,85874,UPI,Cancelled
1786,544,310,2025-05-31,4,4638,18552,Debit Card,Delivered
1787,71,447,2026-05-14,1,83709,83709,Net Banking,Returned
1788,294,214,2026-04-12,3,53588,160764,Debit Card,Shipped
1789,225,202,2025-10-02,3,24277,72831,Debit Card,Delivered
1790,854,320,2025-05-07,3,98455,295365,Credit Card,Cancelled
1791,733,366,2024-10-05,5,40239,201195,Net Banking,Shipped
1792,470,102,2026-04-02,4,64751,259004,UPI,Shipped
1793,435,11,2025-05-29,2,61089,122178,Debit Card,Shipped
1794,40,474,2024-08-06,1,96177,96177,UPI,Delivered
1795,255,237,2025-02-17,2,6226,12452,Cash on Delivery,Shipped
1796,338,455,2025-09-16,3,92735,278205,UPI,Cancelled
1797,581,95,2024-10-30,1,85926,85926,Debit Card,Returned
1798,532,8,2025-07-15,4,10958,43832,UPI,Cancelled
1799,194,128,2025-05-09,2,22247,44494,Cash on Delivery,Shipped
1800,827,219,2025-12-31,2,23718,47436,Cash on Delivery,Cancelled
1801,255,485,2026-02-28,5,75412,377060,Net Banking,Shipped
1802,311,353,2025-12-31,1,81099,81099,Net Banking,Delivered
1803,167,380,2025-02-15,3,13124,39372,Credit Card,Delivered
1804,691,67,2025-10-24,3,71075,213225,Credit Card,Cancelled
1805,686,94,2025-05-18,1,62144,62144,Net Banking,Delivered
1806,661,255,2026-04-26,1,6311,6311,Net Banking,Cancelled
1807,788,495,2025-12-04,3,78080,234240,UPI,Delivered
1808,994,20,2026-07-27,3,57485,172455,Net Banking,Shipped
1809,276,160,2025-05-11,4,45793,183172,Cash on Delivery,Delivered
1810,518,101,2024-10-19,3,56648,169944,Net Banking,Delivered
1811,641,38,2026-01-02,2,64153,128306,Credit Card,Returned
1812,145,3,2025-01-24,5,77736,388680,UPI,Delivered
1813,506,231,2025-07-28,2,86490,172980,Cash on Delivery,Cancelled
1814,527,201,2024-08-15,3,24147,72441,Net Banking,Returned
1815,317,200,2025-11-20,2,75748,151496,UPI,Cancelled
1816,34,414,2026-06-13,3,49536,148608,Debit Card,Cancelled
1817,613,193,2025-10-06,2,30449,60898,Cash on Delivery,Cancelled
1818,495,217,2025-04-07,1,83498,83498,Debit Card,Returned
1819,874,204,2026-07-07,1,59960,59960,Cash on Delivery,Cancelled
1820,849,496,2025-11-12,2,34708,69416,Credit Card,Cancelled
1821,176,88,2025-01-14,4,98478,393912,Credit Card,Delivered
1822,288,36,2025-12-12,4,10380,41520,Cash on Delivery,Shipped
1823,536,245,2024-09-14,4,4194,16776,Credit Card,Shipped
1824,778,205,2025-12-02,4,20892,83568,Debit Card,Cancelled
1825,351,388,2026-04-27,4,21792,87168,Cash on Delivery,Shipped
1826,402,168,2025-07-22,2,34181,68362,Credit Card,Shipped
1827,785,308,2026-07-03,2,86429,172858,Debit Card,Shipped
1828,797,242,2026-01-22,4,11493,45972,Credit Card,Shipped
1829,926,221,2025-03-18,3,9450,28350,UPI,Delivered
1830,409,108,2025-12-13,2,25542,51084,Debit Card,Shipped
1831,171,63,2025-06-09,1,37085,37085,Debit Card,Returned
1832,546,79,2024-10-25,4,33162,132648,Debit Card,Returned
1833,387,483,2024-11-12,3,48207,144621,Credit Card,Shipped
1834,12,3,2024-08-31,1,77736,77736,Credit Card,Shipped
1835,248,86,2024-08-24,1,27610,27610,Cash on Delivery,Cancelled
1836,107,265,2025-03-20,5,84316,421580,Cash on Delivery,Shipped
1837,469,152,2025-08-13,5,88889,444445,Credit Card,Shipped
1838,23,81,2024-10-25,1,58946,58946,Debit Card,Delivered
1839,764,331,2024-10-10,4,88895,355580,Credit Card,Returned
1840,276,255,2025-01-25,3,6311,18933,Credit Card,Returned
1841,235,334,2026-06-16,4,99296,397184,Net Banking,Shipped
1842,516,404,2025-09-17,2,79564,159128,Credit Card,Shipped
1843,12,134,2024-11-09,1,54023,54023,Net Banking,Delivered
1844,232,13,2025-05-24,3,28153,84459,Net Banking,Shipped
1845,502,195,2025-07-14,2,9299,18598,Credit Card,Delivered
1846,381,459,2025-05-11,2,50664,101328,Net Banking,Returned
1847,831,97,2025-12-29,3,92180,276540,Net Banking,Shipped
1848,195,252,2026-02-24,4,87580,350320,Net Banking,Delivered
1849,394,95,2026-01-18,5,85926,429630,Net Banking,Cancelled
1850,16,182,2025-09-19,4,27652,110608,Cash on Delivery,Delivered
1851,74,272,2025-06-17,5,28624,143120,UPI,Returned
1852,461,284,2025-10-26,4,81034,324136,UPI,Shipped
1853,434,298,2026-02-23,5,1571,7855,Cash on Delivery,Returned
1854,932,61,2026-02-11,1,29654,29654,Cash on Delivery,Returned
1855,431,442,2024-11-24,5,8270,41350,UPI,Shipped
1856,442,273,2026-06-14,3,18290,54870,Net Banking,Returned
1857,5,216,2025-06-14,3,41168,123504,Debit Card,Returned
1858,505,343,2025-12-17,2,58890,117780,Net Banking,Cancelled
1859,752,73,2024-10-11,5,62521,312605,UPI,Shipped
1860,402,443,2026-05-05,4,19668,78672,Net Banking,Delivered
1861,426,419,2025-08-11,5,97557,487785,UPI,Shipped
1862,676,35,2025-11-17,5,70792,353960,Cash on Delivery,Shipped
1863,740,45,2025-06-08,4,86663,346652,Net Banking,Cancelled
1864,48,272,2026-07-26,4,28624,114496,UPI,Shipped
1865,458,479,2025-03-01,4,56772,227088,Cash on Delivery,Shipped
1866,604,299,2024-08-21,4,48464,193856,UPI,Cancelled
1867,154,4,2026-01-14,3,36921,110763,Credit Card,Delivered
1868,132,126,2025-05-10,1,35175,35175,UPI,Returned
1869,646,95,2025-01-11,3,85926,257778,UPI,Returned
1870,206,491,2025-07-06,5,691,3455,Cash on Delivery,Shipped
1871,945,153,2025-07-07,4,9468,37872,Cash on Delivery,Returned
1872,161,239,2025-01-26,1,61974,61974,Credit Card,Cancelled
1873,404,84,2026-05-22,5,71298,356490,Credit Card,Shipped
1874,883,334,2025-05-04,2,99296,198592,Credit Card,Delivered
1875,525,430,2024-10-12,4,7526,30104,Debit Card,Cancelled
1876,675,10,2026-01-10,4,92488,369952,Debit Card,Shipped
1877,446,395,2025-05-08,1,14465,14465,Credit Card,Shipped
1878,221,423,2025-09-22,1,25005,25005,Cash on Delivery,Cancelled
1879,520,79,2026-06-27,1,33162,33162,Net Banking,Returned
1880,723,386,2025-12-09,4,10244,40976,Cash on Delivery,Delivered
1881,157,230,2025-05-01,5,20209,101045,Net Banking,Shipped
1882,914,377,2024-09-12,2,1698,3396,Cash on Delivery,Returned
1883,811,326,2025-06-01,4,23540,94160,Net Banking,Returned
1884,931,1,2025-02-26,1,55802,55802,Cash on Delivery,Delivered
1885,418,211,2024-12-21,2,50334,100668,Cash on Delivery,Cancelled
1886,351,6,2024-10-29,5,70784,353920,Cash on Delivery,Shipped
1887,104,246,2026-05-16,1,5520,5520,Credit Card,Shipped
1888,81,468,2026-04-28,1,55663,55663,Debit Card,Delivered
1889,326,81,2025-07-15,2,58946,117892,UPI,Cancelled
1890,535,364,2024-10-06,3,35687,107061,UPI,Delivered
1891,676,132,2025-12-23,1,5773,5773,Net Banking,Shipped
1892,770,42,2025-01-07,2,7072,14144,Debit Card,Shipped
1893,612,39,2025-12-07,4,782,3128,Cash on Delivery,Cancelled
1894,730,311,2025-12-05,1,41616,41616,UPI,Cancelled
1895,121,9,2025-11-02,3,83820,251460,Debit Card,Returned
1896,105,274,2024-08-12,1,88035,88035,Net Banking,Delivered
1897,922,306,2024-09-04,3,39794,119382,Net Banking,Shipped
1898,790,300,2026-03-30,1,38327,38327,Debit Card,Cancelled
1899,332,25,2025-04-12,5,16983,84915,Net Banking,Shipped
1900,281,474,2025-02-01,2,96177,192354,Cash on Delivery,Delivered
1901,982,397,2024-11-01,1,3942,3942,Cash on Delivery,Delivered
1902,731,405,2026-03-30,4,42330,169320,Cash on Delivery,Cancelled
1903,581,109,2025-10-08,4,85159,340636,Cash on Delivery,Cancelled
1904,446,428,2025-01-02,3,18570,55710,Cash on Delivery,Cancelled
1905,295,66,2024-09-18,2,76074,152148,Cash on Delivery,Returned
1906,95,237,2026-05-02,5,6226,31130,Net Banking,Returned
1907,814,437,2026-03-13,2,59447,118894,Cash on Delivery,Shipped
1908,417,297,2025-09-30,3,7124,21372,Credit Card,Delivered
1909,341,157,2025-01-03,1,10850,10850,UPI,Returned
1910,274,408,2025-10-25,1,57969,57969,Credit Card,Returned
1911,418,477,2025-01-10,4,69051,276204,UPI,Cancelled
1912,269,351,2026-04-19,3,88776,266328,Cash on Delivery,Shipped
1913,308,213,2026-06-02,1,56767,56767,Credit Card,Cancelled
1914,155,500,2025-01-23,3,16217,48651,UPI,Cancelled
1915,567,172,2025-04-08,3,88952,266856,Cash on Delivery,Cancelled
1916,113,483,2026-03-20,1,48207,48207,UPI,Cancelled
1917,745,228,2024-11-18,3,51279,153837,Net Banking,Delivered
1918,970,261,2026-03-31,2,24986,49972,Credit Card,Cancelled
1919,576,461,2026-06-26,3,82823,248469,Net Banking,Returned
1920,937,419,2025-11-01,1,97557,97557,Credit Card,Returned
1921,157,2,2024-07-29,2,26562,53124,Net Banking,Cancelled
1922,680,121,2025-02-27,4,78635,314540,Net Banking,Delivered
1923,259,305,2026-05-24,5,81305,406525,Debit Card,Cancelled
1924,786,197,2024-11-16,5,46846,234230,Cash on Delivery,Delivered
1925,996,241,2024-11-04,2,7339,14678,Cash on Delivery,Cancelled
1926,615,318,2025-09-19,3,75666,226998,UPI,Shipped
1927,569,197,2025-02-06,3,46846,140538,UPI,Cancelled
1928,339,281,2026-04-08,4,66411,265644,Cash on Delivery,Shipped
1929,999,319,2024-12-09,5,6013,30065,Cash on Delivery,Returned
1930,751,101,2024-10-20,2,56648,113296,Cash on Delivery,Delivered
1931,406,84,2025-12-22,3,71298,213894,Debit Card,Delivered
1932,639,261,2026-05-30,3,24986,74958,Net Banking,Delivered
1933,48,88,2024-08-16,4,98478,393912,Credit Card,Cancelled
1934,449,294,2024-11-06,4,43417,173668,Debit Card,Shipped
1935,207,325,2024-08-07,5,12225,61125,Debit Card,Shipped
1936,623,195,2025-05-01,1,9299,9299,Debit Card,Delivered
1937,816,274,2026-04-01,2,88035,176070,UPI,Returned
1938,62,262,2026-03-31,5,10845,54225,UPI,Returned
1939,292,318,2025-01-27,5,75666,378330,Credit Card,Shipped
1940,615,232,2025-10-27,3,49872,149616,Net Banking,Cancelled
1941,660,387,2025-04-04,3,2552,7656,Credit Card,Delivered
1942,446,58,2024-08-08,5,73885,369425,Credit Card,Shipped
1943,10,281,2024-12-09,1,66411,66411,Net Banking,Returned
1944,536,292,2025-02-18,5,61641,308205,UPI,Delivered
1945,218,484,2024-09-05,3,42679,128037,UPI,Delivered
1946,18,198,2024-11-02,3,79196,237588,Net Banking,Delivered
1947,41,151,2026-02-23,1,10307,10307,Cash on Delivery,Cancelled
1948,483,464,2025-06-18,1,79274,79274,Cash on Delivery,Cancelled
1949,767,293,2025-09-08,2,38538,77076,Debit Card,Shipped
1950,827,465,2024-10-23,2,68362,136724,Debit Card,Cancelled
1951,710,83,2026-02-26,5,58154,290770,Debit Card,Returned
1952,702,418,2024-09-14,1,6356,6356,Debit Card,Shipped
1953,214,159,2025-07-31,2,61481,122962,Debit Card,Delivered
1954,16,241,2025-07-10,1,7339,7339,Cash on Delivery,Delivered
1955,250,457,2026-03-23,2,55853,111706,Cash on Delivery,Cancelled
1956,892,202,2025-05-04,5,24277,121385,Debit Card,Cancelled
1957,172,106,2025-08-29,2,4261,8522,Debit Card,Shipped
1958,317,16,2025-10-31,2,29246,58492,UPI,Cancelled
1959,332,368,2024-10-19,5,42654,213270,Debit Card,Returned
1960,155,36,2025-07-13,1,10380,10380,Credit Card,Delivered
1961,637,475,2025-08-22,4,15702,62808,UPI,Delivered
1962,421,342,2025-01-15,4,58412,233648,UPI,Delivered
1963,49,168,2025-11-16,4,34181,136724,Net Banking,Shipped
1964,307,191,2024-08-29,5,70041,350205,Cash on Delivery,Returned
1965,92,413,2026-02-11,5,56920,284600,Debit Card,Cancelled
1966,466,480,2026-03-27,3,67449,202347,Credit Card,Delivered
1967,674,394,2026-07-02,4,50307,201228,Cash on Delivery,Shipped
1968,937,319,2026-05-31,1,6013,6013,Net Banking,Delivered
1969,969,126,2025-12-20,4,35175,140700,Debit Card,Returned
1970,326,348,2025-09-05,4,59290,237160,Credit Card,Shipped
1971,872,105,2025-03-18,2,37059,74118,Cash on Delivery,Cancelled
1972,222,208,2025-07-17,3,64283,192849,Net Banking,Shipped
1973,573,242,2025-12-08,3,11493,34479,Debit Card,Returned
1974,683,75,2024-08-20,4,29944,119776,UPI,Delivered
1975,547,453,2024-09-12,4,11303,45212,UPI,Cancelled
1976,320,74,2025-08-03,4,68061,272244,Net Banking,Shipped
1977,829,155,2026-05-16,3,4294,12882,Debit Card,Shipped
1978,763,272,2025-06-03,5,28624,143120,UPI,Returned
1979,212,108,2025-06-23,1,25542,25542,Debit Card,Delivered
1980,499,66,2026-01-10,3,76074,228222,Cash on Delivery,Returned
1981,83,64,2024-10-18,4,34737,138948,Cash on Delivery,Returned
1982,297,213,2025-08-11,2,56767,113534,Cash on Delivery,Shipped
1983,810,498,2026-01-31,5,14348,71740,Credit Card,Returned
1984,299,177,2026-07-03,4,81194,324776,UPI,Cancelled
1985,546,286,2025-07-06,2,11146,22292,Cash on Delivery,Returned
1986,21,85,2024-09-22,4,8918,35672,Cash on Delivery,Cancelled
1987,13,460,2026-06-25,5,74331,371655,Credit Card,Shipped
1988,581,17,2024-09-27,1,14871,14871,Cash on Delivery,Returned
1989,536,306,2025-04-03,1,39794,39794,Cash on Delivery,Returned
1990,273,461,2025-11-11,3,82823,248469,Cash on Delivery,Delivered
1991,62,108,2024-11-19,4,25542,102168,Credit Card,Cancelled
1992,405,478,2024-09-16,4,17137,68548,UPI,Delivered
1993,964,238,2024-11-02,5,37846,189230,Net Banking,Cancelled
1994,60,64,2025-02-25,4,34737,138948,UPI,Delivered
1995,253,28,2025-11-23,2,29951,59902,Credit Card,Delivered
1996,411,137,2025-11-30,2,61052,122104,Credit Card,Returned
1997,39,443,2025-10-24,5,19668,98340,Debit Card,Returned
1998,738,96,2025-09-25,5,20473,102365,Cash on Delivery,Returned
1999,943,395,2026-01-31,2,14465,28930,Credit Card,Cancelled
2000,800,436,2025-04-05,3,29144,87432,Cash on Delivery,Cancelled
2001,564,397,2025-05-18,4,3942,15768,Debit Card,Delivered
2002,247,181,2025-11-03,5,32425,162125,UPI,Returned
2003,166,399,2025-09-12,2,22716,45432,Debit Card,Delivered
2004,120,318,2025-03-13,3,75666,226998,Cash on Delivery,Delivered
2005,487,22,2025-07-14,1,21674,21674,Cash on Delivery,Cancelled
2006,509,103,2025-08-23,1,23586,23586,Debit Card,Delivered
2007,586,32,2025-11-09,2,53854,107708,Net Banking,Returned
2008,684,416,2025-06-26,3,41380,124140,Net Banking,Returned
2009,590,378,2024-10-12,4,2561,10244,Net Banking,Shipped
2010,456,77,2026-04-04,2,65299,130598,Net Banking,Shipped
2011,352,359,2026-01-23,2,65462,130924,Cash on Delivery,Returned
2012,937,242,2024-10-23,3,11493,34479,Net Banking,Shipped
2013,818,488,2026-05-20,3,38719,116157,Credit Card,Shipped
2014,287,240,2025-12-17,1,50552,50552,UPI,Delivered
2015,637,351,2025-12-14,2,88776,177552,Net Banking,Returned
2016,461,440,2026-06-08,2,37342,74684,UPI,Shipped
2017,699,142,2026-03-16,4,63742,254968,Net Banking,Returned
2018,176,35,2025-09-28,5,70792,353960,Credit Card,Returned
2019,172,279,2026-02-06,5,75853,379265,Net Banking,Returned
2020,309,11,2026-05-30,4,61089,244356,Debit Card,Shipped
2021,975,285,2025-01-10,2,86841,173682,Net Banking,Delivered
2022,692,189,2025-06-26,5,93875,469375,Net Banking,Shipped
2023,978,174,2025-07-12,5,18820,94100,Debit Card,Returned
2024,252,345,2026-06-16,5,895,4475,Cash on Delivery,Cancelled
2025,363,402,2025-01-20,1,14521,14521,UPI,Returned
2026,135,448,2025-06-13,3,28267,84801,UPI,Returned
2027,132,319,2025-04-16,1,6013,6013,Credit Card,Cancelled
2028,303,363,2026-04-30,4,85265,341060,Cash on Delivery,Delivered
2029,105,260,2025-07-14,5,48737,243685,Cash on Delivery,Delivered
2030,517,240,2025-06-01,2,50552,101104,Net Banking,Delivered
2031,29,371,2025-06-15,5,34680,173400,Cash on Delivery,Cancelled
2032,840,46,2026-02-13,5,31785,158925,UPI,Cancelled
2033,197,228,2024-10-08,5,51279,256395,UPI,Returned
2034,989,145,2025-03-26,4,77431,309724,Cash on Delivery,Returned
2035,217,158,2025-06-23,5,19258,96290,Debit Card,Returned
2036,995,152,2025-03-26,3,88889,266667,Debit Card,Cancelled
2037,322,468,2025-12-25,2,55663,111326,UPI,Cancelled
2038,224,132,2025-02-09,5,5773,28865,Debit Card,Delivered
2039,37,28,2025-05-13,4,29951,119804,Cash on Delivery,Shipped
2040,136,312,2024-11-22,5,80647,403235,UPI,Cancelled
2041,964,278,2026-01-11,5,11800,59000,UPI,Cancelled
2042,839,324,2026-07-13,4,63080,252320,UPI,Shipped
2043,4,215,2025-07-30,5,57740,288700,UPI,Cancelled
2044,786,164,2024-09-17,3,30662,91986,Credit Card,Cancelled
2045,996,217,2024-10-05,3,83498,250494,Debit Card,Delivered
2046,457,41,2026-05-04,1,39390,39390,Cash on Delivery,Shipped
2047,343,34,2024-10-01,5,95948,479740,Credit Card,Returned
2048,310,364,2024-10-07,3,35687,107061,Credit Card,Cancelled
2049,136,69,2025-06-27,2,66969,133938,Net Banking,Shipped
2050,546,85,2024-10-10,5,8918,44590,UPI,Cancelled
2051,883,56,2026-02-25,1,76850,76850,Credit Card,Shipped
2052,720,201,2026-02-20,4,24147,96588,Net Banking,Returned
2053,70,395,2025-05-12,2,14465,28930,Net Banking,Shipped
2054,494,36,2026-04-18,2,10380,20760,Cash on Delivery,Cancelled
2055,349,97,2024-11-05,1,92180,92180,Debit Card,Delivered
2056,547,86,2025-10-02,1,27610,27610,Credit Card,Returned
2057,561,393,2024-09-11,4,39215,156860,Net Banking,Cancelled
2058,511,64,2025-10-25,4,34737,138948,Cash on Delivery,Shipped
2059,650,22,2025-10-06,4,21674,86696,Net Banking,Returned
2060,864,80,2025-10-06,3,73759,221277,Credit Card,Returned
2061,900,324,2025-04-09,1,63080,63080,Debit Card,Returned
2062,961,420,2025-12-29,4,56385,225540,Debit Card,Delivered
2063,463,450,2024-10-29,1,82574,82574,Cash on Delivery,Cancelled
2064,67,91,2025-06-11,4,74475,297900,Cash on Delivery,Cancelled
2065,678,369,2025-04-27,3,47639,142917,Debit Card,Cancelled
2066,384,414,2026-06-05,1,49536,49536,Debit Card,Returned
2067,140,37,2025-12-25,4,2434,9736,Credit Card,Shipped
2068,559,232,2026-07-27,5,49872,249360,Debit Card,Shipped
2069,539,345,2026-03-01,3,895,2685,Cash on Delivery,Delivered
2070,952,331,2025-06-20,1,88895,88895,UPI,Delivered
2071,130,218,2026-06-01,4,31468,125872,UPI,Delivered
2072,976,269,2026-07-08,4,49260,197040,Debit Card,Shipped
2073,587,415,2026-02-07,3,63777,191331,Debit Card,Shipped
2074,659,307,2024-09-04,1,77007,77007,UPI,Delivered
2075,244,28,2025-03-07,1,29951,29951,Cash on Delivery,Shipped
2076,21,425,2025-11-05,5,15472,77360,UPI,Delivered
2077,470,469,2025-03-26,1,77486,77486,Cash on Delivery,Shipped
2078,906,349,2025-04-26,4,17931,71724,Cash on Delivery,Shipped
2079,571,398,2024-10-15,1,38753,38753,Credit Card,Cancelled
2080,476,480,2025-10-18,3,67449,202347,Net Banking,Delivered
2081,605,319,2025-08-25,4,6013,24052,Debit Card,Returned
2082,75,316,2025-01-08,3,38380,115140,Debit Card,Shipped
2083,662,27,2024-11-24,1,88539,88539,Debit Card,Delivered
2084,157,85,2025-12-19,4,8918,35672,Net Banking,Cancelled
2085,703,413,2025-08-05,1,56920,56920,Debit Card,Cancelled
2086,702,353,2025-01-17,2,81099,162198,Net Banking,Delivered
2087,112,235,2026-05-16,4,67043,268172,Credit Card,Returned
2088,57,405,2024-10-19,2,42330,84660,Net Banking,Delivered
2089,27,320,2025-04-24,2,98455,196910,Cash on Delivery,Returned
2090,425,269,2026-05-14,2,49260,98520,Cash on Delivery,Delivered
2091,250,454,2025-10-02,4,82499,329996,Debit Card,Delivered
2092,527,229,2025-05-08,1,43713,43713,UPI,Delivered
2093,414,263,2024-10-24,5,10994,54970,Debit Card,Returned
2094,183,302,2026-03-11,1,79466,79466,Net Banking,Shipped
2095,419,481,2025-02-28,1,33938,33938,UPI,Returned
2096,445,67,2025-10-15,3,71075,213225,Credit Card,Cancelled
2097,812,206,2025-01-18,4,87261,349044,Cash on Delivery,Delivered
2098,447,474,2026-04-14,5,96177,480885,Net Banking,Returned
2099,806,355,2025-06-25,4,53225,212900,Net Banking,Delivered
2100,414,138,2026-05-14,5,7264,36320,Credit Card,Delivered
2101,553,107,2025-10-05,4,34362,137448,Net Banking,Delivered
2102,629,483,2026-03-15,5,48207,241035,Cash on Delivery,Cancelled
2103,914,216,2026-04-23,3,41168,123504,Debit Card,Returned
2104,926,398,2025-11-21,1,38753,38753,UPI,Cancelled
2105,682,32,2025-11-15,5,53854,269270,Debit Card,Delivered
2106,330,218,2026-01-02,4,31468,125872,Debit Card,Shipped
2107,283,93,2025-12-08,2,44736,89472,Cash on Delivery,Delivered
2108,937,47,2025-10-02,4,99048,396192,Credit Card,Cancelled
2109,933,120,2024-08-16,4,74272,297088,UPI,Cancelled
2110,981,312,2025-11-12,4,80647,322588,UPI,Returned
2111,119,359,2026-07-18,2,65462,130924,Credit Card,Delivered
2112,657,37,2025-12-19,2,2434,4868,UPI,Shipped
2113,958,475,2026-05-02,4,15702,62808,Net Banking,Delivered
2114,265,260,2026-01-16,5,48737,243685,Debit Card,Returned
2115,865,336,2025-02-19,5,53638,268190,Net Banking,Delivered
2116,520,87,2024-08-18,1,1272,1272,Debit Card,Delivered
2117,985,295,2024-12-14,3,67966,203898,UPI,Returned
2118,4,456,2025-02-24,1,30147,30147,Credit Card,Returned
2119,881,86,2026-01-23,5,27610,138050,Credit Card,Shipped
2120,379,366,2026-03-11,1,40239,40239,UPI,Shipped
2121,521,353,2025-03-23,4,81099,324396,UPI,Returned
2122,532,423,2026-07-12,5,25005,125025,UPI,Shipped
2123,578,251,2025-04-16,2,38677,77354,UPI,Shipped
2124,253,309,2025-04-25,1,63473,63473,Debit Card,Delivered
2125,107,78,2024-07-31,4,29183,116732,Cash on Delivery,Shipped
2126,537,47,2024-12-14,5,99048,495240,UPI,Delivered
2127,409,22,2026-06-02,1,21674,21674,Net Banking,Shipped
2128,605,187,2024-11-15,1,66539,66539,Credit Card,Returned
2129,592,26,2025-10-09,3,80007,240021,Net Banking,Cancelled
2130,111,156,2025-12-19,1,56950,56950,Cash on Delivery,Shipped
2131,872,298,2025-06-03,3,1571,4713,Credit Card,Delivered
2132,14,145,2024-09-19,5,77431,387155,Credit Card,Cancelled
2133,10,165,2024-11-14,1,82845,82845,UPI,Cancelled
2134,750,73,2026-02-22,2,62521,125042,Net Banking,Shipped
2135,872,500,2025-11-30,3,16217,48651,Cash on Delivery,Shipped
2136,334,334,2024-08-19,4,99296,397184,Credit Card,Delivered
2137,293,441,2024-10-06,2,35541,71082,UPI,Returned
2138,953,260,2026-02-26,2,48737,97474,UPI,Returned
2139,40,475,2025-09-12,1,15702,15702,UPI,Delivered
2140,326,361,2025-01-10,2,39918,79836,UPI,Cancelled
2141,957,313,2025-05-15,4,27676,110704,Net Banking,Shipped
2142,862,236,2025-06-18,2,17676,35352,Credit Card,Cancelled
2143,544,116,2025-07-14,5,6465,32325,Net Banking,Returned
2144,643,53,2025-04-17,2,12597,25194,Credit Card,Delivered
2145,903,178,2024-11-26,5,58615,293075,Credit Card,Returned
2146,94,215,2025-05-10,5,57740,288700,UPI,Cancelled
2147,495,143,2025-03-26,3,79061,237183,Net Banking,Delivered
2148,582,253,2026-02-07,5,62121,310605,Credit Card,Shipped
2149,965,127,2025-04-04,1,71876,71876,Cash on Delivery,Delivered
2150,712,38,2026-03-22,5,64153,320765,Debit Card,Shipped
2151,970,82,2025-10-10,4,84079,336316,Credit Card,Cancelled
2152,159,498,2025-11-02,1,14348,14348,Credit Card,Delivered
2153,1,221,2024-09-30,2,9450,18900,Net Banking,Returned
2154,27,64,2026-06-13,2,34737,69474,Credit Card,Delivered
2155,620,180,2024-09-05,1,12515,12515,Debit Card,Cancelled
2156,123,134,2024-11-24,2,54023,108046,Net Banking,Cancelled
2157,230,340,2024-11-26,3,92744,278232,Cash on Delivery,Returned
2158,126,267,2026-03-04,1,89378,89378,UPI,Delivered
2159,646,114,2025-11-18,5,97310,486550,Credit Card,Shipped
2160,422,335,2024-09-03,1,91302,91302,Net Banking,Delivered
2161,609,35,2026-01-01,1,70792,70792,Credit Card,Returned
2162,636,454,2024-09-28,5,82499,412495,Cash on Delivery,Cancelled
2163,382,358,2025-02-23,4,36564,146256,Credit Card,Cancelled
2164,916,413,2025-07-06,2,56920,113840,UPI,Cancelled
2165,760,16,2025-12-23,2,29246,58492,UPI,Shipped
2166,551,87,2025-06-21,4,1272,5088,Credit Card,Returned
2167,927,348,2025-08-08,2,59290,118580,UPI,Returned
2168,850,231,2025-11-10,5,86490,432450,Net Banking,Delivered
2169,929,379,2025-07-05,4,95159,380636,Credit Card,Shipped
2170,621,170,2025-06-13,5,48442,242210,Net Banking,Shipped
2171,670,403,2025-02-24,4,58200,232800,Debit Card,Shipped
2172,548,148,2025-01-10,4,6220,24880,Credit Card,Cancelled
2173,797,323,2026-03-05,3,13678,41034,Credit Card,Cancelled
2174,950,407,2025-08-28,2,26688,53376,UPI,Delivered
2175,411,184,2024-10-23,3,87146,261438,Credit Card,Delivered
2176,376,372,2025-04-21,4,26215,104860,Net Banking,Returned
2177,413,436,2025-06-25,2,29144,58288,Debit Card,Shipped
2178,317,61,2024-10-21,3,29654,88962,Cash on Delivery,Shipped
2179,708,283,2025-03-04,5,33347,166735,Credit Card,Shipped
2180,162,285,2026-01-04,1,86841,86841,Net Banking,Returned
2181,791,148,2026-01-04,2,6220,12440,Cash on Delivery,Returned
2182,215,468,2025-10-30,4,55663,222652,Debit Card,Delivered
2183,413,181,2025-08-08,4,32425,129700,Credit Card,Shipped
2184,743,477,2025-09-09,3,69051,207153,Net Banking,Shipped
2185,750,363,2025-12-27,5,85265,426325,Credit Card,Delivered
2186,662,438,2025-03-23,4,28009,112036,UPI,Delivered
2187,435,495,2024-08-31,4,78080,312320,Cash on Delivery,Delivered
2188,310,243,2025-01-14,4,29602,118408,Cash on Delivery,Returned
2189,246,254,2025-05-30,4,9355,37420,UPI,Returned
2190,967,83,2025-11-04,4,58154,232616,Credit Card,Delivered
2191,393,92,2024-09-07,5,24319,121595,UPI,Returned
2192,686,68,2024-08-01,2,9671,19342,Credit Card,Cancelled
2193,213,350,2025-01-01,3,17191,51573,Credit Card,Delivered
2194,28,458,2025-03-18,1,96282,96282,Net Banking,Cancelled
2195,74,48,2025-01-07,2,28438,56876,Net Banking,Delivered
2196,852,23,2026-03-15,4,3052,12208,Net Banking,Shipped
2197,785,83,2024-11-10,4,58154,232616,Credit Card,Cancelled
2198,88,136,2026-03-12,4,41724,166896,UPI,Delivered
2199,6,455,2025-02-10,4,92735,370940,Debit Card,Delivered
2200,403,312,2025-03-08,3,80647,241941,Net Banking,Cancelled
2201,493,45,2025-04-07,5,86663,433315,Cash on Delivery,Shipped
2202,60,322,2024-10-28,1,30079,30079,Cash on Delivery,Cancelled
2203,505,293,2024-08-02,1,38538,38538,Cash on Delivery,Cancelled
2204,531,268,2025-08-17,1,47967,47967,UPI,Returned
2205,548,440,2026-02-27,3,37342,112026,Net Banking,Delivered
2206,915,313,2025-06-26,3,27676,83028,Debit Card,Shipped
2207,125,310,2024-12-10,5,4638,23190,UPI,Shipped
2208,6,111,2024-11-04,2,70088,140176,Debit Card,Shipped
2209,348,168,2025-05-18,5,34181,170905,UPI,Returned
2210,846,499,2025-09-13,5,47461,237305,Credit Card,Shipped
2211,165,475,2026-01-24,3,15702,47106,Debit Card,Cancelled
2212,199,408,2025-01-21,5,57969,289845,Net Banking,Cancelled
2213,418,247,2025-08-19,1,81154,81154,UPI,Cancelled
2214,702,328,2025-10-03,3,60052,180156,Net Banking,Returned
2215,307,369,2026-05-05,5,47639,238195,Cash on Delivery,Delivered
2216,51,337,2025-12-27,4,48674,194696,Cash on Delivery,Cancelled
2217,650,272,2026-04-14,4,28624,114496,Cash on Delivery,Cancelled
2218,534,412,2025-04-28,1,86693,86693,Credit Card,Returned
2219,173,316,2024-09-20,1,38380,38380,UPI,Returned
2220,486,332,2025-05-31,2,43482,86964,Debit Card,Delivered
2221,132,69,2026-05-27,1,66969,66969,Credit Card,Cancelled
2222,626,263,2026-02-23,1,10994,10994,Credit Card,Returned
2223,530,144,2024-08-28,2,45048,90096,Credit Card,Delivered
2224,695,487,2025-06-30,3,41223,123669,Net Banking,Shipped
2225,719,242,2024-08-10,4,11493,45972,Debit Card,Returned
2226,782,326,2025-07-19,4,23540,94160,UPI,Cancelled
2227,977,396,2026-07-12,2,13899,27798,UPI,Delivered
2228,367,482,2024-09-25,2,836,1672,Cash on Delivery,Cancelled
2229,532,21,2026-05-27,4,14447,57788,Cash on Delivery,Cancelled
2230,193,39,2025-03-27,3,782,2346,Net Banking,Returned
2231,820,417,2025-10-17,4,13295,53180,Debit Card,Shipped
2232,516,149,2025-06-25,3,65423,196269,Credit Card,Cancelled
2233,410,153,2025-10-15,2,9468,18936,Net Banking,Cancelled
2234,871,173,2025-06-06,3,83783,251349,UPI,Shipped
2235,155,106,2026-01-29,3,4261,12783,Debit Card,Returned
2236,514,439,2025-12-06,2,81260,162520,Cash on Delivery,Shipped
2237,426,262,2025-06-16,5,10845,54225,Debit Card,Shipped
2238,281,370,2025-03-08,2,27124,54248,Credit Card,Shipped
2239,286,40,2024-10-24,2,91803,183606,UPI,Delivered
2240,653,113,2025-06-06,3,97870,293610,Cash on Delivery,Shipped
2241,239,136,2024-08-12,4,41724,166896,Debit Card,Cancelled
2242,405,252,2025-04-05,2,87580,175160,Credit Card,Delivered
2243,263,500,2024-12-07,3,16217,48651,Debit Card,Shipped
2244,184,113,2026-04-10,3,97870,293610,Net Banking,Shipped
2245,762,426,2025-11-19,5,77854,389270,Debit Card,Delivered
2246,396,170,2025-07-19,1,48442,48442,Net Banking,Returned
2247,741,265,2026-05-04,2,84316,168632,Net Banking,Cancelled
2248,813,332,2026-01-13,2,43482,86964,UPI,Cancelled
2249,190,71,2026-07-11,3,72319,216957,Net Banking,Cancelled
2250,198,68,2025-05-04,5,9671,48355,Credit Card,Returned
2251,59,471,2024-10-03,3,11303,33909,UPI,Returned
2252,557,461,2025-07-01,1,82823,82823,Credit Card,Delivered
2253,908,242,2026-05-13,3,11493,34479,UPI,Returned
2254,753,146,2024-10-17,5,63983,319915,Credit Card,Returned
2255,702,345,2025-01-31,3,895,2685,UPI,Cancelled
2256,856,424,2025-06-30,1,69668,69668,Cash on Delivery,Shipped
2257,382,265,2025-10-27,5,84316,421580,Cash on Delivery,Shipped
2258,677,397,2025-06-03,3,3942,11826,Credit Card,Delivered
2259,264,329,2025-09-06,1,61844,61844,Cash on Delivery,Returned
2260,421,385,2024-09-26,1,6077,6077,Cash on Delivery,Returned
2261,475,73,2025-05-30,2,62521,125042,Net Banking,Cancelled
2262,550,36,2026-06-03,5,10380,51900,Cash on Delivery,Delivered
2263,64,312,2025-03-24,3,80647,241941,Net Banking,Shipped
2264,635,40,2026-02-26,4,91803,367212,Debit Card,Returned
2265,567,455,2025-04-16,3,92735,278205,UPI,Cancelled
2266,31,52,2025-01-15,3,90611,271833,Debit Card,Cancelled
2267,935,8,2025-04-11,4,10958,43832,Cash on Delivery,Delivered
2268,645,99,2026-03-24,2,10461,20922,Net Banking,Returned
2269,233,169,2024-12-04,4,61885,247540,Debit Card,Shipped
2270,511,425,2024-09-24,4,15472,61888,Net Banking,Shipped
2271,872,450,2025-08-27,5,82574,412870,Cash on Delivery,Delivered
2272,700,300,2025-11-30,2,38327,76654,Credit Card,Cancelled
2273,616,1,2024-10-23,4,55802,223208,Cash on Delivery,Cancelled
2274,13,400,2025-09-12,1,22416,22416,Cash on Delivery,Returned
2275,515,163,2025-08-27,1,36476,36476,UPI,Returned
2276,405,446,2024-12-24,3,60097,180291,Net Banking,Shipped
2277,478,154,2026-06-30,5,13403,67015,Net Banking,Shipped
2278,440,353,2026-03-21,2,81099,162198,Credit Card,Returned
2279,41,384,2025-04-24,3,66017,198051,Cash on Delivery,Returned
2280,67,193,2025-04-25,1,30449,30449,Debit Card,Cancelled
2281,697,430,2026-02-11,4,7526,30104,Cash on Delivery,Returned
2282,338,298,2026-04-24,2,1571,3142,UPI,Delivered
2283,772,101,2025-12-10,2,56648,113296,Debit Card,Cancelled
2284,252,411,2026-04-21,4,5318,21272,UPI,Cancelled
2285,341,28,2024-11-18,4,29951,119804,Credit Card,Returned
2286,500,287,2025-01-26,2,55102,110204,UPI,Delivered
2287,488,216,2024-10-14,3,41168,123504,Net Banking,Delivered
2288,373,454,2024-11-17,5,82499,412495,Debit Card,Returned
2289,329,373,2025-02-10,5,86300,431500,Net Banking,Cancelled
2290,813,171,2024-12-27,4,48811,195244,UPI,Cancelled
2291,906,209,2024-12-08,5,7680,38400,Cash on Delivery,Delivered
2292,634,253,2025-11-06,3,62121,186363,Credit Card,Delivered
2293,866,150,2024-11-22,2,13569,27138,Debit Card,Returned
2294,487,182,2026-03-09,2,27652,55304,Debit Card,Shipped
2295,244,234,2026-03-08,1,25666,25666,Debit Card,Cancelled
2296,57,390,2025-12-18,4,57790,231160,Debit Card,Delivered
2297,546,299,2024-09-23,3,48464,145392,Debit Card,Delivered
2298,112,117,2024-12-11,5,2107,10535,Credit Card,Shipped
2299,122,386,2026-03-19,1,10244,10244,Cash on Delivery,Shipped
2300,647,200,2025-11-26,5,75748,378740,Debit Card,Cancelled
2301,289,434,2025-08-14,3,70965,212895,Debit Card,Cancelled
2302,709,92,2025-07-22,1,24319,24319,Cash on Delivery,Cancelled
2303,499,302,2026-03-04,2,79466,158932,UPI,Shipped
2304,865,390,2025-10-07,5,57790,288950,Debit Card,Cancelled
2305,516,278,2026-03-09,4,11800,47200,Net Banking,Cancelled
2306,607,377,2025-10-20,2,1698,3396,UPI,Shipped
2307,310,14,2025-07-10,2,52356,104712,Cash on Delivery,Shipped
2308,403,48,2026-01-07,2,28438,56876,Cash on Delivery,Delivered
2309,716,295,2026-07-14,4,67966,271864,Net Banking,Delivered
2310,851,34,2026-06-12,1,95948,95948,Credit Card,Delivered
2311,618,296,2025-10-08,4,52043,208172,Debit Card,Cancelled
2312,43,153,2025-12-08,3,9468,28404,Credit Card,Returned
2313,539,375,2025-12-02,5,71558,357790,Cash on Delivery,Cancelled
2314,852,474,2025-11-24,2,96177,192354,Debit Card,Delivered
2315,943,123,2025-04-04,1,82487,82487,Credit Card,Shipped
2316,746,43,2026-05-29,2,11000,22000,Credit Card,Cancelled
2317,358,248,2025-11-26,2,72432,144864,Credit Card,Shipped
2318,124,403,2025-03-29,1,58200,58200,Net Banking,Delivered
2319,72,224,2024-11-21,1,73155,73155,UPI,Returned
2320,220,324,2025-07-03,4,63080,252320,UPI,Shipped
2321,42,114,2024-09-18,1,97310,97310,UPI,Delivered
2322,694,223,2025-07-26,4,38127,152508,UPI,Cancelled
2323,236,85,2025-07-05,1,8918,8918,UPI,Cancelled
2324,649,124,2025-11-29,1,72850,72850,UPI,Delivered
2325,455,198,2025-03-19,5,79196,395980,Credit Card,Shipped
2326,33,108,2026-04-06,2,25542,51084,Debit Card,Delivered
2327,132,462,2025-02-25,1,13668,13668,Credit Card,Cancelled
2328,218,5,2025-10-29,5,50297,251485,Debit Card,Cancelled
2329,790,75,2024-09-08,2,29944,59888,Cash on Delivery,Shipped
2330,254,458,2025-04-26,5,96282,481410,Cash on Delivery,Delivered
2331,21,278,2025-08-25,1,11800,11800,Cash on Delivery,Delivered
2332,383,487,2024-09-22,5,41223,206115,Credit Card,Shipped
2333,867,117,2025-03-25,3,2107,6321,Credit Card,Delivered
2334,430,310,2025-07-20,1,4638,4638,Credit Card,Returned
2335,957,231,2025-07-13,3,86490,259470,Cash on Delivery,Shipped
2336,270,325,2024-08-25,4,12225,48900,UPI,Shipped
2337,750,460,2024-09-09,3,74331,222993,Net Banking,Returned
2338,662,190,2025-05-09,2,17040,34080,Cash on Delivery,Shipped
2339,348,143,2026-05-03,4,79061,316244,UPI,Cancelled
2340,657,423,2025-03-06,1,25005,25005,Net Banking,Delivered
2341,729,46,2024-09-24,5,31785,158925,Credit Card,Returned
2342,450,125,2025-12-09,3,4778,14334,Debit Card,Delivered
2343,819,401,2026-05-29,1,33490,33490,Debit Card,Returned
2344,72,157,2026-05-22,1,10850,10850,Net Banking,Cancelled
2345,478,398,2024-10-05,4,38753,155012,Cash on Delivery,Cancelled
2346,109,453,2025-11-16,4,11303,45212,Credit Card,Returned
2347,45,309,2025-10-31,3,63473,190419,Net Banking,Shipped
2348,382,102,2025-08-24,1,64751,64751,Net Banking,Cancelled
2349,421,372,2025-05-21,2,26215,52430,UPI,Returned
2350,696,350,2025-07-21,1,17191,17191,Net Banking,Returned
2351,626,350,2025-10-20,5,17191,85955,UPI,Delivered
2352,914,125,2025-09-30,2,4778,9556,Net Banking,Returned
2353,787,362,2026-04-03,5,73544,367720,UPI,Shipped
2354,3,362,2026-02-20,1,73544,73544,Debit Card,Shipped
2355,731,253,2026-06-22,3,62121,186363,Credit Card,Returned
2356,777,63,2024-08-27,1,37085,37085,Credit Card,Returned
2357,923,432,2025-07-11,4,54977,219908,Debit Card,Cancelled
2358,260,488,2026-07-03,4,38719,154876,Debit Card,Returned
2359,767,143,2026-04-17,5,79061,395305,Net Banking,Returned
2360,992,322,2025-10-14,5,30079,150395,Debit Card,Shipped
2361,838,456,2025-12-15,4,30147,120588,UPI,Delivered
2362,21,166,2024-12-20,3,4873,14619,Net Banking,Returned
2363,235,174,2025-04-02,2,18820,37640,Credit Card,Delivered
2364,459,87,2025-11-08,1,1272,1272,UPI,Delivered
2365,394,53,2025-07-31,4,12597,50388,UPI,Shipped
2366,704,417,2025-08-20,4,13295,53180,Cash on Delivery,Cancelled
2367,408,393,2024-11-21,2,39215,78430,Debit Card,Delivered
2368,165,291,2024-09-13,1,17639,17639,Cash on Delivery,Returned
2369,915,390,2025-07-11,4,57790,231160,Credit Card,Cancelled
2370,457,235,2024-10-15,4,67043,268172,Net Banking,Cancelled
2371,702,109,2026-04-17,5,85159,425795,Debit Card,Delivered
2372,64,287,2026-06-25,1,55102,55102,Net Banking,Delivered
2373,634,376,2026-05-08,4,1336,5344,Net Banking,Cancelled
2374,331,435,2025-04-19,4,15469,61876,Net Banking,Returned
2375,172,52,2026-02-01,1,90611,90611,UPI,Shipped
2376,759,80,2024-09-30,5,73759,368795,Debit Card,Shipped
2377,232,29,2025-08-22,4,9805,39220,Net Banking,Shipped
2378,92,218,2025-12-10,3,31468,94404,Net Banking,Returned
2379,578,454,2024-12-08,1,82499,82499,Cash on Delivery,Returned
2380,886,218,2024-08-26,5,31468,157340,Cash on Delivery,Returned
2381,536,125,2025-02-04,4,4778,19112,Cash on Delivery,Shipped
2382,567,104,2026-01-27,5,57591,287955,UPI,Returned
2383,188,36,2025-07-02,3,10380,31140,Net Banking,Returned
2384,618,147,2025-07-03,5,25227,126135,Debit Card,Cancelled
2385,710,310,2025-09-07,3,4638,13914,UPI,Delivered
2386,760,29,2025-09-06,5,9805,49025,UPI,Shipped
2387,37,166,2025-11-12,3,4873,14619,Debit Card,Delivered
2388,313,424,2024-11-27,3,69668,209004,Net Banking,Delivered
2389,984,427,2025-05-05,4,15828,63312,Debit Card,Cancelled
2390,205,444,2025-05-12,4,76184,304736,Debit Card,Delivered
2391,158,483,2026-07-09,2,48207,96414,Credit Card,Shipped
2392,769,220,2025-03-03,3,84778,254334,Cash on Delivery,Delivered
2393,443,253,2025-05-23,1,62121,62121,Debit Card,Delivered
2394,911,413,2025-06-09,3,56920,170760,Credit Card,Delivered
2395,566,154,2026-03-20,5,13403,67015,Debit Card,Delivered
2396,707,346,2025-04-15,4,92300,369200,Net Banking,Returned
2397,67,269,2026-01-05,3,49260,147780,UPI,Returned
2398,450,458,2025-11-03,5,96282,481410,UPI,Cancelled
2399,637,125,2024-09-05,4,4778,19112,Cash on Delivery,Returned
2400,147,438,2026-04-01,3,28009,84027,Cash on Delivery,Delivered
2401,484,418,2025-11-29,4,6356,25424,UPI,Shipped
2402,482,28,2025-12-11,3,29951,89853,Net Banking,Cancelled
2403,747,307,2025-04-12,2,77007,154014,Cash on Delivery,Cancelled
2404,23,462,2024-09-16,3,13668,41004,Net Banking,Shipped
2405,865,467,2025-04-09,4,2081,8324,UPI,Shipped
2406,774,169,2024-10-08,3,61885,185655,Debit Card,Delivered
2407,147,288,2025-10-03,3,32596,97788,Cash on Delivery,Returned
2408,714,65,2026-01-04,2,57459,114918,Cash on Delivery,Delivered
2409,59,444,2025-05-23,5,76184,380920,UPI,Cancelled
2410,384,369,2025-03-04,3,47639,142917,UPI,Returned
2411,670,136,2025-02-07,4,41724,166896,Credit Card,Cancelled
2412,962,406,2026-02-09,1,49790,49790,Debit Card,Cancelled
2413,916,148,2026-05-19,4,6220,24880,Cash on Delivery,Cancelled
2414,570,364,2025-12-18,2,35687,71374,Net Banking,Returned
2415,323,50,2026-06-30,3,39740,119220,Cash on Delivery,Returned
2416,838,33,2025-11-07,5,54383,271915,Credit Card,Delivered
2417,811,487,2026-06-05,5,41223,206115,Credit Card,Returned
2418,387,500,2024-11-20,2,16217,32434,Net Banking,Cancelled
2419,848,337,2025-04-11,5,48674,243370,Cash on Delivery,Returned
2420,821,373,2024-09-28,5,86300,431500,UPI,Shipped
2421,918,132,2025-10-22,3,5773,17319,Net Banking,Shipped
2422,808,204,2025-12-24,2,59960,119920,Credit Card,Cancelled
2423,262,25,2024-11-13,4,16983,67932,Net Banking,Cancelled
2424,960,305,2026-07-09,1,81305,81305,Credit Card,Returned
2425,256,97,2025-04-24,3,92180,276540,Debit Card,Shipped
2426,363,180,2025-03-24,3,12515,37545,Cash on Delivery,Shipped
2427,180,94,2025-12-18,4,62144,248576,Credit Card,Delivered
2428,406,9,2026-01-20,2,83820,167640,Credit Card,Delivered
2429,496,365,2025-12-23,2,77515,155030,Debit Card,Returned
2430,584,51,2025-05-27,4,97810,391240,Cash on Delivery,Returned
2431,4,227,2024-11-04,4,58095,232380,UPI,Shipped
2432,248,59,2025-11-01,2,23706,47412,Debit Card,Shipped
2433,52,35,2026-01-28,1,70792,70792,Debit Card,Cancelled
2434,966,62,2026-07-25,5,29719,148595,Credit Card,Delivered
2435,564,477,2024-09-30,4,69051,276204,UPI,Delivered
2436,627,83,2025-03-24,1,58154,58154,Debit Card,Cancelled
2437,228,177,2025-10-04,1,81194,81194,Net Banking,Cancelled
2438,357,154,2025-05-15,1,13403,13403,Net Banking,Shipped
2439,753,298,2025-12-08,2,1571,3142,UPI,Delivered
2440,99,133,2026-04-02,5,77220,386100,Cash on Delivery,Cancelled
2441,449,22,2025-04-08,4,21674,86696,UPI,Shipped
2442,37,292,2026-04-19,5,61641,308205,UPI,Cancelled
2443,410,151,2024-11-03,3,10307,30921,Cash on Delivery,Returned
2444,245,171,2025-12-29,2,48811,97622,Net Banking,Shipped
2445,541,442,2026-01-23,2,8270,16540,UPI,Shipped
2446,584,167,2026-05-01,2,98473,196946,Debit Card,Returned
2447,903,97,2026-02-20,4,92180,368720,Debit Card,Delivered
2448,218,353,2026-01-10,4,81099,324396,Cash on Delivery,Cancelled
2449,244,133,2026-07-05,1,77220,77220,Debit Card,Returned
2450,441,293,2025-09-08,4,38538,154152,Credit Card,Cancelled
2451,373,319,2024-10-07,2,6013,12026,Debit Card,Returned
2452,658,169,2025-12-10,3,61885,185655,Debit Card,Delivered
2453,864,122,2025-12-29,5,39474,197370,UPI,Delivered
2454,68,250,2025-06-20,2,15030,30060,Debit Card,Returned
2455,935,220,2025-08-25,3,84778,254334,Debit Card,Delivered
2456,143,433,2025-05-04,5,4544,22720,Credit Card,Returned
2457,743,194,2024-08-10,4,41466,165864,UPI,Returned
2458,304,336,2025-05-04,3,53638,160914,Debit Card,Delivered
2459,402,140,2025-03-23,2,72699,145398,Debit Card,Shipped
2460,900,90,2024-12-14,2,61761,123522,Net Banking,Cancelled
2461,355,385,2025-01-09,4,6077,24308,UPI,Cancelled
2462,854,138,2025-04-18,1,7264,7264,Net Banking,Returned
2463,250,401,2026-03-14,4,33490,133960,Debit Card,Returned
2464,576,251,2025-08-08,1,38677,38677,Credit Card,Cancelled
2465,208,137,2024-12-23,5,61052,305260,UPI,Cancelled
2466,641,440,2025-01-18,4,37342,149368,Cash on Delivery,Cancelled
2467,896,467,2024-11-10,4,2081,8324,UPI,Delivered
2468,202,29,2024-11-24,2,9805,19610,Net Banking,Shipped
2469,248,7,2024-09-24,1,47900,47900,Net Banking,Shipped
2470,136,220,2025-03-13,3,84778,254334,Debit Card,Delivered
2471,189,53,2026-05-13,1,12597,12597,Credit Card,Shipped
2472,916,160,2026-03-31,5,45793,228965,Credit Card,Returned
2473,589,296,2024-10-13,3,52043,156129,Net Banking,Returned
2474,127,72,2025-08-25,2,80016,160032,Debit Card,Shipped
2475,386,45,2026-03-17,5,86663,433315,Debit Card,Cancelled
2476,422,289,2025-09-19,2,90757,181514,UPI,Returned
2477,47,455,2026-05-06,3,92735,278205,Credit Card,Returned
2478,741,166,2026-02-20,4,4873,19492,Cash on Delivery,Shipped
2479,651,220,2026-06-13,1,84778,84778,UPI,Shipped
2480,727,476,2025-09-08,1,2160,2160,Net Banking,Shipped
2481,367,115,2024-08-25,3,39329,117987,Credit Card,Delivered
2482,405,193,2025-12-23,4,30449,121796,Cash on Delivery,Returned
2483,147,322,2025-04-14,5,30079,150395,Debit Card,Shipped
2484,150,348,2026-06-07,1,59290,59290,Debit Card,Shipped
2485,553,200,2026-03-14,5,75748,378740,UPI,Delivered
2486,229,400,2025-11-19,5,22416,112080,Net Banking,Returned
2487,520,203,2024-11-05,4,97620,390480,UPI,Shipped
2488,304,184,2025-11-02,2,87146,174292,Credit Card,Cancelled
2489,620,282,2025-05-15,3,21729,65187,Net Banking,Returned
2490,880,38,2024-11-23,2,64153,128306,Net Banking,Shipped
2491,982,205,2024-11-30,5,20892,104460,Credit Card,Cancelled
2492,480,41,2024-12-14,2,39390,78780,Net Banking,Shipped
2493,409,448,2026-05-03,4,28267,113068,Credit Card,Delivered
2494,198,102,2026-01-16,3,64751,194253,Debit Card,Shipped
2495,476,68,2026-03-17,5,9671,48355,Net Banking,Shipped
2496,724,463,2025-11-24,3,41722,125166,Cash on Delivery,Returned
2497,674,400,2026-04-16,1,22416,22416,UPI,Returned
2498,879,86,2026-06-28,2,27610,55220,Debit Card,Returned
2499,278,241,2024-12-02,2,7339,14678,Net Banking,Returned
2500,614,322,2026-02-07,5,30079,150395,Debit Card,Delivered
2501,113,6,2025-07-01,1,70784,70784,Cash on Delivery,Delivered
2502,244,132,2024-08-29,1,5773,5773,Debit Card,Shipped
2503,3,264,2025-06-11,4,90908,363632,Debit Card,Delivered
2504,792,414,2025-05-05,1,49536,49536,Debit Card,Returned
2505,816,360,2026-01-03,3,54011,162033,Net Banking,Cancelled
2506,334,193,2026-02-05,2,30449,60898,Cash on Delivery,Delivered
2507,923,82,2025-01-27,5,84079,420395,Credit Card,Cancelled
2508,944,115,2025-07-07,2,39329,78658,Cash on Delivery,Returned
2509,420,387,2025-11-13,3,2552,7656,Net Banking,Shipped
2510,990,25,2025-03-05,1,16983,16983,Debit Card,Returned
2511,654,188,2026-03-03,2,8472,16944,Debit Card,Delivered
2512,732,402,2026-02-28,3,14521,43563,UPI,Shipped
2513,135,151,2026-03-27,4,10307,41228,Debit Card,Cancelled
2514,409,245,2025-07-10,4,4194,16776,Debit Card,Cancelled
2515,977,335,2025-01-24,5,91302,456510,Debit Card,Cancelled
2516,965,406,2025-09-14,4,49790,199160,Credit Card,Cancelled
2517,308,99,2025-01-28,4,10461,41844,Credit Card,Returned
2518,603,175,2025-03-24,1,31275,31275,Credit Card,Shipped
2519,622,252,2026-04-16,1,87580,87580,Credit Card,Shipped
2520,891,495,2026-03-28,1,78080,78080,Net Banking,Cancelled
2521,374,160,2025-07-26,2,45793,91586,Net Banking,Returned
2522,651,207,2026-06-29,1,99451,99451,Net Banking,Delivered
2523,491,488,2026-05-06,4,38719,154876,Debit Card,Returned
2524,691,381,2024-12-24,4,52522,210088,Net Banking,Delivered
2525,708,390,2025-05-08,2,57790,115580,UPI,Cancelled
2526,87,362,2026-01-04,1,73544,73544,Credit Card,Cancelled
2527,404,171,2025-10-13,2,48811,97622,Credit Card,Cancelled
2528,439,465,2025-07-04,5,68362,341810,Cash on Delivery,Shipped
2529,962,24,2025-07-20,5,74864,374320,UPI,Shipped
2530,779,338,2026-03-16,4,98507,394028,UPI,Shipped
2531,939,297,2025-03-02,4,7124,28496,UPI,Cancelled
2532,994,445,2026-03-23,1,83550,83550,Debit Card,Delivered
2533,618,213,2025-05-19,4,56767,227068,Debit Card,Delivered
2534,54,329,2025-08-21,3,61844,185532,Credit Card,Delivered
2535,206,454,2025-09-09,1,82499,82499,Net Banking,Returned
2536,622,337,2025-06-17,4,48674,194696,Debit Card,Delivered
2537,532,199,2024-11-29,3,29892,89676,UPI,Returned
2538,547,323,2026-04-22,3,13678,41034,Cash on Delivery,Shipped
2539,779,335,2024-12-29,2,91302,182604,UPI,Cancelled
2540,431,101,2026-04-10,3,56648,169944,UPI,Delivered
2541,448,24,2025-11-08,5,74864,374320,Cash on Delivery,Returned
2542,300,415,2024-11-11,1,63777,63777,Net Banking,Cancelled
2543,990,321,2026-06-05,2,14816,29632,Credit Card,Returned
2544,127,152,2025-02-06,1,88889,88889,UPI,Shipped
2545,129,221,2024-09-05,2,9450,18900,Net Banking,Returned
2546,224,387,2025-12-07,3,2552,7656,Credit Card,Delivered
2547,791,322,2025-08-04,3,30079,90237,Net Banking,Returned
2548,393,140,2026-06-05,3,72699,218097,Cash on Delivery,Shipped
2549,607,468,2025-05-11,3,55663,166989,UPI,Cancelled
2550,668,134,2025-09-30,5,54023,270115,Credit Card,Returned
2551,862,225,2026-07-22,4,79799,319196,Net Banking,Returned
2552,796,226,2024-10-14,3,94126,282378,Cash on Delivery,Returned
2553,859,84,2026-01-30,1,71298,71298,Net Banking,Cancelled
2554,548,210,2026-05-15,5,43507,217535,Credit Card,Returned
2555,540,20,2025-08-31,4,57485,229940,UPI,Delivered
2556,410,17,2026-05-19,5,14871,74355,Debit Card,Returned
2557,220,485,2024-10-31,2,75412,150824,Credit Card,Returned
2558,62,329,2025-03-05,5,61844,309220,Cash on Delivery,Delivered
2559,587,371,2024-09-30,3,34680,104040,Net Banking,Returned
2560,151,293,2026-03-11,1,38538,38538,Net Banking,Cancelled
2561,618,492,2024-11-28,2,69943,139886,Credit Card,Cancelled
2562,91,283,2025-02-23,2,33347,66694,Cash on Delivery,Returned
2563,197,340,2025-07-10,3,92744,278232,Cash on Delivery,Delivered
2564,482,91,2026-06-30,5,74475,372375,UPI,Delivered
2565,889,112,2025-08-29,5,36009,180045,UPI,Returned
2566,483,168,2024-11-18,4,34181,136724,UPI,Returned
2567,701,338,2026-05-03,5,98507,492535,Debit Card,Cancelled
2568,871,327,2025-07-01,3,5410,16230,Cash on Delivery,Delivered
2569,460,88,2024-10-06,5,98478,492390,UPI,Delivered
2570,611,261,2026-07-04,4,24986,99944,Credit Card,Shipped
2571,915,1,2025-01-15,4,55802,223208,UPI,Delivered
2572,324,186,2026-04-22,4,15396,61584,Debit Card,Cancelled
2573,730,400,2025-07-12,5,22416,112080,Net Banking,Returned
2574,894,420,2026-06-14,5,56385,281925,Debit Card,Cancelled
2575,539,335,2025-04-24,2,91302,182604,Credit Card,Shipped
2576,336,329,2026-07-19,1,61844,61844,Cash on Delivery,Cancelled
2577,62,391,2024-08-16,1,83615,83615,Net Banking,Delivered
2578,981,43,2025-06-14,1,11000,11000,Net Banking,Delivered
2579,261,296,2024-09-06,1,52043,52043,Credit Card,Returned
2580,700,53,2025-05-30,4,12597,50388,Net Banking,Returned
2581,855,62,2025-08-20,3,29719,89157,Cash on Delivery,Cancelled
2582,428,465,2025-05-13,4,68362,273448,Debit Card,Delivered
2583,916,359,2025-01-26,2,65462,130924,Credit Card,Delivered
2584,476,379,2025-05-22,2,95159,190318,UPI,Delivered
2585,658,354,2024-09-28,2,13724,27448,UPI,Shipped
2586,954,280,2025-05-14,4,89643,358572,Credit Card,Shipped
2587,505,473,2025-01-17,4,77365,309460,Cash on Delivery,Shipped
2588,714,384,2024-08-17,1,66017,66017,Debit Card,Returned
2589,948,169,2025-03-31,2,61885,123770,Net Banking,Returned
2590,179,292,2026-07-19,1,61641,61641,UPI,Shipped
2591,877,108,2024-10-11,2,25542,51084,Net Banking,Returned
2592,446,5,2026-05-09,4,50297,201188,UPI,Returned
2593,100,369,2026-02-02,5,47639,238195,Credit Card,Shipped
2594,91,29,2025-12-13,3,9805,29415,Cash on Delivery,Returned
2595,616,395,2025-04-13,1,14465,14465,Debit Card,Delivered
2596,542,299,2026-04-02,1,48464,48464,Net Banking,Returned
2597,96,318,2024-11-17,4,75666,302664,Cash on Delivery,Cancelled
2598,336,192,2024-11-10,1,86314,86314,Net Banking,Returned
2599,886,343,2024-08-25,4,58890,235560,Cash on Delivery,Returned
2600,533,228,2025-03-06,2,51279,102558,UPI,Delivered
2601,974,255,2026-07-09,4,6311,25244,Cash on Delivery,Cancelled
2602,823,214,2026-05-02,5,53588,267940,UPI,Cancelled
2603,124,324,2025-07-28,4,63080,252320,Net Banking,Delivered
2604,437,440,2026-01-18,4,37342,149368,Cash on Delivery,Cancelled
2605,555,202,2026-05-03,4,24277,97108,Net Banking,Delivered
2606,84,287,2024-11-11,2,55102,110204,Debit Card,Shipped
2607,555,308,2026-03-08,4,86429,345716,Debit Card,Returned
2608,791,122,2026-01-26,2,39474,78948,Cash on Delivery,Shipped
2609,537,125,2025-07-26,5,4778,23890,Debit Card,Returned
2610,725,148,2025-07-10,2,6220,12440,Debit Card,Returned
2611,610,267,2025-11-16,4,89378,357512,Debit Card,Returned
2612,89,192,2024-07-31,2,86314,172628,Cash on Delivery,Shipped
2613,897,343,2026-06-30,3,58890,176670,UPI,Returned
2614,636,220,2024-09-26,2,84778,169556,Credit Card,Shipped
2615,473,60,2024-08-10,2,35470,70940,Cash on Delivery,Returned
2616,899,277,2025-02-10,1,3945,3945,Net Banking,Returned
2617,36,126,2025-01-10,3,35175,105525,Credit Card,Shipped
2618,317,237,2026-05-06,5,6226,31130,UPI,Delivered
2619,973,147,2024-11-20,3,25227,75681,Debit Card,Cancelled
2620,763,277,2025-09-26,2,3945,7890,Credit Card,Delivered
2621,550,82,2026-07-27,1,84079,84079,Debit Card,Returned
2622,545,220,2026-02-11,1,84778,84778,Cash on Delivery,Shipped
2623,894,452,2025-11-11,1,21337,21337,Cash on Delivery,Shipped
2624,696,236,2025-09-09,4,17676,70704,Debit Card,Cancelled
2625,230,232,2025-06-20,3,49872,149616,UPI,Cancelled
2626,723,246,2024-10-21,2,5520,11040,Cash on Delivery,Delivered
2627,405,165,2026-03-21,1,82845,82845,Net Banking,Returned
2628,769,100,2025-03-07,1,90187,90187,UPI,Delivered
2629,350,415,2025-01-27,5,63777,318885,UPI,Delivered
2630,85,279,2025-03-17,2,75853,151706,UPI,Shipped
2631,385,443,2024-10-29,3,19668,59004,Credit Card,Cancelled
2632,762,341,2024-09-02,4,66755,267020,Cash on Delivery,Returned
2633,798,10,2025-01-28,1,92488,92488,Credit Card,Cancelled
2634,473,248,2025-06-18,3,72432,217296,Credit Card,Delivered
2635,766,7,2025-12-05,2,47900,95800,Net Banking,Returned
2636,799,436,2026-04-04,1,29144,29144,Credit Card,Returned
2637,650,441,2025-11-22,3,35541,106623,Debit Card,Shipped
2638,135,326,2025-07-17,1,23540,23540,Debit Card,Cancelled
2639,824,365,2024-09-13,4,77515,310060,Debit Card,Shipped
2640,788,232,2024-10-21,2,49872,99744,Cash on Delivery,Returned
2641,445,144,2026-05-07,2,45048,90096,Credit Card,Returned
2642,862,22,2026-06-30,4,21674,86696,Net Banking,Returned
2643,525,166,2025-08-19,5,4873,24365,Debit Card,Delivered
2644,544,116,2025-11-02,4,6465,25860,Credit Card,Delivered
2645,356,483,2025-09-16,5,48207,241035,UPI,Delivered
2646,192,418,2024-08-08,3,6356,19068,Debit Card,Returned
2647,988,461,2025-11-29,2,82823,165646,Net Banking,Delivered
2648,137,437,2025-08-31,4,59447,237788,UPI,Shipped
2649,159,205,2025-10-16,5,20892,104460,UPI,Cancelled
2650,187,387,2025-01-30,4,2552,10208,Net Banking,Cancelled
2651,577,195,2026-02-05,3,9299,27897,Debit Card,Delivered
2652,764,385,2024-11-15,3,6077,18231,Cash on Delivery,Shipped
2653,346,405,2025-03-10,4,42330,169320,Net Banking,Shipped
2654,522,137,2025-06-25,5,61052,305260,Cash on Delivery,Returned
2655,627,31,2024-07-28,3,17842,53526,Net Banking,Shipped
2656,503,263,2025-11-16,3,10994,32982,UPI,Delivered
2657,294,72,2025-04-27,5,80016,400080,Debit Card,Returned
2658,937,446,2025-01-29,2,60097,120194,Cash on Delivery,Cancelled
2659,983,476,2025-10-13,2,2160,4320,UPI,Cancelled
2660,226,197,2025-06-15,5,46846,234230,Debit Card,Shipped
2661,168,337,2024-12-19,1,48674,48674,UPI,Cancelled
2662,809,442,2025-12-25,2,8270,16540,Debit Card,Returned
2663,226,127,2025-12-28,5,71876,359380,UPI,Delivered
2664,76,435,2024-10-01,3,15469,46407,Debit Card,Cancelled
2665,105,293,2025-09-06,1,38538,38538,UPI,Delivered
2666,258,477,2025-05-03,4,69051,276204,Debit Card,Delivered
2667,229,146,2024-09-17,4,63983,255932,Debit Card,Shipped
2668,845,165,2025-09-08,5,82845,414225,Cash on Delivery,Shipped
2669,282,403,2025-09-22,3,58200,174600,Debit Card,Cancelled
2670,229,298,2025-08-25,5,1571,7855,Credit Card,Returned
2671,723,447,2026-03-29,5,83709,418545,Credit Card,Delivered
2672,415,141,2025-08-25,3,15896,47688,Cash on Delivery,Shipped
2673,685,28,2025-09-30,3,29951,89853,Net Banking,Delivered
2674,71,414,2024-08-11,2,49536,99072,Net Banking,Returned
2675,790,470,2025-05-26,1,66902,66902,UPI,Delivered
2676,166,147,2026-06-05,4,25227,100908,Credit Card,Returned
2677,845,84,2025-07-27,2,71298,142596,Net Banking,Delivered
2678,596,424,2024-08-29,3,69668,209004,Cash on Delivery,Returned
2679,258,244,2025-12-02,5,52464,262320,Cash on Delivery,Returned
2680,568,135,2025-05-23,3,91421,274263,Cash on Delivery,Returned
2681,998,357,2025-05-12,4,40052,160208,Net Banking,Returned
2682,441,215,2025-02-09,4,57740,230960,Credit Card,Shipped
2683,964,132,2026-02-27,5,5773,28865,Credit Card,Returned
2684,151,345,2024-08-08,4,895,3580,Credit Card,Delivered
2685,687,491,2025-04-30,2,691,1382,Net Banking,Returned
2686,59,227,2026-03-31,1,58095,58095,Credit Card,Cancelled
2687,959,214,2024-09-17,1,53588,53588,Cash on Delivery,Returned
2688,642,435,2025-04-20,1,15469,15469,UPI,Cancelled
2689,768,402,2025-01-30,5,14521,72605,Debit Card,Delivered
2690,885,117,2026-02-16,5,2107,10535,Credit Card,Delivered
2691,584,264,2025-12-19,3,90908,272724,Debit Card,Cancelled
2692,391,87,2025-11-26,3,1272,3816,Debit Card,Returned
2693,453,169,2024-10-15,1,61885,61885,Credit Card,Shipped
2694,924,429,2026-03-18,5,22371,111855,Net Banking,Delivered
2695,696,88,2025-10-21,3,98478,295434,Debit Card,Shipped
2696,937,107,2026-02-18,2,34362,68724,Net Banking,Delivered
2697,569,375,2026-03-06,1,71558,71558,Cash on Delivery,Cancelled
2698,928,348,2025-04-11,1,59290,59290,UPI,Returned
2699,728,389,2024-11-07,4,90849,363396,Cash on Delivery,Cancelled
2700,379,305,2024-08-30,5,81305,406525,Net Banking,Cancelled
2701,56,184,2025-04-26,4,87146,348584,Net Banking,Shipped
2702,430,326,2025-09-24,2,23540,47080,Cash on Delivery,Returned
2703,867,12,2025-04-15,4,30521,122084,Net Banking,Shipped
2704,505,238,2026-04-19,3,37846,113538,UPI,Returned
2705,790,59,2025-12-08,4,23706,94824,Credit Card,Returned
2706,51,15,2024-12-09,3,32825,98475,Cash on Delivery,Delivered
2707,705,48,2026-05-02,4,28438,113752,Debit Card,Delivered
2708,942,465,2026-03-24,2,68362,136724,UPI,Cancelled
2709,486,108,2026-01-09,5,25542,127710,UPI,Delivered
2710,657,80,2025-07-22,2,73759,147518,Cash on Delivery,Delivered
2711,930,498,2026-01-18,5,14348,71740,Cash on Delivery,Shipped
2712,371,154,2025-08-02,4,13403,53612,Cash on Delivery,Delivered
2713,875,366,2025-11-29,1,40239,40239,Cash on Delivery,Shipped
2714,11,154,2024-12-15,1,13403,13403,Debit Card,Shipped
2715,557,185,2026-04-18,2,42937,85874,Cash on Delivery,Returned
2716,404,15,2024-11-08,1,32825,32825,Cash on Delivery,Cancelled
2717,344,381,2024-09-14,4,52522,210088,Cash on Delivery,Delivered
2718,978,138,2026-02-03,4,7264,29056,UPI,Cancelled
2719,556,466,2026-03-21,4,31870,127480,Credit Card,Returned
2720,601,398,2025-07-17,1,38753,38753,Cash on Delivery,Cancelled
2721,773,432,2024-08-24,4,54977,219908,Debit Card,Delivered
2722,17,257,2025-03-11,1,26922,26922,UPI,Shipped
2723,573,40,2024-12-30,3,91803,275409,Credit Card,Shipped
2724,837,124,2024-08-30,3,72850,218550,UPI,Shipped
2725,311,333,2026-04-02,3,42915,128745,Net Banking,Shipped
2726,472,468,2024-12-28,1,55663,55663,Cash on Delivery,Cancelled
2727,124,51,2026-06-15,2,97810,195620,UPI,Delivered
2728,31,187,2024-08-28,3,66539,199617,Net Banking,Delivered
2729,92,14,2025-03-29,3,52356,157068,Credit Card,Returned
2730,405,497,2026-07-21,3,36145,108435,Debit Card,Returned
2731,979,292,2025-03-24,1,61641,61641,UPI,Shipped
2732,263,312,2025-08-31,2,80647,161294,Cash on Delivery,Shipped
2733,781,465,2025-06-01,4,68362,273448,Cash on Delivery,Returned
2734,862,492,2026-04-21,1,69943,69943,Debit Card,Delivered
2735,33,72,2025-09-21,3,80016,240048,Net Banking,Returned
2736,259,291,2025-07-29,1,17639,17639,Net Banking,Delivered
2737,529,469,2025-02-08,4,77486,309944,Credit Card,Delivered
2738,230,133,2024-08-24,3,77220,231660,Cash on Delivery,Delivered
2739,622,90,2026-03-04,2,61761,123522,Cash on Delivery,Shipped
2740,708,113,2025-12-11,3,97870,293610,Cash on Delivery,Returned
2741,941,370,2024-12-22,4,27124,108496,UPI,Shipped
2742,717,296,2025-03-06,2,52043,104086,Debit Card,Shipped
2743,242,277,2025-04-30,2,3945,7890,Cash on Delivery,Returned
2744,862,276,2026-05-27,5,29891,149455,Net Banking,Delivered
2745,802,268,2026-03-25,1,47967,47967,Net Banking,Cancelled
2746,824,340,2024-09-02,2,92744,185488,UPI,Delivered
2747,811,390,2026-05-30,4,57790,231160,Debit Card,Cancelled
2748,441,67,2025-12-18,4,71075,284300,Debit Card,Shipped
2749,773,91,2025-04-10,5,74475,372375,Cash on Delivery,Cancelled
2750,588,81,2025-02-24,1,58946,58946,Credit Card,Delivered
2751,109,351,2024-10-31,3,88776,266328,UPI,Returned
2752,665,85,2026-04-08,1,8918,8918,Credit Card,Cancelled
2753,246,372,2025-05-08,4,26215,104860,Credit Card,Cancelled
2754,776,388,2025-07-01,3,21792,65376,Debit Card,Returned
2755,760,473,2026-06-17,3,77365,232095,Credit Card,Cancelled
2756,222,209,2025-06-02,3,7680,23040,Credit Card,Returned
2757,625,411,2026-02-24,5,5318,26590,Debit Card,Delivered
2758,837,450,2025-07-03,2,82574,165148,UPI,Returned
2759,548,103,2026-06-21,1,23586,23586,UPI,Shipped
2760,458,209,2025-05-23,4,7680,30720,Cash on Delivery,Returned
2761,308,395,2025-04-16,4,14465,57860,Cash on Delivery,Delivered
2762,477,215,2024-12-19,1,57740,57740,Cash on Delivery,Delivered
2763,864,430,2025-08-16,4,7526,30104,UPI,Cancelled
2764,243,399,2026-01-15,4,22716,90864,Cash on Delivery,Cancelled
2765,564,450,2025-08-17,4,82574,330296,Credit Card,Delivered
2766,393,270,2025-05-08,1,41707,41707,Net Banking,Cancelled
2767,9,375,2026-07-14,2,71558,143116,Net Banking,Delivered
2768,921,11,2026-04-07,2,61089,122178,UPI,Cancelled
2769,557,463,2025-09-03,3,41722,125166,Credit Card,Delivered
2770,138,254,2025-02-19,5,9355,46775,Debit Card,Shipped
2771,743,383,2026-04-10,2,50210,100420,Net Banking,Cancelled
2772,822,318,2024-09-29,1,75666,75666,Debit Card,Returned
2773,978,153,2026-02-11,5,9468,47340,Credit Card,Delivered
2774,458,382,2025-06-21,2,39818,79636,Net Banking,Delivered
2775,562,12,2024-09-26,3,30521,91563,Cash on Delivery,Returned
2776,530,345,2025-06-26,2,895,1790,Cash on Delivery,Shipped
2777,67,484,2025-11-06,5,42679,213395,Cash on Delivery,Shipped
2778,11,262,2026-04-26,1,10845,10845,Cash on Delivery,Shipped
2779,644,101,2024-12-14,1,56648,56648,Credit Card,Cancelled
2780,740,421,2025-09-23,5,52349,261745,Credit Card,Cancelled
2781,267,320,2025-03-12,2,98455,196910,UPI,Cancelled
2782,414,436,2025-04-02,5,29144,145720,Net Banking,Delivered
2783,445,319,2024-10-14,4,6013,24052,UPI,Cancelled
2784,153,147,2024-09-27,4,25227,100908,Net Banking,Cancelled
2785,966,151,2025-04-07,1,10307,10307,Cash on Delivery,Returned
2786,188,421,2025-12-22,4,52349,209396,Debit Card,Delivered
2787,953,311,2025-03-13,2,41616,83232,UPI,Cancelled
2788,147,193,2025-03-22,4,30449,121796,Cash on Delivery,Returned
2789,609,187,2025-07-08,3,66539,199617,UPI,Returned
2790,719,168,2025-11-07,2,34181,68362,Debit Card,Delivered
2791,949,353,2026-02-04,5,81099,405495,UPI,Shipped
2792,945,499,2025-06-22,4,47461,189844,UPI,Shipped
2793,547,305,2024-12-03,2,81305,162610,Credit Card,Cancelled
2794,663,218,2026-01-13,3,31468,94404,UPI,Delivered
2795,102,235,2025-07-06,1,67043,67043,Net Banking,Returned
2796,529,397,2025-04-26,1,3942,3942,Cash on Delivery,Cancelled
2797,791,176,2025-07-09,3,55435,166305,Credit Card,Delivered
2798,490,304,2024-08-28,4,68068,272272,Credit Card,Cancelled
2799,657,301,2026-02-11,1,13172,13172,Debit Card,Shipped
2800,955,301,2026-06-02,1,13172,13172,Cash on Delivery,Returned
2801,58,50,2026-07-05,1,39740,39740,Net Banking,Delivered
2802,330,377,2025-04-26,1,1698,1698,UPI,Delivered
2803,389,304,2025-11-16,4,68068,272272,Debit Card,Delivered
2804,738,444,2025-06-29,2,76184,152368,UPI,Returned
2805,577,69,2025-02-25,1,66969,66969,Debit Card,Returned
2806,471,430,2025-12-05,1,7526,7526,UPI,Delivered
2807,105,380,2026-04-02,5,13124,65620,UPI,Cancelled
2808,418,259,2024-09-09,4,38001,152004,Net Banking,Delivered
2809,242,258,2024-09-23,5,52696,263480,Net Banking,Shipped
2810,736,481,2025-12-30,5,33938,169690,Cash on Delivery,Delivered
2811,931,394,2025-12-04,4,50307,201228,Net Banking,Returned
2812,664,347,2025-06-07,4,54091,216364,Cash on Delivery,Delivered
2813,715,68,2025-05-05,3,9671,29013,UPI,Returned
2814,349,357,2025-08-29,5,40052,200260,Debit Card,Shipped
2815,469,68,2026-04-10,1,9671,9671,UPI,Delivered
2816,811,499,2026-03-01,5,47461,237305,UPI,Shipped
2817,230,158,2026-01-05,5,19258,96290,Credit Card,Cancelled
2818,461,368,2024-11-28,3,42654,127962,Net Banking,Returned
2819,565,498,2024-08-20,5,14348,71740,Net Banking,Shipped
2820,404,294,2024-11-14,2,43417,86834,Credit Card,Delivered
2821,112,298,2026-05-17,1,1571,1571,Credit Card,Cancelled
2822,691,179,2025-11-10,5,85018,425090,Net Banking,Cancelled
2823,628,456,2026-01-04,3,30147,90441,Cash on Delivery,Shipped
2824,137,182,2026-03-25,2,27652,55304,Net Banking,Cancelled
2825,440,166,2025-07-02,5,4873,24365,Debit Card,Cancelled
2826,941,443,2024-08-23,3,19668,59004,UPI,Shipped
2827,310,391,2024-11-02,1,83615,83615,Credit Card,Delivered
2828,976,468,2024-09-17,4,55663,222652,Debit Card,Shipped
2829,378,29,2025-01-26,2,9805,19610,Credit Card,Delivered
2830,139,124,2026-03-23,3,72850,218550,Credit Card,Returned
2831,376,41,2025-12-10,4,39390,157560,Cash on Delivery,Cancelled
2832,975,328,2025-05-07,5,60052,300260,Cash on Delivery,Cancelled
2833,828,464,2025-05-04,5,79274,396370,Debit Card,Returned
2834,653,294,2025-05-20,3,43417,130251,Credit Card,Delivered
2835,904,445,2025-10-10,4,83550,334200,UPI,Returned
2836,645,266,2024-08-21,2,67751,135502,UPI,Shipped
2837,619,102,2025-11-08,2,64751,129502,Net Banking,Shipped
2838,747,108,2024-11-23,2,25542,51084,Net Banking,Cancelled
2839,716,326,2026-01-05,4,23540,94160,Credit Card,Returned
2840,930,42,2025-07-11,2,7072,14144,UPI,Cancelled
2841,297,81,2025-05-11,1,58946,58946,UPI,Cancelled
2842,59,27,2025-05-11,1,88539,88539,Cash on Delivery,Delivered
2843,943,101,2025-07-06,2,56648,113296,Debit Card,Returned
2844,888,243,2026-03-11,2,29602,59204,Cash on Delivery,Cancelled
2845,152,208,2024-09-24,1,64283,64283,UPI,Shipped
2846,697,465,2025-10-15,2,68362,136724,Debit Card,Shipped
2847,463,114,2024-11-10,2,97310,194620,Debit Card,Shipped
2848,653,430,2025-09-11,3,7526,22578,Cash on Delivery,Shipped
2849,448,227,2025-05-08,2,58095,116190,Credit Card,Delivered
2850,625,470,2025-06-01,2,66902,133804,Debit Card,Delivered
2851,176,304,2025-03-28,1,68068,68068,Credit Card,Returned
2852,792,188,2025-12-13,1,8472,8472,Debit Card,Shipped
2853,569,431,2025-02-28,3,50824,152472,Net Banking,Shipped
2854,401,246,2025-02-05,3,5520,16560,Debit Card,Shipped
2855,113,182,2024-10-23,5,27652,138260,Cash on Delivery,Returned
2856,266,163,2024-08-16,1,36476,36476,UPI,Shipped
2857,598,349,2026-02-18,2,17931,35862,Credit Card,Shipped
2858,520,297,2024-12-18,5,7124,35620,Net Banking,Cancelled
2859,572,138,2025-08-18,3,7264,21792,Cash on Delivery,Returned
2860,305,261,2025-09-02,2,24986,49972,UPI,Shipped
2861,909,87,2025-05-23,5,1272,6360,Debit Card,Shipped
2862,890,154,2026-07-06,3,13403,40209,Credit Card,Delivered
2863,228,32,2025-10-06,3,53854,161562,Credit Card,Returned
2864,414,28,2024-10-26,2,29951,59902,UPI,Returned
2865,816,30,2025-02-15,5,9787,48935,UPI,Shipped
2866,731,227,2026-03-20,5,58095,290475,Net Banking,Cancelled
2867,804,477,2025-02-14,4,69051,276204,Cash on Delivery,Returned
2868,252,31,2026-01-24,2,17842,35684,Debit Card,Cancelled
2869,195,486,2025-07-08,5,68103,340515,Net Banking,Returned
2870,585,172,2025-01-09,4,88952,355808,Debit Card,Returned
2871,723,413,2025-11-14,5,56920,284600,UPI,Shipped
2872,918,314,2025-03-05,2,60749,121498,Credit Card,Returned
2873,384,10,2026-01-17,2,92488,184976,Net Banking,Shipped
2874,341,250,2026-07-08,3,15030,45090,Net Banking,Returned
2875,933,51,2025-08-12,5,97810,489050,Credit Card,Cancelled
2876,193,33,2024-12-29,3,54383,163149,Cash on Delivery,Delivered
2877,386,354,2024-10-30,2,13724,27448,UPI,Cancelled
2878,928,319,2024-11-09,4,6013,24052,Cash on Delivery,Cancelled
2879,922,81,2026-05-20,2,58946,117892,Cash on Delivery,Delivered
2880,398,392,2024-09-22,4,49707,198828,Cash on Delivery,Cancelled
2881,448,317,2025-07-13,4,46218,184872,Net Banking,Returned
2882,566,236,2024-12-08,4,17676,70704,Net Banking,Cancelled
2883,2,491,2026-06-25,4,691,2764,Debit Card,Cancelled
2884,417,220,2026-02-01,4,84778,339112,UPI,Shipped
2885,750,127,2025-07-07,4,71876,287504,Credit Card,Cancelled
2886,592,482,2024-10-03,1,836,836,Debit Card,Delivered
2887,586,358,2026-04-17,3,36564,109692,Cash on Delivery,Delivered
2888,12,160,2026-01-07,3,45793,137379,Credit Card,Delivered
2889,805,323,2026-05-14,1,13678,13678,UPI,Cancelled
2890,969,142,2025-04-01,1,63742,63742,Cash on Delivery,Shipped
2891,817,483,2025-12-27,3,48207,144621,Credit Card,Cancelled
2892,947,123,2025-04-22,3,82487,247461,Debit Card,Cancelled
2893,794,139,2026-01-29,2,16415,32830,Cash on Delivery,Shipped
2894,556,484,2024-09-15,5,42679,213395,Debit Card,Delivered
2895,659,209,2025-09-27,3,7680,23040,Debit Card,Cancelled
2896,426,127,2025-09-21,4,71876,287504,Net Banking,Delivered
2897,581,196,2025-03-09,4,17554,70216,Cash on Delivery,Shipped
2898,96,280,2026-06-19,4,89643,358572,Credit Card,Shipped
2899,501,312,2025-03-16,2,80647,161294,Net Banking,Shipped
2900,847,243,2026-05-19,5,29602,148010,Cash on Delivery,Returned
2901,268,312,2024-11-26,4,80647,322588,Debit Card,Delivered
2902,507,76,2026-01-30,3,80620,241860,Credit Card,Returned
2903,293,338,2026-01-29,4,98507,394028,Credit Card,Returned
2904,379,52,2026-07-17,4,90611,362444,Cash on Delivery,Delivered
2905,674,43,2026-01-21,3,11000,33000,Credit Card,Shipped
2906,280,88,2025-12-04,3,98478,295434,UPI,Returned
2907,983,308,2024-12-09,3,86429,259287,Debit Card,Shipped
2908,731,492,2026-04-04,4,69943,279772,Net Banking,Returned
2909,965,404,2025-05-03,5,79564,397820,Debit Card,Cancelled
2910,132,430,2025-08-26,5,7526,37630,UPI,Delivered
2911,945,104,2025-01-17,2,57591,115182,Credit Card,Cancelled
2912,596,475,2024-10-29,5,15702,78510,Cash on Delivery,Returned
2913,480,483,2024-12-30,4,48207,192828,Credit Card,Returned
2914,594,237,2026-04-03,1,6226,6226,Cash on Delivery,Returned
2915,773,473,2024-11-11,2,77365,154730,Net Banking,Delivered
2916,113,362,2025-01-26,3,73544,220632,Cash on Delivery,Returned
2917,771,345,2026-04-01,3,895,2685,UPI,Shipped
2918,754,409,2025-08-14,1,18742,18742,Cash on Delivery,Shipped
2919,244,70,2024-08-16,1,17183,17183,Cash on Delivery,Returned
2920,604,99,2025-05-03,1,10461,10461,Credit Card,Shipped
2921,552,126,2025-09-30,1,35175,35175,Net Banking,Cancelled
2922,668,306,2025-10-14,2,39794,79588,Credit Card,Cancelled
2923,352,432,2025-05-09,5,54977,274885,UPI,Returned
2924,469,404,2025-07-25,1,79564,79564,Debit Card,Delivered
2925,637,232,2026-04-12,2,49872,99744,Debit Card,Returned
2926,689,184,2025-09-28,4,87146,348584,Credit Card,Delivered
2927,660,250,2024-11-04,2,15030,30060,Cash on Delivery,Returned
2928,109,45,2025-11-14,4,86663,346652,UPI,Returned
2929,846,237,2026-06-13,2,6226,12452,Credit Card,Shipped
2930,786,312,2024-10-01,3,80647,241941,Net Banking,Returned
2931,348,388,2024-09-16,2,21792,43584,Cash on Delivery,Cancelled
2932,208,10,2025-03-24,5,92488,462440,Credit Card,Returned
2933,600,146,2025-06-01,3,63983,191949,Credit Card,Delivered
2934,587,226,2026-02-03,2,94126,188252,Net Banking,Delivered
2935,951,453,2026-02-05,4,11303,45212,Cash on Delivery,Shipped
2936,162,83,2025-08-02,5,58154,290770,Debit Card,Returned
2937,782,16,2025-09-08,4,29246,116984,Net Banking,Delivered
2938,818,187,2025-06-11,1,66539,66539,Debit Card,Returned
2939,963,215,2026-03-16,3,57740,173220,Debit Card,Returned
2940,567,125,2025-06-10,5,4778,23890,Credit Card,Returned
2941,638,465,2026-04-27,2,68362,136724,Credit Card,Returned
2942,208,488,2025-10-16,4,38719,154876,Net Banking,Shipped
2943,526,316,2024-09-22,5,38380,191900,UPI,Returned
2944,372,222,2024-11-01,1,66997,66997,Credit Card,Shipped
2945,858,319,2025-03-30,3,6013,18039,Cash on Delivery,Cancelled
2946,368,24,2025-12-07,1,74864,74864,Credit Card,Returned
2947,714,56,2024-09-22,4,76850,307400,Cash on Delivery,Delivered
2948,825,432,2025-07-11,3,54977,164931,UPI,Delivered
2949,405,238,2025-07-23,5,37846,189230,Debit Card,Returned
2950,134,149,2026-01-06,4,65423,261692,Credit Card,Cancelled
2951,130,173,2025-09-01,2,83783,167566,Cash on Delivery,Delivered
2952,498,184,2025-04-20,4,87146,348584,UPI,Delivered
2953,636,140,2024-11-03,4,72699,290796,Net Banking,Cancelled
2954,290,4,2026-06-08,4,36921,147684,Credit Card,Returned
2955,542,152,2026-05-01,1,88889,88889,UPI,Cancelled
2956,141,105,2026-03-25,1,37059,37059,Credit Card,Cancelled
2957,48,382,2025-09-28,4,39818,159272,Net Banking,Returned
2958,889,85,2025-12-05,1,8918,8918,UPI,Shipped
2959,281,3,2025-10-26,4,77736,310944,Credit Card,Returned
2960,569,323,2024-12-15,3,13678,41034,Credit Card,Shipped
2961,713,233,2026-03-15,1,47925,47925,Cash on Delivery,Delivered
2962,429,287,2024-11-04,2,55102,110204,Debit Card,Delivered
2963,435,134,2025-06-28,5,54023,270115,Net Banking,Shipped
2964,282,211,2025-08-21,1,50334,50334,UPI,Cancelled
2965,496,464,2026-07-04,2,79274,158548,Net Banking,Cancelled
2966,195,162,2026-06-01,2,75463,150926,Credit Card,Delivered
2967,125,156,2024-09-08,5,56950,284750,Credit Card,Returned
2968,929,356,2026-05-03,1,38414,38414,Cash on Delivery,Delivered
2969,55,13,2024-10-31,4,28153,112612,Debit Card,Returned
2970,817,402,2025-09-02,1,14521,14521,Cash on Delivery,Delivered
2971,332,393,2024-11-22,1,39215,39215,Net Banking,Shipped
2972,119,425,2025-03-20,2,15472,30944,Debit Card,Shipped
2973,649,414,2024-12-01,2,49536,99072,UPI,Delivered
2974,826,251,2024-11-29,4,38677,154708,UPI,Delivered
2975,444,435,2025-04-03,3,15469,46407,Credit Card,Delivered
2976,280,169,2026-07-23,2,61885,123770,UPI,Shipped
2977,143,175,2026-01-28,2,31275,62550,UPI,Returned
2978,697,424,2025-01-18,5,69668,348340,UPI,Cancelled
2979,524,150,2025-04-21,3,13569,40707,Cash on Delivery,Shipped
2980,127,13,2026-07-27,5,28153,140765,Credit Card,Returned
2981,75,267,2025-09-03,4,89378,357512,UPI,Shipped
2982,274,47,2026-06-22,2,99048,198096,UPI,Cancelled
2983,137,35,2025-03-04,3,70792,212376,Credit Card,Delivered
2984,866,296,2026-05-15,4,52043,208172,Debit Card,Delivered
2985,962,123,2024-09-26,4,82487,329948,Credit Card,Returned
2986,196,200,2025-02-06,2,75748,151496,UPI,Cancelled
2987,772,26,2024-12-26,5,80007,400035,Debit Card,Delivered
2988,987,362,2025-12-02,1,73544,73544,Credit Card,Returned
2989,439,470,2025-09-27,3,66902,200706,Cash on Delivery,Returned
2990,689,476,2025-02-25,1,2160,2160,Cash on Delivery,Shipped
2991,40,468,2024-11-01,3,55663,166989,UPI,Cancelled
2992,22,247,2025-11-24,4,81154,324616,Credit Card,Cancelled
2993,949,329,2025-03-19,2,61844,123688,Debit Card,Returned
2994,295,392,2025-11-16,1,49707,49707,Debit Card,Delivered
2995,16,203,2025-09-14,5,97620,488100,Cash on Delivery,Returned
2996,143,482,2024-10-07,4,836,3344,Cash on Delivery,Shipped
2997,557,183,2025-08-21,5,871,4355,Cash on Delivery,Delivered
2998,209,179,2025-12-06,2,85018,170036,UPI,Delivered
2999,148,233,2024-12-04,3,47925,143775,Credit Card,Returned
3000,575,240,2025-10-29,2,50552,101104,Cash on Delivery,Delivered
3001,95,18,2025-10-21,1,50519,50519,Credit Card,Cancelled
3002,453,418,2024-11-23,4,6356,25424,Debit Card,Shipped
3003,519,29,2024-12-06,2,9805,19610,Net Banking,Shipped
3004,108,160,2025-12-20,1,45793,45793,Credit Card,Returned
3005,456,467,2025-11-24,3,2081,6243,Credit Card,Cancelled
3006,77,69,2026-02-06,3,66969,200907,UPI,Returned
3007,894,130,2026-06-27,3,11043,33129,UPI,Shipped
3008,102,239,2025-11-09,3,61974,185922,Debit Card,Shipped
3009,938,282,2025-04-15,2,21729,43458,Cash on Delivery,Delivered
3010,459,431,2026-05-12,2,50824,101648,Credit Card,Returned
3011,211,449,2026-07-14,5,64114,320570,Debit Card,Shipped
3012,882,306,2025-10-07,4,39794,159176,UPI,Delivered
3013,476,275,2024-08-27,4,93798,375192,UPI,Shipped
3014,786,111,2026-04-28,1,70088,70088,Credit Card,Shipped
3015,812,294,2026-05-28,2,43417,86834,UPI,Shipped
3016,938,106,2024-08-18,5,4261,21305,Cash on Delivery,Shipped
3017,92,233,2024-09-28,2,47925,95850,Cash on Delivery,Delivered
3018,60,497,2024-08-31,4,36145,144580,Net Banking,Cancelled
3019,581,52,2025-12-07,2,90611,181222,Credit Card,Shipped
3020,340,500,2026-03-17,4,16217,64868,Credit Card,Shipped
3021,195,460,2025-10-17,3,74331,222993,Debit Card,Returned
3022,43,345,2025-02-17,2,895,1790,Debit Card,Returned
3023,426,198,2025-12-14,1,79196,79196,Debit Card,Returned
3024,824,112,2025-01-06,4,36009,144036,Credit Card,Returned
3025,814,274,2026-03-14,4,88035,352140,Net Banking,Returned
3026,742,174,2025-10-14,2,18820,37640,Net Banking,Delivered
3027,765,366,2025-06-15,4,40239,160956,Net Banking,Delivered
3028,909,70,2025-11-19,3,17183,51549,Cash on Delivery,Shipped
3029,955,286,2025-12-05,5,11146,55730,Credit Card,Cancelled
3030,751,494,2024-08-19,4,98528,394112,Net Banking,Cancelled
3031,947,159,2025-08-17,4,61481,245924,Debit Card,Returned
3032,954,277,2026-06-17,5,3945,19725,Cash on Delivery,Returned
3033,932,459,2025-11-26,1,50664,50664,Debit Card,Shipped
3034,493,403,2025-09-23,4,58200,232800,Credit Card,Shipped
3035,59,362,2025-03-08,2,73544,147088,UPI,Delivered
3036,832,417,2025-12-07,5,13295,66475,Debit Card,Returned
3037,510,207,2025-03-18,4,99451,397804,Net Banking,Returned
3038,249,421,2025-08-06,3,52349,157047,Net Banking,Returned
3039,861,113,2025-02-02,3,97870,293610,Cash on Delivery,Delivered
3040,412,387,2026-04-13,4,2552,10208,UPI,Delivered
3041,602,428,2026-04-15,4,18570,74280,Cash on Delivery,Shipped
3042,577,98,2026-01-10,2,14668,29336,Net Banking,Cancelled
3043,175,350,2025-06-07,3,17191,51573,Cash on Delivery,Returned
3044,72,325,2025-03-15,3,12225,36675,UPI,Returned
3045,120,178,2025-07-14,4,58615,234460,Credit Card,Shipped
3046,73,472,2024-09-21,4,41120,164480,UPI,Cancelled
3047,657,299,2026-01-12,1,48464,48464,Credit Card,Cancelled
3048,963,181,2024-09-11,5,32425,162125,Net Banking,Shipped
3049,834,34,2024-11-26,3,95948,287844,Credit Card,Shipped
3050,634,239,2025-07-03,1,61974,61974,UPI,Delivered
3051,889,207,2025-06-14,4,99451,397804,Net Banking,Delivered
3052,691,341,2025-08-07,5,66755,333775,Credit Card,Returned
3053,960,224,2025-07-22,2,73155,146310,Net Banking,Cancelled
3054,312,433,2025-01-01,3,4544,13632,Cash on Delivery,Returned
3055,219,190,2025-04-17,5,17040,85200,Debit Card,Returned
3056,722,395,2025-11-10,1,14465,14465,UPI,Cancelled
3057,271,139,2024-11-15,2,16415,32830,Debit Card,Shipped
3058,585,69,2025-03-26,4,66969,267876,Debit Card,Delivered
3059,563,16,2026-05-27,2,29246,58492,Net Banking,Delivered
3060,594,323,2026-02-04,1,13678,13678,UPI,Returned
3061,200,478,2025-04-01,5,17137,85685,Net Banking,Cancelled
3062,237,342,2026-02-17,4,58412,233648,Credit Card,Shipped
3063,619,68,2026-05-26,3,9671,29013,Credit Card,Shipped
3064,109,16,2025-04-21,2,29246,58492,Net Banking,Shipped
3065,960,472,2025-06-01,5,41120,205600,UPI,Returned
3066,670,72,2024-11-05,5,80016,400080,Credit Card,Shipped
3067,139,487,2026-03-09,2,41223,82446,UPI,Shipped
3068,256,196,2025-05-10,2,17554,35108,Debit Card,Returned
3069,499,112,2025-08-30,4,36009,144036,Cash on Delivery,Delivered
3070,949,355,2025-10-06,2,53225,106450,UPI,Cancelled
3071,585,52,2024-10-17,1,90611,90611,Net Banking,Delivered
3072,275,357,2025-03-31,3,40052,120156,UPI,Cancelled
3073,719,49,2025-01-30,1,37853,37853,Cash on Delivery,Shipped
3074,755,170,2025-07-24,4,48442,193768,Net Banking,Delivered
3075,634,17,2024-10-30,1,14871,14871,UPI,Cancelled
3076,424,222,2025-02-19,1,66997,66997,Cash on Delivery,Delivered
3077,374,239,2025-07-11,1,61974,61974,Credit Card,Delivered
3078,362,190,2025-02-04,4,17040,68160,Cash on Delivery,Cancelled
3079,178,401,2024-11-13,4,33490,133960,Net Banking,Cancelled
3080,827,357,2024-10-10,5,40052,200260,Net Banking,Cancelled
3081,269,31,2024-09-04,3,17842,53526,Debit Card,Cancelled
3082,811,47,2025-03-09,2,99048,198096,Debit Card,Returned
3083,473,160,2025-05-21,4,45793,183172,Cash on Delivery,Delivered
3084,199,175,2026-05-29,3,31275,93825,Debit Card,Delivered
3085,578,356,2025-11-16,1,38414,38414,Net Banking,Returned
3086,236,475,2025-06-16,2,15702,31404,UPI,Delivered
3087,203,380,2025-02-04,5,13124,65620,Debit Card,Shipped
3088,901,124,2026-05-30,3,72850,218550,Net Banking,Returned
3089,383,100,2026-06-27,5,90187,450935,Net Banking,Shipped
3090,880,164,2024-11-28,1,30662,30662,Debit Card,Delivered
3091,534,214,2026-04-19,3,53588,160764,UPI,Cancelled
3092,569,160,2025-04-07,4,45793,183172,Credit Card,Returned
3093,1000,163,2026-07-22,4,36476,145904,Cash on Delivery,Delivered
3094,417,401,2025-10-18,3,33490,100470,Net Banking,Returned
3095,398,410,2026-02-07,1,10194,10194,Net Banking,Cancelled
3096,560,198,2025-03-26,5,79196,395980,Credit Card,Shipped
3097,969,96,2024-12-21,5,20473,102365,Cash on Delivery,Delivered
3098,19,281,2026-03-11,2,66411,132822,Net Banking,Delivered
3099,480,489,2024-11-27,3,78054,234162,Cash on Delivery,Returned
3100,744,323,2025-08-18,2,13678,27356,Net Banking,Delivered
3101,218,153,2025-08-30,4,9468,37872,Cash on Delivery,Shipped
3102,292,89,2025-07-24,2,36274,72548,Credit Card,Shipped
3103,327,369,2025-08-18,1,47639,47639,UPI,Returned
3104,56,269,2026-06-09,1,49260,49260,Credit Card,Cancelled
3105,350,139,2025-03-23,4,16415,65660,Debit Card,Shipped
3106,490,16,2025-08-17,3,29246,87738,Net Banking,Delivered
3107,341,2,2024-08-14,2,26562,53124,Cash on Delivery,Returned
3108,857,447,2024-10-04,1,83709,83709,Debit Card,Shipped
3109,208,491,2025-05-28,5,691,3455,Cash on Delivery,Delivered
3110,447,174,2025-08-23,3,18820,56460,Net Banking,Returned
3111,47,60,2025-07-17,5,35470,177350,Net Banking,Shipped
3112,798,461,2025-01-29,2,82823,165646,Debit Card,Delivered
3113,345,435,2025-01-10,3,15469,46407,UPI,Delivered
3114,180,80,2025-10-23,1,73759,73759,Debit Card,Shipped
3115,50,74,2025-04-27,1,68061,68061,Cash on Delivery,Cancelled
3116,481,23,2024-09-02,2,3052,6104,Debit Card,Returned
3117,888,206,2024-09-04,5,87261,436305,UPI,Cancelled
3118,980,198,2025-03-02,1,79196,79196,Cash on Delivery,Shipped
3119,970,252,2025-08-15,4,87580,350320,Net Banking,Cancelled
3120,302,173,2025-11-03,3,83783,251349,Credit Card,Shipped
3121,959,138,2026-06-12,1,7264,7264,Net Banking,Delivered
3122,594,310,2026-05-12,5,4638,23190,Net Banking,Cancelled
3123,90,478,2025-12-17,2,17137,34274,Debit Card,Shipped
3124,195,467,2025-12-31,4,2081,8324,Net Banking,Shipped
3125,605,337,2025-07-27,5,48674,243370,Debit Card,Shipped
3126,451,157,2025-03-05,1,10850,10850,Cash on Delivery,Cancelled
3127,342,326,2025-09-16,3,23540,70620,Cash on Delivery,Delivered
3128,538,386,2024-08-02,3,10244,30732,Cash on Delivery,Returned
3129,170,22,2026-05-16,2,21674,43348,Net Banking,Cancelled
3130,928,132,2024-10-18,4,5773,23092,UPI,Cancelled
3131,777,23,2025-06-26,2,3052,6104,Credit Card,Shipped
3132,446,13,2024-11-08,1,28153,28153,Credit Card,Returned
3133,551,367,2026-06-12,4,32297,129188,Debit Card,Shipped
3134,388,274,2025-02-17,1,88035,88035,Cash on Delivery,Returned
3135,700,454,2026-02-12,3,82499,247497,Net Banking,Returned
3136,237,219,2025-05-07,3,23718,71154,Net Banking,Returned
3137,576,282,2026-03-12,1,21729,21729,Cash on Delivery,Cancelled
3138,978,281,2025-06-05,3,66411,199233,Credit Card,Returned
3139,729,496,2025-05-07,1,34708,34708,Credit Card,Cancelled
3140,811,54,2024-08-31,5,17646,88230,UPI,Cancelled
3141,775,86,2025-06-03,4,27610,110440,Credit Card,Shipped
3142,79,275,2024-09-04,4,93798,375192,Net Banking,Cancelled
3143,881,48,2025-10-12,2,28438,56876,Credit Card,Shipped
3144,155,110,2025-10-06,2,29545,59090,UPI,Cancelled
3145,356,88,2024-12-25,5,98478,492390,UPI,Shipped
3146,946,441,2025-05-04,4,35541,142164,Net Banking,Shipped
3147,259,267,2025-09-29,1,89378,89378,UPI,Cancelled
3148,31,76,2025-03-08,4,80620,322480,Credit Card,Delivered
3149,385,315,2024-09-22,1,63962,63962,Cash on Delivery,Cancelled
3150,608,143,2025-05-23,5,79061,395305,Net Banking,Shipped
3151,413,223,2025-08-22,4,38127,152508,Credit Card,Delivered
3152,175,174,2025-07-11,1,18820,18820,Credit Card,Returned
3153,281,278,2026-03-12,4,11800,47200,Debit Card,Shipped
3154,268,417,2025-09-27,4,13295,53180,UPI,Returned
3155,371,89,2025-03-01,4,36274,145096,Debit Card,Returned
3156,883,166,2026-04-29,3,4873,14619,UPI,Delivered
3157,452,186,2025-11-23,1,15396,15396,UPI,Delivered
3158,32,320,2026-01-06,4,98455,393820,Cash on Delivery,Shipped
3159,846,11,2025-11-13,1,61089,61089,Cash on Delivery,Returned
3160,66,380,2024-10-27,3,13124,39372,UPI,Shipped
3161,852,285,2024-11-03,4,86841,347364,Net Banking,Returned
3162,160,495,2024-10-10,3,78080,234240,Cash on Delivery,Shipped
3163,601,424,2025-05-28,1,69668,69668,Debit Card,Delivered
3164,40,371,2025-05-12,5,34680,173400,Credit Card,Returned
3165,118,115,2026-04-05,1,39329,39329,Net Banking,Returned
3166,324,201,2025-04-16,1,24147,24147,Cash on Delivery,Delivered
3167,282,323,2025-10-03,2,13678,27356,UPI,Shipped
3168,694,129,2026-07-26,5,61933,309665,Credit Card,Delivered
3169,507,92,2025-05-06,5,24319,121595,Net Banking,Cancelled
3170,247,309,2026-03-05,1,63473,63473,UPI,Shipped
3171,867,424,2024-11-16,5,69668,348340,Credit Card,Shipped
3172,261,279,2024-12-28,1,75853,75853,Cash on Delivery,Cancelled
3173,658,88,2025-11-06,1,98478,98478,UPI,Delivered
3174,590,404,2025-08-26,5,79564,397820,Debit Card,Cancelled
3175,735,22,2025-06-03,5,21674,108370,Credit Card,Returned
3176,797,44,2025-08-19,1,16213,16213,Credit Card,Cancelled
3177,597,179,2024-08-27,1,85018,85018,Cash on Delivery,Cancelled
3178,115,74,2024-08-31,5,68061,340305,Net Banking,Shipped
3179,398,6,2024-08-26,5,70784,353920,Net Banking,Cancelled
3180,36,30,2024-11-10,5,9787,48935,Debit Card,Shipped
3181,204,273,2026-02-01,1,18290,18290,UPI,Shipped
3182,138,391,2025-04-11,1,83615,83615,Credit Card,Shipped
3183,153,233,2026-04-12,3,47925,143775,Credit Card,Shipped
3184,546,160,2025-07-29,5,45793,228965,Cash on Delivery,Shipped
3185,479,54,2025-09-03,5,17646,88230,Debit Card,Cancelled
3186,930,173,2025-07-16,2,83783,167566,Cash on Delivery,Returned
3187,735,356,2024-11-19,1,38414,38414,Cash on Delivery,Cancelled
3188,936,204,2025-11-09,3,59960,179880,Net Banking,Shipped
3189,261,225,2026-06-20,4,79799,319196,Net Banking,Delivered
3190,576,178,2025-08-31,3,58615,175845,Net Banking,Shipped
3191,906,191,2024-11-12,5,70041,350205,Credit Card,Delivered
3192,204,116,2025-04-07,3,6465,19395,Credit Card,Cancelled
3193,410,246,2026-07-20,5,5520,27600,Cash on Delivery,Shipped
3194,657,481,2025-11-15,4,33938,135752,Credit Card,Cancelled
3195,185,282,2025-03-31,4,21729,86916,Net Banking,Delivered
3196,981,333,2024-11-30,5,42915,214575,Credit Card,Delivered
3197,288,488,2025-05-28,3,38719,116157,UPI,Delivered
3198,944,179,2025-11-17,5,85018,425090,Net Banking,Delivered
3199,90,251,2026-02-21,3,38677,116031,UPI,Cancelled
3200,676,127,2026-05-12,3,71876,215628,Debit Card,Shipped
3201,64,183,2025-03-16,2,871,1742,Debit Card,Delivered
3202,59,96,2025-10-31,1,20473,20473,Net Banking,Shipped
3203,893,382,2025-04-14,4,39818,159272,UPI,Delivered
3204,391,329,2025-08-25,2,61844,123688,Cash on Delivery,Cancelled
3205,74,111,2026-05-01,5,70088,350440,Net Banking,Delivered
3206,107,33,2025-08-26,5,54383,271915,Debit Card,Cancelled
3207,190,399,2025-09-13,5,22716,113580,Debit Card,Delivered
3208,603,58,2025-08-11,1,73885,73885,Credit Card,Cancelled
3209,494,341,2026-01-28,4,66755,267020,Credit Card,Cancelled
3210,332,56,2025-10-07,5,76850,384250,Cash on Delivery,Returned
3211,379,402,2025-03-16,4,14521,58084,Cash on Delivery,Shipped
3212,100,261,2025-07-30,3,24986,74958,UPI,Shipped
3213,769,296,2026-04-21,2,52043,104086,Credit Card,Returned
3214,617,342,2024-08-08,5,58412,292060,Debit Card,Delivered
3215,405,32,2025-05-09,3,53854,161562,Credit Card,Returned
3216,791,465,2025-04-10,4,68362,273448,Credit Card,Returned
3217,611,385,2026-01-01,3,6077,18231,Net Banking,Cancelled
3218,642,321,2024-10-20,3,14816,44448,Net Banking,Shipped
3219,927,342,2025-06-15,3,58412,175236,UPI,Cancelled
3220,219,276,2025-10-23,4,29891,119564,Debit Card,Delivered
3221,957,103,2025-03-22,1,23586,23586,UPI,Shipped
3222,372,382,2026-04-06,1,39818,39818,Credit Card,Delivered
3223,666,253,2026-06-25,1,62121,62121,Debit Card,Returned
3224,58,3,2026-02-10,1,77736,77736,Net Banking,Shipped
3225,241,280,2026-06-04,4,89643,358572,Net Banking,Delivered
3226,510,163,2026-01-12,4,36476,145904,UPI,Shipped
3227,523,273,2025-11-27,1,18290,18290,Net Banking,Cancelled
3228,530,456,2024-08-16,2,30147,60294,Cash on Delivery,Delivered
3229,75,219,2025-11-02,5,23718,118590,Net Banking,Shipped
3230,424,170,2025-07-30,5,48442,242210,Credit Card,Shipped
3231,38,364,2025-02-18,1,35687,35687,Debit Card,Shipped
3232,348,167,2025-12-18,5,98473,492365,Debit Card,Delivered
3233,77,297,2026-03-27,4,7124,28496,Net Banking,Returned
3234,855,144,2026-03-21,2,45048,90096,Debit Card,Delivered
3235,583,389,2025-10-19,3,90849,272547,Credit Card,Delivered
3236,900,182,2025-10-18,3,27652,82956,Debit Card,Returned
3237,707,316,2025-01-19,3,38380,115140,Debit Card,Shipped
3238,468,107,2026-02-07,1,34362,34362,Cash on Delivery,Returned
3239,309,69,2024-09-04,2,66969,133938,Debit Card,Delivered
3240,985,67,2025-10-23,4,71075,284300,Cash on Delivery,Returned
3241,699,337,2025-08-04,1,48674,48674,Debit Card,Delivered
3242,953,177,2024-12-06,5,81194,405970,Net Banking,Cancelled
3243,985,133,2025-09-07,3,77220,231660,Debit Card,Delivered
3244,158,145,2025-11-27,1,77431,77431,Debit Card,Shipped
3245,423,39,2026-02-07,4,782,3128,Debit Card,Delivered
3246,6,90,2025-11-20,1,61761,61761,Net Banking,Returned
3247,386,294,2026-03-20,2,43417,86834,UPI,Shipped
3248,870,330,2026-05-11,4,85472,341888,UPI,Returned
3249,10,146,2025-05-18,1,63983,63983,Credit Card,Cancelled
3250,165,151,2024-11-18,2,10307,20614,Net Banking,Returned
3251,586,341,2026-04-26,3,66755,200265,Debit Card,Cancelled
3252,293,232,2026-01-06,4,49872,199488,Credit Card,Cancelled
3253,745,254,2025-01-31,1,9355,9355,Net Banking,Returned
3254,648,98,2024-08-20,2,14668,29336,Credit Card,Cancelled
3255,182,290,2025-10-14,4,45089,180356,UPI,Cancelled
3256,469,145,2026-01-22,2,77431,154862,UPI,Shipped
3257,718,344,2024-10-20,3,8067,24201,UPI,Shipped
3258,77,144,2024-12-22,4,45048,180192,Net Banking,Cancelled
3259,850,431,2024-08-10,1,50824,50824,Credit Card,Shipped
3260,205,195,2025-07-04,4,9299,37196,Debit Card,Delivered
3261,975,459,2025-03-27,4,50664,202656,Net Banking,Returned
3262,913,193,2025-06-17,2,30449,60898,Debit Card,Returned
3263,432,463,2024-11-21,5,41722,208610,Net Banking,Shipped
3264,846,420,2025-06-12,1,56385,56385,UPI,Delivered
3265,188,210,2026-01-14,2,43507,87014,Credit Card,Cancelled
3266,729,395,2025-01-01,5,14465,72325,UPI,Shipped
3267,521,433,2025-06-10,1,4544,4544,Debit Card,Returned
3268,698,236,2025-08-20,5,17676,88380,UPI,Returned
3269,484,46,2026-03-20,4,31785,127140,Debit Card,Cancelled
3270,451,157,2025-11-13,4,10850,43400,UPI,Returned
3271,978,101,2026-07-11,2,56648,113296,Cash on Delivery,Shipped
3272,564,364,2025-07-28,5,35687,178435,Credit Card,Shipped
3273,677,56,2026-06-04,3,76850,230550,UPI,Cancelled
3274,386,441,2026-05-16,2,35541,71082,Net Banking,Shipped
3275,344,437,2026-02-18,4,59447,237788,UPI,Shipped
3276,639,492,2026-02-11,2,69943,139886,Cash on Delivery,Shipped
3277,607,214,2024-09-13,2,53588,107176,UPI,Shipped
3278,480,477,2026-01-26,4,69051,276204,UPI,Cancelled
3279,361,218,2024-11-11,2,31468,62936,Credit Card,Returned
3280,958,35,2025-09-02,1,70792,70792,Cash on Delivery,Shipped
3281,755,83,2025-01-04,1,58154,58154,UPI,Returned
3282,247,360,2025-10-05,4,54011,216044,Cash on Delivery,Cancelled
3283,810,85,2025-04-05,2,8918,17836,Credit Card,Cancelled
3284,769,60,2025-12-23,4,35470,141880,Net Banking,Delivered
3285,882,55,2025-08-02,5,1767,8835,Net Banking,Delivered
3286,859,335,2025-09-08,3,91302,273906,UPI,Cancelled
3287,135,230,2025-05-15,3,20209,60627,Debit Card,Cancelled
3288,225,304,2025-03-27,4,68068,272272,Credit Card,Cancelled
3289,555,447,2024-12-08,1,83709,83709,Credit Card,Delivered
3290,559,228,2025-07-19,1,51279,51279,UPI,Cancelled
3291,399,419,2026-07-05,2,97557,195114,Debit Card,Returned
3292,291,221,2025-09-14,3,9450,28350,Cash on Delivery,Delivered
3293,670,343,2025-04-18,4,58890,235560,Credit Card,Cancelled
3294,845,187,2025-09-24,4,66539,266156,Debit Card,Cancelled
3295,720,170,2025-04-28,3,48442,145326,UPI,Delivered
3296,512,115,2026-01-02,1,39329,39329,Cash on Delivery,Shipped
3297,280,478,2026-03-18,3,17137,51411,Debit Card,Cancelled
3298,411,104,2026-05-31,5,57591,287955,Cash on Delivery,Cancelled
3299,257,393,2026-02-06,2,39215,78430,Debit Card,Shipped
3300,369,279,2026-01-06,5,75853,379265,Net Banking,Delivered
3301,320,460,2025-12-08,1,74331,74331,Credit Card,Delivered
3302,111,477,2026-04-12,1,69051,69051,Cash on Delivery,Shipped
3303,284,51,2026-01-16,2,97810,195620,Net Banking,Delivered
3304,247,495,2025-02-17,1,78080,78080,Cash on Delivery,Cancelled
3305,257,88,2025-11-12,3,98478,295434,Net Banking,Shipped
3306,311,372,2025-08-07,5,26215,131075,Credit Card,Delivered
3307,101,277,2024-12-23,2,3945,7890,Credit Card,Returned
3308,410,440,2025-02-03,5,37342,186710,Debit Card,Cancelled
3309,215,233,2025-02-28,3,47925,143775,Net Banking,Delivered
3310,237,246,2025-10-03,4,5520,22080,UPI,Returned
3311,432,190,2025-03-15,4,17040,68160,Cash on Delivery,Delivered
3312,585,75,2025-01-17,2,29944,59888,Cash on Delivery,Cancelled
3313,895,115,2025-03-15,2,39329,78658,Debit Card,Delivered
3314,289,45,2026-03-17,5,86663,433315,UPI,Shipped
3315,724,138,2025-03-08,4,7264,29056,Net Banking,Delivered
3316,586,119,2026-01-25,2,64954,129908,Net Banking,Returned
3317,642,16,2025-01-03,5,29246,146230,Net Banking,Returned
3318,630,277,2026-01-14,5,3945,19725,Debit Card,Shipped
3319,622,317,2026-01-25,2,46218,92436,UPI,Shipped
3320,478,133,2025-08-10,5,77220,386100,Credit Card,Delivered
3321,9,286,2025-03-30,5,11146,55730,Net Banking,Cancelled
3322,443,67,2025-08-03,3,71075,213225,Credit Card,Cancelled
3323,810,96,2025-04-23,3,20473,61419,Cash on Delivery,Delivered
3324,453,95,2025-10-05,2,85926,171852,Credit Card,Delivered
3325,176,306,2026-07-22,5,39794,198970,Credit Card,Cancelled
3326,922,189,2026-07-22,1,93875,93875,Credit Card,Cancelled
3327,408,154,2026-04-05,2,13403,26806,Debit Card,Delivered
3328,101,365,2026-02-07,2,77515,155030,Credit Card,Delivered
3329,246,292,2025-02-24,1,61641,61641,Debit Card,Cancelled
3330,278,406,2025-03-07,3,49790,149370,UPI,Cancelled
3331,823,330,2024-10-29,2,85472,170944,Net Banking,Cancelled
3332,258,132,2025-10-15,3,5773,17319,UPI,Delivered
3333,741,406,2026-01-03,3,49790,149370,Credit Card,Cancelled
3334,710,480,2025-09-21,2,67449,134898,Debit Card,Delivered
3335,917,337,2025-05-17,5,48674,243370,Cash on Delivery,Delivered
3336,881,137,2026-06-22,4,61052,244208,Debit Card,Shipped
3337,646,465,2025-05-29,4,68362,273448,Credit Card,Cancelled
3338,796,280,2026-04-23,3,89643,268929,Credit Card,Returned
3339,193,489,2025-04-21,2,78054,156108,Net Banking,Shipped
3340,581,117,2026-03-19,4,2107,8428,Debit Card,Shipped
3341,106,348,2026-04-12,4,59290,237160,UPI,Returned
3342,512,368,2024-11-17,2,42654,85308,Net Banking,Shipped
3343,671,124,2025-03-09,2,72850,145700,Credit Card,Returned
3344,914,98,2024-08-28,2,14668,29336,Debit Card,Delivered
3345,927,378,2025-03-07,3,2561,7683,Credit Card,Shipped
3346,642,455,2026-02-01,4,92735,370940,Cash on Delivery,Shipped
3347,92,185,2024-09-26,1,42937,42937,Credit Card,Delivered
3348,763,201,2025-04-22,4,24147,96588,Credit Card,Returned
3349,407,492,2026-07-14,4,69943,279772,UPI,Shipped
3350,239,10,2025-07-05,1,92488,92488,Cash on Delivery,Delivered
3351,427,106,2025-12-18,4,4261,17044,Net Banking,Delivered
3352,355,442,2025-02-11,1,8270,8270,UPI,Delivered
3353,905,245,2026-02-27,2,4194,8388,Credit Card,Delivered
3354,610,116,2025-08-03,3,6465,19395,Credit Card,Delivered
3355,436,23,2025-01-09,1,3052,3052,UPI,Cancelled
3356,686,174,2024-12-30,1,18820,18820,Credit Card,Shipped
3357,122,478,2026-05-01,4,17137,68548,Cash on Delivery,Returned
3358,325,258,2025-09-18,2,52696,105392,Debit Card,Cancelled
3359,904,284,2025-02-22,4,81034,324136,Credit Card,Shipped
3360,844,473,2026-07-21,1,77365,77365,Cash on Delivery,Cancelled
3361,493,270,2025-10-06,5,41707,208535,UPI,Delivered
3362,580,145,2026-01-18,1,77431,77431,UPI,Cancelled
3363,180,179,2025-02-22,1,85018,85018,Cash on Delivery,Returned
3364,391,94,2024-11-10,2,62144,124288,UPI,Shipped
3365,892,393,2024-10-19,1,39215,39215,Credit Card,Returned
3366,79,291,2025-11-17,4,17639,70556,Credit Card,Cancelled
3367,252,70,2026-02-22,3,17183,51549,Credit Card,Returned
3368,228,397,2025-10-25,1,3942,3942,Net Banking,Shipped
3369,215,35,2025-01-28,1,70792,70792,Credit Card,Delivered
3370,772,200,2025-01-31,3,75748,227244,Debit Card,Delivered
3371,554,453,2024-09-04,5,11303,56515,Debit Card,Delivered
3372,984,3,2025-12-29,3,77736,233208,UPI,Delivered
3373,804,22,2026-06-30,5,21674,108370,Credit Card,Shipped
3374,368,369,2025-09-12,4,47639,190556,Cash on Delivery,Cancelled
3375,658,260,2025-01-18,5,48737,243685,Credit Card,Returned
3376,677,207,2025-12-04,2,99451,198902,Debit Card,Cancelled
3377,676,63,2025-01-23,3,37085,111255,UPI,Cancelled
3378,349,410,2024-09-05,4,10194,40776,Debit Card,Cancelled
3379,134,206,2024-10-12,1,87261,87261,UPI,Shipped
3380,548,465,2025-06-13,2,68362,136724,Debit Card,Shipped
3381,553,487,2025-04-09,4,41223,164892,Net Banking,Returned
3382,537,257,2026-02-04,1,26922,26922,UPI,Returned
3383,463,324,2025-07-28,3,63080,189240,Credit Card,Delivered
3384,568,52,2024-10-13,3,90611,271833,Credit Card,Shipped
3385,371,51,2026-01-07,4,97810,391240,Debit Card,Cancelled
3386,494,375,2026-03-17,4,71558,286232,Net Banking,Returned
3387,952,467,2024-11-10,4,2081,8324,Cash on Delivery,Cancelled
3388,614,158,2024-07-31,2,19258,38516,Credit Card,Returned
3389,81,71,2025-09-27,4,72319,289276,Cash on Delivery,Returned
3390,578,104,2026-07-18,5,57591,287955,Cash on Delivery,Returned
3391,45,394,2024-11-26,5,50307,251535,Cash on Delivery,Shipped
3392,648,310,2025-06-08,4,4638,18552,UPI,Returned
3393,324,258,2025-12-16,5,52696,263480,Cash on Delivery,Shipped
3394,608,35,2026-07-23,1,70792,70792,Credit Card,Cancelled
3395,408,62,2026-06-11,1,29719,29719,Credit Card,Delivered
3396,899,70,2026-06-09,3,17183,51549,Cash on Delivery,Returned
3397,485,79,2025-07-31,2,33162,66324,UPI,Delivered
3398,904,305,2025-08-01,3,81305,243915,Debit Card,Shipped
3399,482,342,2025-12-14,3,58412,175236,Net Banking,Shipped
3400,858,276,2024-12-28,5,29891,149455,Net Banking,Shipped
3401,676,440,2026-03-06,2,37342,74684,Credit Card,Delivered
3402,189,403,2025-03-07,2,58200,116400,UPI,Shipped
3403,246,399,2025-04-02,4,22716,90864,UPI,Returned
3404,455,367,2025-03-05,3,32297,96891,UPI,Delivered
3405,981,325,2025-12-10,5,12225,61125,UPI,Returned
3406,563,251,2024-09-10,5,38677,193385,Credit Card,Delivered
3407,26,286,2026-07-02,2,11146,22292,Debit Card,Shipped
3408,558,62,2026-03-16,1,29719,29719,Credit Card,Delivered
3409,67,279,2024-10-04,1,75853,75853,Cash on Delivery,Returned
3410,461,193,2025-12-15,2,30449,60898,Credit Card,Returned
3411,18,65,2025-10-15,2,57459,114918,Cash on Delivery,Cancelled
3412,439,312,2025-01-23,4,80647,322588,Net Banking,Cancelled
3413,366,159,2025-09-15,4,61481,245924,UPI,Cancelled
3414,584,130,2026-02-20,1,11043,11043,Credit Card,Delivered
3415,403,139,2026-02-08,1,16415,16415,Cash on Delivery,Shipped
3416,925,202,2026-05-18,5,24277,121385,Credit Card,Delivered
3417,576,122,2026-07-24,4,39474,157896,Net Banking,Returned
3418,46,291,2024-08-24,5,17639,88195,Debit Card,Cancelled
3419,76,294,2026-07-06,2,43417,86834,Net Banking,Shipped
3420,248,182,2026-07-12,3,27652,82956,UPI,Returned
3421,20,131,2024-12-09,2,12470,24940,Credit Card,Returned
3422,369,172,2025-06-16,5,88952,444760,UPI,Shipped
3423,961,364,2026-06-12,4,35687,142748,Credit Card,Delivered
3424,473,253,2026-05-08,4,62121,248484,Net Banking,Cancelled
3425,300,376,2024-12-10,4,1336,5344,Net Banking,Shipped
3426,52,344,2026-07-22,1,8067,8067,Debit Card,Returned
3427,83,178,2026-07-11,2,58615,117230,Debit Card,Delivered
3428,186,248,2024-08-24,1,72432,72432,UPI,Cancelled
3429,899,364,2026-05-07,5,35687,178435,Debit Card,Delivered
3430,696,240,2025-05-31,2,50552,101104,Debit Card,Shipped
3431,549,427,2026-03-31,5,15828,79140,UPI,Delivered
3432,211,267,2025-08-15,2,89378,178756,Cash on Delivery,Delivered
3433,246,323,2024-12-18,3,13678,41034,Credit Card,Shipped
3434,554,497,2026-07-24,1,36145,36145,Credit Card,Cancelled
3435,451,256,2026-02-28,1,83302,83302,Cash on Delivery,Delivered
3436,177,242,2026-06-04,5,11493,57465,Net Banking,Delivered
3437,381,336,2026-07-16,1,53638,53638,Debit Card,Delivered
3438,25,162,2025-03-08,3,75463,226389,UPI,Cancelled
3439,599,294,2026-06-07,3,43417,130251,Net Banking,Shipped
3440,681,346,2024-08-25,3,92300,276900,Net Banking,Cancelled
3441,606,150,2024-08-03,2,13569,27138,UPI,Cancelled
3442,495,254,2025-03-15,4,9355,37420,Cash on Delivery,Delivered
3443,903,88,2025-10-11,5,98478,492390,Credit Card,Delivered
3444,339,338,2025-11-07,5,98507,492535,Net Banking,Returned
3445,625,272,2024-10-18,5,28624,143120,UPI,Cancelled
3446,167,387,2026-07-18,2,2552,5104,Credit Card,Returned
3447,30,377,2025-04-13,1,1698,1698,UPI,Shipped
3448,543,370,2025-03-05,2,27124,54248,Credit Card,Shipped
3449,955,238,2025-07-14,5,37846,189230,Cash on Delivery,Cancelled
3450,359,41,2025-12-07,4,39390,157560,Credit Card,Cancelled
3451,715,493,2025-09-21,3,12693,38079,Debit Card,Returned
3452,885,61,2025-09-07,1,29654,29654,Net Banking,Shipped
3453,389,357,2025-08-14,2,40052,80104,Cash on Delivery,Delivered
3454,800,245,2026-06-17,2,4194,8388,Cash on Delivery,Returned
3455,329,151,2026-07-26,1,10307,10307,UPI,Shipped
3456,217,462,2024-11-08,3,13668,41004,Cash on Delivery,Delivered
3457,112,1,2026-05-19,4,55802,223208,UPI,Returned
3458,449,227,2025-08-22,3,58095,174285,Credit Card,Cancelled
3459,96,21,2025-07-25,2,14447,28894,UPI,Cancelled
3460,120,146,2025-02-23,5,63983,319915,Debit Card,Cancelled
3461,96,130,2024-12-23,1,11043,11043,UPI,Shipped
3462,782,140,2026-04-16,4,72699,290796,Debit Card,Returned
3463,616,444,2024-10-22,3,76184,228552,Net Banking,Shipped
3464,279,476,2025-04-09,1,2160,2160,Cash on Delivery,Returned
3465,663,279,2024-11-30,1,75853,75853,Debit Card,Cancelled
3466,232,53,2026-02-14,4,12597,50388,Net Banking,Shipped
3467,151,268,2025-07-18,4,47967,191868,Debit Card,Cancelled
3468,425,36,2025-12-12,3,10380,31140,UPI,Returned
3469,869,460,2025-02-11,5,74331,371655,Net Banking,Cancelled
3470,418,64,2026-02-05,1,34737,34737,Cash on Delivery,Delivered
3471,41,42,2024-12-18,2,7072,14144,Cash on Delivery,Delivered
3472,642,225,2024-08-06,2,79799,159598,UPI,Cancelled
3473,326,45,2026-02-19,4,86663,346652,Credit Card,Returned
3474,692,433,2025-04-14,1,4544,4544,Credit Card,Returned
3475,620,408,2026-04-02,4,57969,231876,UPI,Cancelled
3476,241,125,2025-03-13,4,4778,19112,Net Banking,Returned
3477,119,454,2025-10-11,1,82499,82499,UPI,Shipped
3478,198,438,2026-01-01,1,28009,28009,Net Banking,Returned
3479,23,463,2026-03-07,2,41722,83444,Net Banking,Cancelled
3480,984,359,2024-12-24,1,65462,65462,Debit Card,Cancelled
3481,667,466,2024-12-10,5,31870,159350,Net Banking,Shipped
3482,74,313,2025-11-13,4,27676,110704,UPI,Cancelled
3483,768,131,2026-05-22,4,12470,49880,UPI,Shipped
3484,552,247,2025-12-05,4,81154,324616,Credit Card,Shipped
3485,421,280,2026-06-23,3,89643,268929,Cash on Delivery,Delivered
3486,244,491,2025-06-06,5,691,3455,Net Banking,Delivered
3487,56,271,2026-04-30,3,68361,205083,Net Banking,Returned
3488,873,88,2025-06-24,2,98478,196956,UPI,Shipped
3489,344,450,2025-08-31,1,82574,82574,Net Banking,Cancelled
3490,696,494,2025-04-07,3,98528,295584,Credit Card,Delivered
3491,727,348,2024-10-02,2,59290,118580,UPI,Cancelled
3492,1000,137,2025-06-03,4,61052,244208,UPI,Cancelled
3493,261,33,2025-12-28,4,54383,217532,Net Banking,Shipped
3494,655,404,2024-10-09,3,79564,238692,Credit Card,Delivered
3495,330,326,2024-12-17,1,23540,23540,Net Banking,Cancelled
3496,186,92,2024-11-13,3,24319,72957,Credit Card,Shipped
3497,61,90,2025-08-01,3,61761,185283,Net Banking,Returned
3498,335,380,2025-04-04,4,13124,52496,Cash on Delivery,Shipped
3499,982,235,2026-07-23,4,67043,268172,Debit Card,Returned
3500,474,207,2025-02-04,1,99451,99451,Cash on Delivery,Shipped
3501,213,333,2024-08-01,1,42915,42915,Cash on Delivery,Shipped
3502,799,49,2025-02-14,3,37853,113559,Debit Card,Delivered
3503,514,240,2025-05-20,2,50552,101104,Net Banking,Shipped
3504,628,396,2025-01-25,4,13899,55596,Debit Card,Delivered
3505,883,117,2025-07-08,4,2107,8428,Debit Card,Delivered
3506,191,171,2026-03-04,4,48811,195244,Credit Card,Returned
3507,937,221,2025-02-19,5,9450,47250,UPI,Delivered
3508,284,374,2025-04-09,2,22550,45100,Credit Card,Returned
3509,14,438,2025-03-18,5,28009,140045,Credit Card,Returned
3510,225,61,2025-10-22,2,29654,59308,Debit Card,Shipped
3511,815,344,2026-02-08,2,8067,16134,Cash on Delivery,Delivered
3512,746,183,2025-10-14,3,871,2613,Debit Card,Delivered
3513,999,33,2024-08-04,3,54383,163149,Debit Card,Delivered
3514,970,195,2025-02-15,4,9299,37196,Net Banking,Returned
3515,256,405,2025-12-16,4,42330,169320,Debit Card,Cancelled
3516,62,194,2025-05-02,5,41466,207330,Net Banking,Cancelled
3517,817,115,2026-01-16,1,39329,39329,Credit Card,Returned
3518,221,247,2025-01-26,4,81154,324616,Debit Card,Shipped
3519,207,366,2024-09-13,5,40239,201195,Cash on Delivery,Shipped
3520,850,221,2025-12-27,5,9450,47250,Net Banking,Returned
3521,446,144,2024-10-26,3,45048,135144,Net Banking,Cancelled
3522,969,58,2025-07-23,5,73885,369425,UPI,Delivered
3523,274,314,2025-03-22,1,60749,60749,UPI,Delivered
3524,801,405,2024-11-28,5,42330,211650,Net Banking,Delivered
3525,937,441,2025-06-06,4,35541,142164,Cash on Delivery,Delivered
3526,647,180,2026-01-10,4,12515,50060,Cash on Delivery,Delivered
3527,208,357,2025-08-21,3,40052,120156,Net Banking,Shipped
3528,293,262,2026-07-13,2,10845,21690,Net Banking,Returned
3529,674,151,2026-06-22,1,10307,10307,Credit Card,Returned
3530,318,117,2026-06-16,1,2107,2107,Debit Card,Returned
3531,110,453,2026-01-24,4,11303,45212,Net Banking,Delivered
3532,603,475,2026-03-16,3,15702,47106,Credit Card,Cancelled
3533,991,439,2025-03-25,3,81260,243780,Debit Card,Cancelled
3534,180,222,2026-01-14,4,66997,267988,Credit Card,Delivered
3535,173,65,2024-10-26,4,57459,229836,UPI,Delivered
3536,387,316,2025-12-05,1,38380,38380,Credit Card,Cancelled
3537,553,68,2026-07-08,5,9671,48355,Cash on Delivery,Cancelled
3538,456,133,2026-07-27,3,77220,231660,Credit Card,Returned
3539,658,493,2025-03-13,2,12693,25386,Cash on Delivery,Returned
3540,454,399,2025-05-08,2,22716,45432,Cash on Delivery,Returned
3541,201,465,2025-11-16,1,68362,68362,Cash on Delivery,Returned
3542,661,191,2025-01-14,2,70041,140082,Net Banking,Shipped
3543,777,402,2025-01-13,4,14521,58084,Debit Card,Shipped
3544,210,422,2024-11-07,4,1083,4332,Credit Card,Delivered
3545,977,393,2025-08-02,2,39215,78430,Cash on Delivery,Delivered
3546,829,12,2024-11-22,5,30521,152605,Net Banking,Cancelled
3547,202,449,2025-07-15,5,64114,320570,Credit Card,Cancelled
3548,52,96,2026-02-27,2,20473,40946,UPI,Delivered
3549,171,64,2025-11-09,1,34737,34737,Net Banking,Delivered
3550,791,431,2025-05-13,5,50824,254120,Credit Card,Delivered
3551,423,428,2025-06-14,5,18570,92850,Cash on Delivery,Delivered
3552,704,172,2026-01-23,5,88952,444760,Net Banking,Delivered
3553,554,381,2025-09-26,2,52522,105044,Net Banking,Cancelled
3554,537,145,2026-07-05,2,77431,154862,Credit Card,Shipped
3555,313,288,2025-07-27,3,32596,97788,Credit Card,Shipped
3556,979,222,2026-03-07,4,66997,267988,Debit Card,Delivered
3557,956,216,2025-09-17,3,41168,123504,UPI,Shipped
3558,199,282,2026-04-10,1,21729,21729,Cash on Delivery,Delivered
3559,345,187,2025-12-24,1,66539,66539,Net Banking,Delivered
3560,96,250,2026-04-29,1,15030,15030,Credit Card,Cancelled
3561,539,351,2025-01-12,3,88776,266328,Credit Card,Delivered
3562,477,72,2026-03-10,1,80016,80016,Net Banking,Cancelled
3563,314,57,2025-02-04,2,5729,11458,Net Banking,Delivered
3564,689,247,2026-01-06,4,81154,324616,UPI,Returned
3565,194,198,2026-03-05,1,79196,79196,Net Banking,Delivered
3566,955,406,2025-11-01,2,49790,99580,Net Banking,Returned
3567,590,190,2026-06-05,3,17040,51120,Net Banking,Shipped
3568,884,212,2026-03-30,2,97760,195520,Debit Card,Delivered
3569,69,221,2024-09-28,2,9450,18900,Cash on Delivery,Delivered
3570,516,102,2025-09-08,1,64751,64751,Debit Card,Cancelled
3571,60,293,2025-07-08,4,38538,154152,Cash on Delivery,Delivered
3572,247,95,2025-09-10,2,85926,171852,Cash on Delivery,Cancelled
3573,554,141,2026-01-24,1,15896,15896,Credit Card,Delivered
3574,781,246,2025-05-04,5,5520,27600,UPI,Shipped
3575,416,27,2024-09-25,2,88539,177078,Debit Card,Delivered
3576,782,67,2026-07-09,2,71075,142150,UPI,Cancelled
3577,234,11,2025-10-08,2,61089,122178,Credit Card,Delivered
3578,575,255,2024-10-22,2,6311,12622,Debit Card,Cancelled
3579,827,271,2024-09-12,4,68361,273444,Credit Card,Delivered
3580,476,58,2026-05-01,3,73885,221655,Cash on Delivery,Cancelled
3581,465,395,2025-09-25,4,14465,57860,Net Banking,Returned
3582,874,437,2026-06-28,5,59447,297235,Net Banking,Shipped
3583,577,263,2025-08-23,3,10994,32982,Credit Card,Shipped
3584,882,385,2024-12-31,3,6077,18231,Net Banking,Delivered
3585,306,86,2025-10-14,5,27610,138050,Cash on Delivery,Cancelled
3586,888,478,2025-09-16,2,17137,34274,Credit Card,Returned
3587,564,102,2024-11-20,4,64751,259004,Net Banking,Returned
3588,20,214,2024-12-01,5,53588,267940,Debit Card,Cancelled
3589,148,284,2025-04-07,5,81034,405170,UPI,Returned
3590,55,253,2026-05-21,4,62121,248484,Credit Card,Cancelled
3591,578,454,2025-09-04,3,82499,247497,UPI,Returned
3592,53,238,2025-07-05,2,37846,75692,UPI,Cancelled
3593,395,184,2024-10-25,5,87146,435730,Net Banking,Cancelled
3594,368,266,2026-01-06,5,67751,338755,Cash on Delivery,Cancelled
3595,801,140,2025-01-02,4,72699,290796,UPI,Delivered
3596,510,418,2026-02-03,2,6356,12712,Debit Card,Returned
3597,569,76,2025-10-22,2,80620,161240,Debit Card,Shipped
3598,461,340,2025-08-10,1,92744,92744,Credit Card,Cancelled
3599,414,424,2024-10-05,3,69668,209004,Credit Card,Cancelled
3600,899,328,2026-06-25,1,60052,60052,UPI,Cancelled
3601,579,169,2025-08-27,1,61885,61885,Debit Card,Shipped
3602,220,91,2025-07-08,4,74475,297900,Cash on Delivery,Cancelled
3603,827,5,2026-04-16,2,50297,100594,Cash on Delivery,Delivered
3604,870,303,2024-09-08,4,94031,376124,Debit Card,Shipped
3605,423,428,2025-07-14,5,18570,92850,Credit Card,Delivered
3606,759,161,2024-11-06,5,40099,200495,Debit Card,Delivered
3607,937,274,2025-08-29,5,88035,440175,Net Banking,Returned
3608,912,436,2025-06-14,3,29144,87432,Debit Card,Shipped
3609,842,416,2025-07-16,2,41380,82760,UPI,Returned
3610,395,397,2025-10-08,4,3942,15768,UPI,Cancelled
3611,45,276,2024-09-09,4,29891,119564,UPI,Delivered
3612,475,416,2025-10-04,4,41380,165520,Credit Card,Cancelled
3613,649,189,2025-07-21,5,93875,469375,Net Banking,Shipped
3614,447,216,2025-12-31,5,41168,205840,UPI,Cancelled
3615,867,353,2026-04-14,1,81099,81099,Cash on Delivery,Delivered
3616,567,362,2025-03-23,4,73544,294176,Debit Card,Shipped
3617,482,46,2026-02-08,4,31785,127140,UPI,Delivered
3618,30,294,2024-08-12,3,43417,130251,UPI,Delivered
3619,315,22,2025-05-30,4,21674,86696,UPI,Returned
3620,105,418,2025-02-09,3,6356,19068,Debit Card,Cancelled
3621,695,50,2026-04-22,3,39740,119220,Net Banking,Delivered
3622,343,85,2024-07-29,5,8918,44590,Debit Card,Returned
3623,763,405,2026-02-26,5,42330,211650,UPI,Returned
3624,451,427,2025-01-12,3,15828,47484,Net Banking,Returned
3625,477,380,2025-10-19,1,13124,13124,Debit Card,Delivered
3626,588,472,2024-09-21,1,41120,41120,Credit Card,Delivered
3627,112,212,2024-08-31,1,97760,97760,Credit Card,Delivered
3628,643,483,2025-06-21,3,48207,144621,Net Banking,Shipped
3629,449,459,2025-04-20,2,50664,101328,UPI,Shipped
3630,497,74,2026-01-22,3,68061,204183,Cash on Delivery,Delivered
3631,604,117,2024-09-14,1,2107,2107,Debit Card,Delivered
3632,718,406,2025-09-20,1,49790,49790,UPI,Cancelled
3633,242,237,2024-09-11,1,6226,6226,Debit Card,Cancelled
3634,730,111,2026-07-22,5,70088,350440,Net Banking,Cancelled
3635,808,430,2026-06-21,2,7526,15052,Credit Card,Returned
3636,281,95,2024-09-18,1,85926,85926,Credit Card,Cancelled
3637,803,392,2026-07-22,2,49707,99414,Cash on Delivery,Returned
3638,193,72,2025-07-28,4,80016,320064,UPI,Shipped
3639,694,320,2024-08-20,5,98455,492275,Net Banking,Returned
3640,444,439,2025-03-06,3,81260,243780,Debit Card,Returned
3641,443,250,2025-06-09,2,15030,30060,UPI,Cancelled
3642,388,97,2024-12-13,3,92180,276540,UPI,Cancelled
3643,135,1,2026-03-16,5,55802,279010,Credit Card,Shipped
3644,386,168,2024-11-09,1,34181,34181,UPI,Returned
3645,714,327,2026-03-13,1,5410,5410,Credit Card,Delivered
3646,873,228,2025-12-07,2,51279,102558,Net Banking,Returned
3647,975,15,2026-02-13,2,32825,65650,Net Banking,Delivered
3648,316,488,2025-12-10,3,38719,116157,Credit Card,Cancelled
3649,560,417,2025-06-18,3,13295,39885,Net Banking,Shipped
3650,441,223,2025-05-13,5,38127,190635,UPI,Shipped
3651,592,430,2026-06-19,2,7526,15052,Debit Card,Returned
3652,388,160,2025-05-20,4,45793,183172,Cash on Delivery,Shipped
3653,907,478,2025-07-10,4,17137,68548,Credit Card,Delivered
3654,886,461,2026-06-02,3,82823,248469,Net Banking,Shipped
3655,369,492,2026-07-09,3,69943,209829,Cash on Delivery,Delivered
3656,172,139,2026-07-01,2,16415,32830,Net Banking,Delivered
3657,127,292,2025-05-16,1,61641,61641,Credit Card,Delivered
3658,496,7,2025-05-14,4,47900,191600,Credit Card,Cancelled
3659,94,139,2024-09-27,1,16415,16415,Net Banking,Returned
3660,381,414,2026-01-08,3,49536,148608,Debit Card,Delivered
3661,486,325,2025-12-23,5,12225,61125,UPI,Cancelled
3662,564,289,2026-06-06,4,90757,363028,Credit Card,Shipped
3663,157,222,2025-09-18,4,66997,267988,Cash on Delivery,Returned
3664,715,167,2024-11-07,5,98473,492365,Debit Card,Delivered
3665,417,298,2025-12-16,4,1571,6284,Debit Card,Cancelled
3666,348,484,2026-05-26,1,42679,42679,UPI,Returned
3667,836,467,2025-04-23,4,2081,8324,Credit Card,Cancelled
3668,445,367,2024-10-27,2,32297,64594,Net Banking,Shipped
3669,88,345,2024-12-12,5,895,4475,Debit Card,Returned
3670,410,332,2025-09-17,5,43482,217410,Net Banking,Delivered
3671,884,453,2025-05-28,1,11303,11303,Credit Card,Delivered
3672,777,287,2025-09-10,2,55102,110204,UPI,Delivered
3673,253,325,2024-11-02,1,12225,12225,Cash on Delivery,Cancelled
3674,75,38,2026-02-12,2,64153,128306,UPI,Delivered
3675,102,213,2025-01-15,3,56767,170301,Credit Card,Returned
3676,957,347,2026-05-06,4,54091,216364,Net Banking,Delivered
3677,586,80,2024-07-29,2,73759,147518,Debit Card,Returned
3678,146,291,2026-03-06,2,17639,35278,Credit Card,Shipped
3679,672,23,2024-08-13,3,3052,9156,Debit Card,Cancelled
3680,718,23,2025-03-15,1,3052,3052,UPI,Shipped
3681,466,319,2025-07-21,5,6013,30065,Cash on Delivery,Returned
3682,646,186,2026-01-01,3,15396,46188,Credit Card,Shipped
3683,990,301,2026-02-05,3,13172,39516,UPI,Shipped
3684,540,238,2025-09-22,2,37846,75692,Debit Card,Returned
3685,244,406,2025-06-21,2,49790,99580,UPI,Returned
3686,208,435,2025-09-13,4,15469,61876,Debit Card,Delivered
3687,119,160,2025-05-17,2,45793,91586,Debit Card,Delivered
3688,293,194,2026-04-27,2,41466,82932,UPI,Cancelled
3689,831,87,2025-01-21,4,1272,5088,Cash on Delivery,Delivered
3690,917,280,2025-02-04,4,89643,358572,Credit Card,Returned
3691,94,491,2025-07-19,1,691,691,UPI,Delivered
3692,758,155,2025-04-21,5,4294,21470,Debit Card,Shipped
3693,986,441,2024-11-24,5,35541,177705,Cash on Delivery,Shipped
3694,728,162,2025-02-26,2,75463,150926,UPI,Delivered
3695,548,290,2024-12-20,3,45089,135267,Debit Card,Returned
3696,754,33,2026-07-25,4,54383,217532,Debit Card,Cancelled
3697,61,62,2026-06-06,4,29719,118876,Debit Card,Cancelled
3698,377,148,2026-02-10,4,6220,24880,UPI,Cancelled
3699,357,233,2026-03-13,3,47925,143775,Debit Card,Returned
3700,887,321,2024-10-22,1,14816,14816,Debit Card,Delivered
3701,401,48,2024-08-21,2,28438,56876,Net Banking,Shipped
3702,244,181,2026-04-16,2,32425,64850,Debit Card,Returned
3703,580,445,2025-12-21,1,83550,83550,Credit Card,Returned
3704,408,498,2025-06-17,3,14348,43044,Credit Card,Delivered
3705,553,196,2025-11-16,2,17554,35108,Net Banking,Delivered
3706,343,296,2026-03-14,3,52043,156129,Cash on Delivery,Returned
3707,990,413,2026-07-24,5,56920,284600,Credit Card,Cancelled
3708,698,122,2026-06-13,3,39474,118422,Debit Card,Returned
3709,617,26,2026-06-17,5,80007,400035,Net Banking,Cancelled
3710,937,159,2024-08-08,3,61481,184443,Credit Card,Delivered
3711,929,243,2025-01-29,5,29602,148010,Cash on Delivery,Cancelled
3712,655,390,2025-01-03,5,57790,288950,UPI,Returned
3713,115,341,2024-09-17,4,66755,267020,Cash on Delivery,Cancelled
3714,821,196,2024-10-13,3,17554,52662,UPI,Delivered
3715,350,18,2025-10-31,4,50519,202076,Credit Card,Returned
3716,658,144,2024-08-22,2,45048,90096,Cash on Delivery,Cancelled
3717,202,273,2025-07-08,5,18290,91450,Cash on Delivery,Shipped
3718,728,60,2025-11-03,3,35470,106410,Net Banking,Cancelled
3719,265,291,2025-12-30,1,17639,17639,Debit Card,Delivered
3720,946,404,2026-01-24,4,79564,318256,UPI,Shipped
3721,567,24,2026-06-04,3,74864,224592,Cash on Delivery,Delivered
3722,284,421,2024-09-02,1,52349,52349,Net Banking,Cancelled
3723,3,54,2025-02-02,1,17646,17646,Net Banking,Cancelled
3724,878,421,2026-02-22,1,52349,52349,UPI,Cancelled
3725,289,106,2024-08-30,2,4261,8522,Debit Card,Cancelled
3726,63,378,2025-06-04,5,2561,12805,Cash on Delivery,Shipped
3727,121,332,2025-07-02,1,43482,43482,Debit Card,Shipped
3728,287,345,2025-01-25,2,895,1790,Net Banking,Delivered
3729,283,400,2025-09-19,3,22416,67248,Credit Card,Delivered
3730,59,446,2025-01-11,4,60097,240388,Debit Card,Shipped
3731,297,283,2026-03-04,4,33347,133388,Net Banking,Returned
3732,327,482,2026-05-28,1,836,836,Debit Card,Cancelled
3733,725,464,2026-03-21,5,79274,396370,Debit Card,Shipped
3734,629,8,2024-09-08,5,10958,54790,Net Banking,Cancelled
3735,870,336,2024-11-12,5,53638,268190,Credit Card,Shipped
3736,185,127,2025-08-22,3,71876,215628,Credit Card,Returned
3737,36,350,2025-03-08,5,17191,85955,Credit Card,Cancelled
3738,664,103,2025-01-24,3,23586,70758,UPI,Cancelled
3739,255,221,2026-04-21,5,9450,47250,Net Banking,Shipped
3740,997,21,2026-07-08,4,14447,57788,Net Banking,Delivered
3741,106,479,2026-02-15,2,56772,113544,Cash on Delivery,Returned
3742,240,201,2025-10-17,3,24147,72441,Cash on Delivery,Cancelled
3743,88,91,2025-03-31,4,74475,297900,Debit Card,Returned
3744,753,223,2025-10-18,4,38127,152508,Net Banking,Returned
3745,775,169,2025-11-03,4,61885,247540,UPI,Delivered
3746,917,134,2026-03-19,4,54023,216092,UPI,Shipped
3747,29,337,2025-12-31,5,48674,243370,Debit Card,Shipped
3748,250,387,2026-04-23,5,2552,12760,Cash on Delivery,Cancelled
3749,525,374,2025-04-02,2,22550,45100,Cash on Delivery,Cancelled
3750,553,487,2025-01-27,1,41223,41223,Net Banking,Shipped
3751,841,463,2025-03-18,4,41722,166888,UPI,Returned
3752,111,227,2026-06-07,5,58095,290475,Net Banking,Delivered
3753,802,473,2024-11-15,1,77365,77365,UPI,Cancelled
3754,777,328,2025-12-21,1,60052,60052,Debit Card,Delivered
3755,556,90,2025-09-04,3,61761,185283,Cash on Delivery,Returned
3756,137,280,2025-01-14,3,89643,268929,UPI,Delivered
3757,188,206,2025-06-13,5,87261,436305,Cash on Delivery,Delivered
3758,643,313,2025-03-17,2,27676,55352,Cash on Delivery,Shipped
3759,139,347,2025-02-25,5,54091,270455,Net Banking,Shipped
3760,102,94,2024-09-12,2,62144,124288,Credit Card,Cancelled
3761,431,447,2025-10-02,3,83709,251127,UPI,Returned
3762,791,481,2025-10-29,5,33938,169690,Credit Card,Delivered
3763,590,197,2026-06-10,1,46846,46846,UPI,Shipped
3764,411,397,2026-02-18,5,3942,19710,UPI,Delivered
3765,145,42,2026-07-05,2,7072,14144,Credit Card,Delivered
3766,125,423,2024-12-10,4,25005,100020,UPI,Returned
3767,122,285,2025-11-25,4,86841,347364,UPI,Delivered
3768,587,116,2026-01-05,3,6465,19395,Net Banking,Returned
3769,697,423,2025-06-23,2,25005,50010,Credit Card,Cancelled
3770,611,312,2025-10-01,5,80647,403235,Net Banking,Delivered
3771,537,271,2025-08-15,4,68361,273444,Credit Card,Delivered
3772,756,146,2024-09-01,2,63983,127966,Credit Card,Shipped
3773,847,48,2025-04-20,2,28438,56876,Cash on Delivery,Shipped
3774,692,270,2025-12-08,4,41707,166828,Net Banking,Cancelled
3775,426,324,2025-12-30,3,63080,189240,UPI,Returned
3776,537,158,2025-05-19,3,19258,57774,Debit Card,Returned
3777,730,98,2026-03-29,4,14668,58672,UPI,Returned
3778,673,295,2025-09-07,4,67966,271864,Net Banking,Shipped
3779,884,72,2025-03-31,1,80016,80016,Debit Card,Returned
3780,837,149,2026-01-18,1,65423,65423,Cash on Delivery,Returned
3781,720,104,2025-06-15,1,57591,57591,Cash on Delivery,Cancelled
3782,354,232,2025-06-09,1,49872,49872,Cash on Delivery,Returned
3783,932,100,2024-11-19,1,90187,90187,Debit Card,Shipped
3784,130,114,2025-03-16,4,97310,389240,Net Banking,Cancelled
3785,575,25,2025-05-15,1,16983,16983,Credit Card,Cancelled
3786,200,438,2024-12-16,5,28009,140045,Cash on Delivery,Shipped
3787,80,116,2026-03-04,3,6465,19395,Cash on Delivery,Returned
3788,478,480,2025-09-17,5,67449,337245,UPI,Shipped
3789,998,109,2025-07-29,2,85159,170318,Debit Card,Cancelled
3790,813,351,2025-01-30,4,88776,355104,Credit Card,Cancelled
3791,597,322,2026-05-17,3,30079,90237,Net Banking,Delivered
3792,710,218,2025-01-18,4,31468,125872,Net Banking,Returned
3793,219,470,2025-03-17,5,66902,334510,Credit Card,Cancelled
3794,303,375,2026-05-24,2,71558,143116,Debit Card,Cancelled
3795,738,427,2026-01-27,5,15828,79140,Cash on Delivery,Returned
3796,265,8,2024-11-16,1,10958,10958,UPI,Delivered
3797,838,254,2026-04-13,2,9355,18710,Credit Card,Delivered
3798,810,485,2025-07-21,1,75412,75412,Net Banking,Returned
3799,45,103,2026-07-07,3,23586,70758,Credit Card,Shipped
3800,845,414,2024-09-09,1,49536,49536,Credit Card,Returned
3801,589,34,2025-10-06,4,95948,383792,UPI,Delivered
3802,755,211,2025-06-12,5,50334,251670,Debit Card,Delivered
3803,311,350,2025-06-15,1,17191,17191,UPI,Returned
3804,162,201,2025-10-02,3,24147,72441,Cash on Delivery,Delivered
3805,696,24,2025-09-11,2,74864,149728,Debit Card,Delivered
3806,322,108,2024-11-08,4,25542,102168,Net Banking,Shipped
3807,535,23,2025-05-24,5,3052,15260,Cash on Delivery,Shipped
3808,539,270,2025-01-31,2,41707,83414,Debit Card,Returned
3809,287,447,2025-02-10,4,83709,334836,Debit Card,Shipped
3810,973,328,2024-12-31,2,60052,120104,Credit Card,Returned
3811,663,93,2025-04-09,5,44736,223680,Credit Card,Delivered
3812,787,270,2025-12-11,5,41707,208535,UPI,Delivered
3813,382,364,2024-09-26,2,35687,71374,UPI,Shipped
3814,571,12,2026-07-13,1,30521,30521,Debit Card,Returned
3815,140,12,2025-07-11,5,30521,152605,Cash on Delivery,Delivered
3816,699,30,2026-05-15,3,9787,29361,Credit Card,Returned
3817,331,99,2025-05-11,2,10461,20922,Credit Card,Returned
3818,304,73,2024-10-06,5,62521,312605,Debit Card,Cancelled
3819,136,177,2025-09-16,5,81194,405970,Cash on Delivery,Shipped
3820,983,101,2026-02-09,1,56648,56648,Net Banking,Returned
3821,229,302,2026-05-02,4,79466,317864,UPI,Delivered
3822,964,183,2024-12-21,2,871,1742,Cash on Delivery,Cancelled
3823,544,82,2024-09-05,1,84079,84079,UPI,Returned
3824,163,96,2025-02-20,2,20473,40946,UPI,Cancelled
3825,599,265,2025-05-15,1,84316,84316,Credit Card,Cancelled
3826,20,178,2026-01-01,3,58615,175845,Net Banking,Cancelled
3827,888,284,2025-11-08,1,81034,81034,Credit Card,Cancelled
3828,796,438,2025-11-07,1,28009,28009,Cash on Delivery,Shipped
3829,612,313,2024-08-26,5,27676,138380,Cash on Delivery,Cancelled
3830,665,456,2026-06-05,4,30147,120588,Cash on Delivery,Delivered
3831,465,57,2024-09-21,5,5729,28645,UPI,Returned
3832,90,346,2024-12-20,3,92300,276900,UPI,Delivered
3833,840,444,2026-04-12,3,76184,228552,Net Banking,Cancelled
3834,327,460,2026-03-10,2,74331,148662,Debit Card,Delivered
3835,220,224,2025-10-26,2,73155,146310,Credit Card,Cancelled
3836,551,362,2026-02-09,1,73544,73544,Credit Card,Returned
3837,584,475,2025-12-30,1,15702,15702,Cash on Delivery,Delivered
3838,589,394,2025-10-04,3,50307,150921,UPI,Returned
3839,883,156,2025-01-11,5,56950,284750,Cash on Delivery,Delivered
3840,655,262,2025-08-03,5,10845,54225,Net Banking,Shipped
3841,25,19,2025-01-05,3,89853,269559,UPI,Delivered
3842,250,294,2026-06-02,1,43417,43417,Net Banking,Shipped
3843,261,111,2026-07-01,3,70088,210264,Net Banking,Returned
3844,872,302,2025-04-11,3,79466,238398,Credit Card,Delivered
3845,50,317,2025-03-19,1,46218,46218,UPI,Shipped
3846,910,499,2026-07-03,5,47461,237305,Cash on Delivery,Returned
3847,432,254,2024-08-07,1,9355,9355,Cash on Delivery,Returned
3848,200,242,2025-01-07,1,11493,11493,Net Banking,Returned
3849,163,265,2026-07-24,2,84316,168632,Net Banking,Returned
3850,490,122,2024-12-21,5,39474,197370,Credit Card,Delivered
3851,473,475,2026-02-22,4,15702,62808,UPI,Cancelled
3852,58,364,2024-10-26,3,35687,107061,Credit Card,Cancelled
3853,536,260,2026-02-27,4,48737,194948,UPI,Shipped
3854,375,330,2026-03-04,2,85472,170944,UPI,Delivered
3855,54,95,2025-08-02,2,85926,171852,Net Banking,Delivered
3856,571,364,2026-07-07,1,35687,35687,Credit Card,Delivered
3857,379,388,2025-01-31,1,21792,21792,UPI,Shipped
3858,158,450,2026-01-18,4,82574,330296,Credit Card,Cancelled
3859,812,297,2025-11-08,1,7124,7124,Debit Card,Cancelled
3860,276,311,2026-01-24,5,41616,208080,Credit Card,Cancelled
3861,18,339,2025-01-01,2,89673,179346,Cash on Delivery,Returned
3862,319,191,2025-05-31,4,70041,280164,UPI,Delivered
3863,916,127,2026-07-07,1,71876,71876,Debit Card,Shipped
3864,837,359,2025-01-28,4,65462,261848,Debit Card,Shipped
3865,541,429,2025-09-28,4,22371,89484,Debit Card,Cancelled
3866,736,47,2025-04-02,5,99048,495240,Debit Card,Shipped
3867,611,350,2026-03-21,5,17191,85955,Debit Card,Cancelled
3868,501,284,2025-03-03,5,81034,405170,Cash on Delivery,Delivered
3869,96,288,2025-05-18,1,32596,32596,Debit Card,Returned
3870,591,321,2025-07-24,5,14816,74080,Net Banking,Cancelled
3871,495,105,2025-09-14,1,37059,37059,Credit Card,Shipped
3872,138,434,2025-12-12,5,70965,354825,Credit Card,Cancelled
3873,723,269,2025-05-02,5,49260,246300,Credit Card,Delivered
3874,659,409,2025-03-23,3,18742,56226,Credit Card,Delivered
3875,220,68,2025-02-15,2,9671,19342,Net Banking,Returned
3876,913,329,2025-05-02,1,61844,61844,UPI,Returned
3877,673,368,2025-08-29,1,42654,42654,Debit Card,Cancelled
3878,641,33,2026-06-12,5,54383,271915,Net Banking,Cancelled
3879,312,332,2025-08-17,1,43482,43482,UPI,Cancelled
3880,48,83,2025-07-23,5,58154,290770,Net Banking,Returned
3881,234,16,2024-10-11,1,29246,29246,Net Banking,Returned
3882,851,420,2026-04-11,4,56385,225540,UPI,Shipped
3883,8,487,2026-02-08,2,41223,82446,Net Banking,Shipped
3884,646,235,2025-07-26,4,67043,268172,Cash on Delivery,Delivered
3885,204,48,2026-03-10,3,28438,85314,UPI,Cancelled
3886,930,174,2026-05-10,1,18820,18820,Cash on Delivery,Cancelled
3887,913,256,2025-04-01,3,83302,249906,Cash on Delivery,Shipped
3888,142,57,2026-07-07,1,5729,5729,Debit Card,Returned
3889,215,280,2024-12-31,4,89643,358572,UPI,Delivered
3890,703,119,2025-05-10,5,64954,324770,Net Banking,Cancelled
3891,865,310,2025-03-27,5,4638,23190,Net Banking,Returned
3892,925,247,2025-06-13,5,81154,405770,Cash on Delivery,Cancelled
3893,905,82,2024-08-31,2,84079,168158,Net Banking,Returned
3894,183,320,2025-10-06,2,98455,196910,Credit Card,Delivered
3895,731,488,2026-05-29,3,38719,116157,Debit Card,Delivered
3896,197,346,2025-01-14,2,92300,184600,Cash on Delivery,Cancelled
3897,42,428,2026-02-22,3,18570,55710,Cash on Delivery,Returned
3898,926,467,2024-11-17,1,2081,2081,Cash on Delivery,Cancelled
3899,40,80,2024-08-08,3,73759,221277,Debit Card,Cancelled
3900,786,97,2025-02-14,5,92180,460900,UPI,Delivered
3901,380,455,2025-09-29,3,92735,278205,Cash on Delivery,Cancelled
3902,303,385,2026-07-23,3,6077,18231,Credit Card,Returned
3903,93,7,2025-10-23,4,47900,191600,UPI,Returned
3904,686,125,2025-10-19,1,4778,4778,Net Banking,Delivered
3905,862,94,2026-02-06,3,62144,186432,Net Banking,Shipped
3906,72,452,2025-06-16,4,21337,85348,UPI,Delivered
3907,556,74,2025-03-13,3,68061,204183,Cash on Delivery,Cancelled
3908,278,292,2024-11-22,1,61641,61641,Net Banking,Shipped
3909,850,111,2024-12-26,3,70088,210264,Debit Card,Cancelled
3910,418,177,2025-04-09,4,81194,324776,Credit Card,Shipped
3911,85,383,2025-01-21,2,50210,100420,Credit Card,Delivered
3912,726,66,2025-05-18,2,76074,152148,UPI,Delivered
3913,39,65,2025-10-12,2,57459,114918,Cash on Delivery,Returned
3914,571,437,2026-05-05,5,59447,297235,Debit Card,Delivered
3915,895,147,2025-02-02,5,25227,126135,Credit Card,Delivered
3916,157,381,2025-08-18,3,52522,157566,Debit Card,Delivered
3917,769,133,2025-09-27,3,77220,231660,Cash on Delivery,Delivered
3918,579,426,2025-12-17,5,77854,389270,Credit Card,Cancelled
3919,147,316,2026-01-09,1,38380,38380,UPI,Returned
3920,616,439,2025-04-15,1,81260,81260,Cash on Delivery,Delivered
3921,757,379,2025-02-11,2,95159,190318,Credit Card,Cancelled
3922,159,447,2026-03-11,5,83709,418545,Debit Card,Returned
3923,86,175,2026-04-26,1,31275,31275,Net Banking,Cancelled
3924,279,467,2025-08-10,2,2081,4162,UPI,Cancelled
3925,77,176,2026-02-09,5,55435,277175,Debit Card,Cancelled
3926,528,97,2025-12-07,4,92180,368720,Debit Card,Returned
3927,894,121,2026-02-21,3,78635,235905,Cash on Delivery,Delivered
3928,404,268,2025-08-12,2,47967,95934,Debit Card,Delivered
3929,165,377,2025-07-19,3,1698,5094,Credit Card,Delivered
3930,121,55,2024-12-04,1,1767,1767,Cash on Delivery,Shipped
3931,187,347,2026-02-16,3,54091,162273,Cash on Delivery,Cancelled
3932,513,247,2026-04-05,2,81154,162308,Net Banking,Delivered
3933,70,73,2025-04-26,2,62521,125042,Net Banking,Delivered
3934,600,182,2024-12-05,1,27652,27652,Credit Card,Returned
3935,601,146,2024-11-12,5,63983,319915,UPI,Delivered
3936,142,44,2026-02-06,5,16213,81065,Net Banking,Returned
3937,586,322,2025-09-24,3,30079,90237,Debit Card,Shipped
3938,719,237,2025-08-10,5,6226,31130,Debit Card,Shipped
3939,634,201,2024-12-16,3,24147,72441,Credit Card,Cancelled
3940,551,320,2026-07-09,2,98455,196910,Net Banking,Cancelled
3941,589,469,2026-06-17,1,77486,77486,Credit Card,Returned
3942,975,241,2025-09-21,4,7339,29356,Debit Card,Delivered
3943,848,182,2025-12-07,3,27652,82956,Cash on Delivery,Delivered
3944,144,247,2024-09-10,3,81154,243462,Net Banking,Shipped
3945,838,370,2025-09-06,4,27124,108496,Net Banking,Shipped
3946,873,321,2024-08-22,5,14816,74080,Credit Card,Shipped
3947,585,443,2026-05-09,4,19668,78672,Cash on Delivery,Shipped
3948,594,473,2026-05-15,5,77365,386825,Debit Card,Cancelled
3949,173,54,2024-09-22,3,17646,52938,Debit Card,Delivered
3950,435,483,2026-04-23,1,48207,48207,Net Banking,Returned
3951,527,320,2025-12-28,5,98455,492275,Credit Card,Returned
3952,854,450,2024-09-02,2,82574,165148,Credit Card,Returned
3953,158,270,2026-03-12,1,41707,41707,Credit Card,Delivered
3954,614,49,2024-07-31,4,37853,151412,Debit Card,Returned
3955,500,308,2025-06-12,1,86429,86429,Credit Card,Delivered
3956,802,222,2024-11-10,4,66997,267988,UPI,Shipped
3957,529,485,2026-05-12,1,75412,75412,Credit Card,Returned
3958,217,423,2025-11-28,4,25005,100020,Debit Card,Shipped
3959,850,340,2025-01-22,4,92744,370976,Cash on Delivery,Shipped
3960,325,499,2024-09-17,3,47461,142383,UPI,Cancelled
3961,250,26,2026-01-27,3,80007,240021,Cash on Delivery,Delivered
3962,670,406,2024-11-21,1,49790,49790,UPI,Cancelled
3963,740,436,2024-08-03,4,29144,116576,Net Banking,Returned
3964,96,334,2025-01-12,4,99296,397184,Debit Card,Returned
3965,814,410,2025-08-23,2,10194,20388,Credit Card,Delivered
3966,384,433,2025-07-16,2,4544,9088,UPI,Cancelled
3967,190,499,2025-05-12,4,47461,189844,Net Banking,Cancelled
3968,101,373,2024-09-11,4,86300,345200,Credit Card,Cancelled
3969,549,48,2025-11-18,1,28438,28438,Credit Card,Cancelled
3970,189,288,2025-12-04,4,32596,130384,Debit Card,Delivered
3971,473,486,2025-12-26,5,68103,340515,Cash on Delivery,Returned
3972,581,233,2026-07-22,3,47925,143775,Debit Card,Returned
3973,41,488,2025-11-17,3,38719,116157,Credit Card,Shipped
3974,619,238,2026-07-05,1,37846,37846,Credit Card,Returned
3975,684,90,2025-08-06,5,61761,308805,Debit Card,Cancelled
3976,672,206,2025-12-21,1,87261,87261,Debit Card,Cancelled
3977,156,475,2025-08-09,2,15702,31404,UPI,Cancelled
3978,58,201,2024-08-08,3,24147,72441,Net Banking,Returned
3979,99,257,2024-08-01,2,26922,53844,Credit Card,Cancelled
3980,306,252,2025-09-13,3,87580,262740,Cash on Delivery,Delivered
3981,453,268,2025-09-28,2,47967,95934,Debit Card,Shipped
3982,811,107,2025-06-11,1,34362,34362,Credit Card,Shipped
3983,789,487,2024-08-05,1,41223,41223,Cash on Delivery,Delivered
3984,978,115,2024-08-08,5,39329,196645,Cash on Delivery,Shipped
3985,239,419,2025-09-11,1,97557,97557,Net Banking,Delivered
3986,386,414,2026-02-07,3,49536,148608,Credit Card,Cancelled
3987,363,10,2025-02-25,5,92488,462440,Net Banking,Returned
3988,295,345,2025-09-16,5,895,4475,Credit Card,Returned
3989,814,307,2025-03-06,3,77007,231021,UPI,Delivered
3990,700,333,2024-08-09,4,42915,171660,Net Banking,Returned
3991,831,95,2025-08-21,3,85926,257778,UPI,Shipped
3992,105,499,2026-04-19,3,47461,142383,UPI,Cancelled
3993,246,440,2026-01-20,1,37342,37342,Credit Card,Delivered
3994,665,472,2026-01-01,3,41120,123360,Credit Card,Cancelled
3995,753,442,2025-06-26,3,8270,24810,Net Banking,Delivered
3996,861,292,2026-04-14,3,61641,184923,UPI,Returned
3997,228,312,2026-07-26,1,80647,80647,Cash on Delivery,Cancelled
3998,216,216,2026-07-03,2,41168,82336,Cash on Delivery,Delivered
3999,716,452,2024-12-13,1,21337,21337,Credit Card,Shipped
4000,637,18,2024-10-18,5,50519,252595,Net Banking,Shipped
4001,365,38,2026-07-10,2,64153,128306,Debit Card,Returned
4002,738,192,2024-10-09,2,86314,172628,Net Banking,Shipped
4003,37,20,2025-09-07,4,57485,229940,Debit Card,Shipped
4004,442,269,2024-11-19,2,49260,98520,UPI,Shipped
4005,706,414,2025-01-30,1,49536,49536,Net Banking,Delivered
4006,135,34,2024-12-23,4,95948,383792,Cash on Delivery,Shipped
4007,423,86,2025-11-20,2,27610,55220,UPI,Returned
4008,451,25,2025-09-08,3,16983,50949,Cash on Delivery,Returned
4009,355,349,2025-02-08,5,17931,89655,Credit Card,Cancelled
4010,723,380,2026-04-21,4,13124,52496,Cash on Delivery,Shipped
4011,7,371,2025-04-28,3,34680,104040,Credit Card,Cancelled
4012,421,154,2025-02-19,4,13403,53612,Net Banking,Returned
4013,174,185,2026-04-05,5,42937,214685,Debit Card,Returned
4014,288,164,2025-05-31,3,30662,91986,UPI,Shipped
4015,266,271,2024-09-26,1,68361,68361,Debit Card,Returned
4016,723,452,2025-05-12,4,21337,85348,Debit Card,Shipped
4017,606,225,2025-06-07,4,79799,319196,UPI,Shipped
4018,766,440,2025-07-18,4,37342,149368,Debit Card,Delivered
4019,993,8,2025-10-08,3,10958,32874,Net Banking,Shipped
4020,407,438,2025-01-31,4,28009,112036,Net Banking,Returned
4021,519,393,2026-01-19,2,39215,78430,UPI,Cancelled
4022,644,159,2025-01-18,3,61481,184443,Cash on Delivery,Shipped
4023,930,34,2025-03-16,4,95948,383792,UPI,Cancelled
4024,909,64,2026-01-09,3,34737,104211,Debit Card,Returned
4025,981,445,2026-05-01,4,83550,334200,Net Banking,Returned
4026,890,126,2026-05-16,4,35175,140700,Debit Card,Delivered
4027,848,340,2024-09-27,3,92744,278232,Net Banking,Shipped
4028,813,28,2025-12-16,3,29951,89853,UPI,Cancelled
4029,350,478,2026-05-24,4,17137,68548,Net Banking,Shipped
4030,956,209,2025-12-13,5,7680,38400,Credit Card,Shipped
4031,39,296,2026-03-08,1,52043,52043,Cash on Delivery,Cancelled
4032,209,355,2024-08-20,2,53225,106450,Cash on Delivery,Delivered
4033,734,7,2024-10-07,1,47900,47900,Net Banking,Delivered
4034,980,189,2025-06-06,3,93875,281625,Debit Card,Delivered
4035,589,272,2025-05-17,1,28624,28624,Cash on Delivery,Shipped
4036,165,408,2025-05-15,3,57969,173907,Cash on Delivery,Shipped
4037,57,41,2025-09-29,2,39390,78780,Cash on Delivery,Returned
4038,776,290,2025-07-31,2,45089,90178,Debit Card,Shipped
4039,338,499,2024-09-08,3,47461,142383,Debit Card,Returned
4040,846,283,2025-12-03,2,33347,66694,Cash on Delivery,Shipped
4041,402,189,2024-08-03,1,93875,93875,UPI,Delivered
4042,701,280,2026-01-23,5,89643,448215,UPI,Returned
4043,188,200,2024-12-07,4,75748,302992,UPI,Shipped
4044,867,126,2024-09-29,3,35175,105525,Debit Card,Delivered
4045,458,445,2025-08-19,2,83550,167100,Credit Card,Delivered
4046,986,57,2026-05-14,3,5729,17187,UPI,Returned
4047,755,55,2025-06-29,4,1767,7068,Credit Card,Cancelled
4048,950,10,2025-12-09,1,92488,92488,UPI,Delivered
4049,853,298,2026-03-28,5,1571,7855,Net Banking,Delivered
4050,283,138,2025-04-10,1,7264,7264,Cash on Delivery,Shipped
4051,591,360,2025-10-09,1,54011,54011,Cash on Delivery,Returned
4052,789,311,2026-05-24,2,41616,83232,Cash on Delivery,Cancelled
4053,250,363,2024-10-09,3,85265,255795,Net Banking,Delivered
4054,477,481,2026-06-22,3,33938,101814,Debit Card,Returned
4055,961,273,2025-09-10,2,18290,36580,UPI,Cancelled
4056,803,372,2026-07-10,5,26215,131075,Net Banking,Returned
4057,305,254,2024-08-29,3,9355,28065,Net Banking,Delivered
4058,622,363,2025-01-21,2,85265,170530,Net Banking,Cancelled
4059,335,169,2025-01-07,4,61885,247540,Debit Card,Shipped
4060,586,287,2026-06-27,4,55102,220408,UPI,Returned
4061,5,139,2026-06-01,4,16415,65660,Debit Card,Delivered
4062,304,235,2026-01-15,4,67043,268172,Credit Card,Delivered
4063,203,390,2026-06-16,4,57790,231160,Credit Card,Returned
4064,395,211,2025-10-10,3,50334,151002,Net Banking,Delivered
4065,628,482,2025-07-31,3,836,2508,Debit Card,Shipped
4066,274,479,2025-02-22,1,56772,56772,UPI,Shipped
4067,635,167,2024-09-01,2,98473,196946,Net Banking,Shipped
4068,547,359,2026-07-14,1,65462,65462,Credit Card,Returned
4069,88,130,2024-09-22,5,11043,55215,Net Banking,Shipped
4070,151,245,2026-01-09,1,4194,4194,Net Banking,Cancelled
4071,902,312,2026-07-15,4,80647,322588,Debit Card,Cancelled
4072,976,203,2025-03-01,2,97620,195240,UPI,Cancelled
4073,669,63,2026-06-25,5,37085,185425,Cash on Delivery,Returned
4074,573,312,2025-09-21,1,80647,80647,Debit Card,Shipped
4075,509,462,2025-10-07,5,13668,68340,Net Banking,Returned
4076,31,385,2025-12-20,3,6077,18231,Credit Card,Cancelled
4077,519,227,2024-08-21,4,58095,232380,Net Banking,Delivered
4078,814,327,2024-12-13,1,5410,5410,Net Banking,Delivered
4079,958,187,2026-07-18,4,66539,266156,Credit Card,Delivered
4080,759,398,2026-05-18,2,38753,77506,Cash on Delivery,Delivered
4081,933,26,2025-03-28,2,80007,160014,Credit Card,Returned
4082,323,404,2024-08-08,1,79564,79564,UPI,Returned
4083,805,340,2025-01-03,4,92744,370976,Credit Card,Returned
4084,695,128,2025-10-25,2,22247,44494,Cash on Delivery,Returned
4085,348,213,2024-11-15,4,56767,227068,UPI,Cancelled
4086,856,275,2026-03-03,1,93798,93798,Net Banking,Cancelled
4087,314,233,2026-04-25,3,47925,143775,Cash on Delivery,Cancelled
4088,502,415,2026-01-31,5,63777,318885,Debit Card,Shipped
4089,901,165,2026-04-25,2,82845,165690,Debit Card,Shipped
4090,672,83,2025-06-01,5,58154,290770,Debit Card,Cancelled
4091,247,334,2026-07-18,4,99296,397184,Net Banking,Shipped
4092,912,338,2024-09-24,3,98507,295521,Credit Card,Shipped
4093,470,286,2025-03-16,5,11146,55730,Net Banking,Delivered
4094,19,455,2024-11-30,3,92735,278205,Net Banking,Shipped
4095,350,324,2025-10-08,2,63080,126160,Net Banking,Delivered
4096,123,443,2025-01-29,1,19668,19668,Debit Card,Shipped
4097,813,67,2025-10-10,2,71075,142150,UPI,Returned
4098,971,463,2026-05-06,3,41722,125166,UPI,Delivered
4099,761,210,2026-05-17,5,43507,217535,Net Banking,Shipped
4100,434,362,2025-05-25,1,73544,73544,Debit Card,Shipped
4101,360,202,2026-01-03,3,24277,72831,UPI,Shipped
4102,989,290,2026-06-23,3,45089,135267,Debit Card,Returned
4103,95,8,2025-09-19,5,10958,54790,Debit Card,Cancelled
4104,369,369,2025-04-10,5,47639,238195,Net Banking,Cancelled
4105,11,453,2025-05-21,5,11303,56515,Cash on Delivery,Shipped
4106,647,227,2026-03-05,1,58095,58095,Cash on Delivery,Shipped
4107,409,411,2026-02-21,1,5318,5318,Credit Card,Cancelled
4108,784,402,2024-11-12,2,14521,29042,Debit Card,Delivered
4109,905,280,2026-04-01,2,89643,179286,Cash on Delivery,Returned
4110,207,493,2026-01-13,3,12693,38079,Cash on Delivery,Cancelled
4111,568,131,2026-02-09,5,12470,62350,Net Banking,Shipped
4112,631,144,2024-09-25,2,45048,90096,UPI,Shipped
4113,90,297,2025-08-19,2,7124,14248,UPI,Shipped
4114,95,349,2026-02-26,2,17931,35862,Credit Card,Returned
4115,25,203,2025-04-21,1,97620,97620,Debit Card,Delivered
4116,295,353,2024-09-06,1,81099,81099,Credit Card,Returned
4117,967,233,2024-10-10,4,47925,191700,Net Banking,Cancelled
4118,521,332,2025-07-01,3,43482,130446,Cash on Delivery,Delivered
4119,769,280,2025-01-23,2,89643,179286,Cash on Delivery,Returned
4120,159,314,2026-05-09,4,60749,242996,Net Banking,Returned
4121,649,221,2024-09-24,3,9450,28350,Debit Card,Cancelled
4122,864,176,2025-04-17,5,55435,277175,UPI,Shipped
4123,416,6,2025-11-09,2,70784,141568,Debit Card,Shipped
4124,917,456,2026-03-16,4,30147,120588,Cash on Delivery,Returned
4125,381,450,2025-11-15,4,82574,330296,Debit Card,Delivered
4126,955,297,2025-11-01,5,7124,35620,Net Banking,Cancelled
4127,41,58,2025-05-31,2,73885,147770,UPI,Cancelled
4128,992,155,2026-03-19,4,4294,17176,Debit Card,Returned
4129,617,416,2025-04-06,2,41380,82760,Cash on Delivery,Shipped
4130,279,441,2024-08-19,4,35541,142164,Debit Card,Shipped
4131,792,15,2025-12-01,1,32825,32825,Credit Card,Returned
4132,639,142,2025-02-24,3,63742,191226,Cash on Delivery,Shipped
4133,329,416,2026-03-27,1,41380,41380,Cash on Delivery,Cancelled
4134,935,100,2025-07-11,3,90187,270561,UPI,Cancelled
4135,113,139,2025-08-12,3,16415,49245,Cash on Delivery,Delivered
4136,84,325,2025-01-20,5,12225,61125,Debit Card,Delivered
4137,191,291,2025-04-29,3,17639,52917,Net Banking,Returned
4138,708,237,2025-09-29,1,6226,6226,Debit Card,Cancelled
4139,692,170,2025-05-14,1,48442,48442,Cash on Delivery,Delivered
4140,7,431,2025-06-27,4,50824,203296,Cash on Delivery,Returned
4141,983,357,2024-12-18,4,40052,160208,Credit Card,Returned
4142,648,401,2026-01-05,5,33490,167450,UPI,Delivered
4143,210,292,2025-10-25,3,61641,184923,UPI,Shipped
4144,400,186,2025-12-22,2,15396,30792,Credit Card,Delivered
4145,278,391,2025-05-18,4,83615,334460,UPI,Delivered
4146,405,259,2024-10-01,4,38001,152004,UPI,Cancelled
4147,388,246,2026-03-18,1,5520,5520,Cash on Delivery,Cancelled
4148,69,117,2025-11-19,2,2107,4214,Cash on Delivery,Delivered
4149,866,48,2025-03-13,3,28438,85314,Debit Card,Shipped
4150,996,273,2026-04-07,5,18290,91450,Debit Card,Delivered
4151,379,488,2025-02-03,4,38719,154876,Net Banking,Delivered
4152,545,443,2026-01-31,1,19668,19668,Credit Card,Shipped
4153,446,229,2024-09-22,3,43713,131139,UPI,Shipped
4154,536,162,2024-09-28,4,75463,301852,UPI,Cancelled
4155,248,247,2025-02-20,5,81154,405770,Credit Card,Returned
4156,705,485,2024-11-23,2,75412,150824,UPI,Cancelled
4157,815,467,2025-05-18,3,2081,6243,Cash on Delivery,Cancelled
4158,473,415,2026-01-30,1,63777,63777,Debit Card,Returned
4159,52,228,2026-03-27,5,51279,256395,UPI,Returned
4160,497,394,2025-12-01,1,50307,50307,UPI,Delivered
4161,496,446,2024-11-23,2,60097,120194,UPI,Shipped
4162,152,60,2026-02-21,3,35470,106410,Cash on Delivery,Delivered
4163,522,190,2025-05-25,2,17040,34080,UPI,Shipped
4164,538,214,2025-03-29,3,53588,160764,Net Banking,Delivered
4165,377,274,2025-05-03,2,88035,176070,Debit Card,Shipped
4166,329,54,2024-10-17,2,17646,35292,Debit Card,Delivered
4167,448,202,2024-10-06,4,24277,97108,Debit Card,Shipped
4168,352,377,2024-07-31,3,1698,5094,Credit Card,Cancelled
4169,793,148,2025-03-23,4,6220,24880,Credit Card,Shipped
4170,757,155,2025-07-07,3,4294,12882,Credit Card,Shipped
4171,232,372,2025-05-02,3,26215,78645,Debit Card,Returned
4172,459,431,2026-03-10,3,50824,152472,UPI,Returned
4173,707,285,2025-02-21,3,86841,260523,Cash on Delivery,Cancelled
4174,465,180,2024-10-14,3,12515,37545,Cash on Delivery,Returned
4175,83,415,2024-11-06,2,63777,127554,UPI,Returned
4176,711,130,2024-10-02,2,11043,22086,Cash on Delivery,Shipped
4177,351,280,2024-12-19,4,89643,358572,Debit Card,Cancelled
4178,105,146,2025-06-26,2,63983,127966,Debit Card,Cancelled
4179,731,374,2025-07-10,1,22550,22550,Cash on Delivery,Shipped
4180,426,402,2025-10-02,3,14521,43563,Credit Card,Returned
4181,210,183,2025-09-30,3,871,2613,UPI,Delivered
4182,271,455,2025-08-29,5,92735,463675,Credit Card,Returned
4183,336,401,2025-06-08,2,33490,66980,Net Banking,Cancelled
4184,20,311,2024-10-15,3,41616,124848,Cash on Delivery,Returned
4185,970,407,2024-08-16,5,26688,133440,UPI,Cancelled
4186,27,13,2024-10-04,1,28153,28153,Debit Card,Delivered
4187,849,289,2025-04-27,2,90757,181514,Net Banking,Returned
4188,59,109,2025-09-30,3,85159,255477,Debit Card,Delivered
4189,404,112,2024-10-07,2,36009,72018,Debit Card,Cancelled
4190,579,196,2025-11-02,2,17554,35108,Net Banking,Shipped
4191,390,288,2025-11-03,1,32596,32596,Net Banking,Returned
4192,724,190,2026-03-28,5,17040,85200,Cash on Delivery,Returned
4193,467,70,2025-04-04,4,17183,68732,Net Banking,Shipped
4194,933,455,2026-05-28,3,92735,278205,Debit Card,Cancelled
4195,345,483,2025-05-22,4,48207,192828,Net Banking,Cancelled
4196,612,235,2024-08-05,1,67043,67043,Credit Card,Delivered
4197,325,39,2025-03-10,4,782,3128,Net Banking,Cancelled
4198,495,356,2025-06-13,5,38414,192070,Net Banking,Delivered
4199,90,209,2025-05-24,2,7680,15360,Cash on Delivery,Shipped
4200,37,76,2026-03-24,3,80620,241860,Cash on Delivery,Shipped
4201,93,228,2024-09-30,5,51279,256395,Credit Card,Shipped
4202,455,451,2026-02-10,3,60336,181008,UPI,Delivered
4203,424,246,2026-06-26,3,5520,16560,Credit Card,Cancelled
4204,446,240,2025-10-04,4,50552,202208,Net Banking,Shipped
4205,955,256,2026-06-30,4,83302,333208,UPI,Shipped
4206,191,80,2025-01-31,2,73759,147518,Credit Card,Cancelled
4207,692,369,2025-10-14,3,47639,142917,UPI,Shipped
4208,819,366,2025-09-04,2,40239,80478,Credit Card,Returned
4209,40,268,2024-12-05,1,47967,47967,Credit Card,Shipped
4210,615,452,2026-01-10,5,21337,106685,Debit Card,Delivered
4211,220,410,2025-05-18,4,10194,40776,Credit Card,Cancelled
4212,783,424,2024-12-05,1,69668,69668,Net Banking,Returned
4213,916,312,2024-11-11,2,80647,161294,Net Banking,Returned
4214,707,493,2025-02-20,4,12693,50772,Credit Card,Delivered
4215,242,43,2025-03-17,4,11000,44000,Credit Card,Cancelled
4216,909,14,2025-02-20,2,52356,104712,Net Banking,Cancelled
4217,381,87,2025-08-14,3,1272,3816,Net Banking,Returned
4218,865,370,2024-11-17,5,27124,135620,UPI,Cancelled
4219,76,243,2024-09-14,4,29602,118408,Cash on Delivery,Delivered
4220,507,282,2024-12-03,2,21729,43458,Cash on Delivery,Shipped
4221,570,218,2025-06-29,2,31468,62936,Debit Card,Cancelled
4222,669,344,2025-02-26,3,8067,24201,Cash on Delivery,Delivered
4223,46,214,2025-06-19,5,53588,267940,Cash on Delivery,Returned
4224,43,67,2025-03-16,1,71075,71075,Credit Card,Shipped
4225,549,158,2025-08-07,4,19258,77032,Credit Card,Delivered
4226,449,445,2026-03-26,2,83550,167100,Debit Card,Returned
4227,766,492,2024-09-24,1,69943,69943,Debit Card,Returned
4228,111,424,2025-05-03,2,69668,139336,Net Banking,Shipped
4229,327,246,2025-02-07,3,5520,16560,Debit Card,Returned
4230,578,361,2025-02-03,4,39918,159672,UPI,Cancelled
4231,552,31,2026-02-06,4,17842,71368,Credit Card,Shipped
4232,552,334,2025-11-24,4,99296,397184,Cash on Delivery,Delivered
4233,817,452,2025-08-16,4,21337,85348,UPI,Cancelled
4234,564,310,2025-10-31,1,4638,4638,Net Banking,Delivered
4235,221,339,2025-11-17,2,89673,179346,Debit Card,Shipped
4236,174,127,2024-12-25,5,71876,359380,Cash on Delivery,Returned
4237,958,244,2025-07-17,4,52464,209856,UPI,Returned
4238,897,377,2024-10-18,4,1698,6792,Net Banking,Delivered
4239,381,182,2024-11-09,3,27652,82956,Net Banking,Cancelled
4240,60,39,2025-03-20,1,782,782,Cash on Delivery,Returned
4241,120,379,2024-08-01,5,95159,475795,Debit Card,Returned
4242,16,19,2025-05-30,3,89853,269559,Cash on Delivery,Cancelled
4243,682,163,2025-04-11,1,36476,36476,Credit Card,Returned
4244,378,418,2026-05-11,5,6356,31780,Net Banking,Delivered
4245,931,297,2025-11-20,2,7124,14248,UPI,Cancelled
4246,910,277,2025-05-18,5,3945,19725,Debit Card,Shipped
4247,41,102,2026-04-12,5,64751,323755,Cash on Delivery,Returned
4248,317,423,2026-05-27,4,25005,100020,UPI,Returned
4249,597,211,2025-04-08,3,50334,151002,UPI,Delivered
4250,723,85,2025-07-03,4,8918,35672,Net Banking,Cancelled
4251,774,205,2025-04-12,1,20892,20892,Cash on Delivery,Cancelled
4252,846,18,2025-06-26,3,50519,151557,Net Banking,Cancelled
4253,321,449,2026-04-21,3,64114,192342,UPI,Cancelled
4254,517,87,2026-04-27,2,1272,2544,Debit Card,Cancelled
4255,548,223,2026-05-25,4,38127,152508,UPI,Returned
4256,803,111,2025-12-14,3,70088,210264,Debit Card,Delivered
4257,599,275,2025-10-31,5,93798,468990,UPI,Cancelled
4258,405,324,2024-11-09,1,63080,63080,Cash on Delivery,Returned
4259,56,206,2025-03-17,2,87261,174522,Credit Card,Delivered
4260,66,172,2025-04-02,5,88952,444760,UPI,Shipped
4261,915,23,2025-11-07,2,3052,6104,Net Banking,Returned
4262,531,98,2026-01-18,3,14668,44004,Debit Card,Returned
4263,426,33,2024-12-30,5,54383,271915,Credit Card,Returned
4264,754,102,2025-08-03,1,64751,64751,UPI,Cancelled
4265,580,94,2025-03-28,3,62144,186432,UPI,Shipped
4266,176,207,2024-12-11,5,99451,497255,UPI,Returned
4267,757,470,2025-06-01,5,66902,334510,UPI,Cancelled
4268,233,498,2025-03-31,3,14348,43044,Net Banking,Returned
4269,193,186,2025-03-10,1,15396,15396,Credit Card,Cancelled
4270,583,175,2026-02-17,1,31275,31275,Net Banking,Delivered
4271,701,322,2026-01-17,2,30079,60158,Cash on Delivery,Cancelled
4272,493,396,2025-11-30,3,13899,41697,Cash on Delivery,Shipped
4273,488,162,2025-08-12,1,75463,75463,Debit Card,Returned
4274,929,425,2025-10-17,2,15472,30944,Net Banking,Cancelled
4275,773,30,2026-03-26,2,9787,19574,Debit Card,Delivered
4276,865,118,2025-01-31,5,7234,36170,Net Banking,Shipped
4277,173,47,2025-04-06,3,99048,297144,Debit Card,Delivered
4278,266,308,2025-05-15,4,86429,345716,Credit Card,Delivered
4279,413,53,2025-03-01,4,12597,50388,Credit Card,Cancelled
4280,381,199,2026-04-22,3,29892,89676,Net Banking,Cancelled
4281,582,494,2026-03-29,1,98528,98528,Credit Card,Shipped
4282,851,276,2025-05-28,1,29891,29891,Debit Card,Shipped
4283,940,16,2025-05-06,1,29246,29246,Cash on Delivery,Cancelled
4284,450,281,2024-10-23,5,66411,332055,Net Banking,Returned
4285,952,443,2026-07-20,5,19668,98340,Debit Card,Returned
4286,815,292,2025-10-07,4,61641,246564,Cash on Delivery,Delivered
4287,970,240,2024-12-29,3,50552,151656,Debit Card,Cancelled
4288,966,397,2025-10-29,3,3942,11826,Net Banking,Shipped
4289,36,386,2025-09-23,4,10244,40976,Net Banking,Shipped
4290,721,466,2024-12-13,5,31870,159350,Credit Card,Returned
4291,800,17,2026-01-07,3,14871,44613,Net Banking,Delivered
4292,381,107,2026-03-15,5,34362,171810,UPI,Returned
4293,322,119,2025-09-27,5,64954,324770,Debit Card,Delivered
4294,466,363,2024-08-16,2,85265,170530,Cash on Delivery,Cancelled
4295,635,497,2026-02-11,3,36145,108435,Debit Card,Cancelled
4296,566,357,2025-07-20,4,40052,160208,Net Banking,Delivered
4297,5,378,2026-01-28,2,2561,5122,Cash on Delivery,Shipped
4298,267,87,2025-01-05,5,1272,6360,Debit Card,Returned
4299,806,446,2025-07-02,4,60097,240388,UPI,Cancelled
4300,995,140,2026-04-07,5,72699,363495,Net Banking,Shipped
4301,8,381,2025-03-10,4,52522,210088,Cash on Delivery,Shipped
4302,489,350,2026-05-03,4,17191,68764,Cash on Delivery,Delivered
4303,768,46,2026-01-16,1,31785,31785,Net Banking,Shipped
4304,345,405,2024-09-18,2,42330,84660,UPI,Cancelled
4305,315,189,2026-04-24,2,93875,187750,Credit Card,Returned
4306,973,441,2026-05-16,5,35541,177705,Net Banking,Cancelled
4307,61,96,2026-04-06,2,20473,40946,Net Banking,Cancelled
4308,592,388,2026-04-05,3,21792,65376,Debit Card,Delivered
4309,963,353,2025-06-09,3,81099,243297,Cash on Delivery,Returned
4310,819,194,2025-12-31,2,41466,82932,Net Banking,Returned
4311,66,42,2025-08-18,4,7072,28288,Debit Card,Returned
4312,671,53,2024-11-12,2,12597,25194,Credit Card,Returned
4313,213,234,2025-11-30,3,25666,76998,UPI,Cancelled
4314,796,102,2025-03-19,4,64751,259004,Credit Card,Delivered
4315,985,335,2025-01-30,4,91302,365208,Cash on Delivery,Returned
4316,518,433,2025-02-08,4,4544,18176,Net Banking,Shipped
4317,95,161,2025-12-20,1,40099,40099,Cash on Delivery,Shipped
4318,102,31,2024-11-23,2,17842,35684,Cash on Delivery,Delivered
4319,995,35,2026-02-02,5,70792,353960,Cash on Delivery,Returned
4320,528,499,2025-06-20,1,47461,47461,Debit Card,Shipped
4321,623,142,2026-03-31,2,63742,127484,Cash on Delivery,Returned
4322,322,357,2025-05-15,1,40052,40052,Debit Card,Delivered
4323,661,148,2024-09-22,5,6220,31100,Net Banking,Shipped
4324,397,168,2025-07-10,2,34181,68362,Net Banking,Cancelled
4325,340,147,2025-11-03,2,25227,50454,Credit Card,Returned
4326,494,261,2025-08-03,2,24986,49972,Debit Card,Shipped
4327,652,293,2025-10-22,3,38538,115614,UPI,Delivered
4328,242,418,2025-06-03,2,6356,12712,Cash on Delivery,Returned
4329,57,289,2025-09-15,4,90757,363028,Credit Card,Returned
4330,403,158,2025-08-24,2,19258,38516,Credit Card,Returned
4331,236,189,2026-07-14,5,93875,469375,UPI,Cancelled
4332,177,190,2026-07-11,2,17040,34080,Credit Card,Returned
4333,737,309,2026-06-02,1,63473,63473,UPI,Delivered
4334,218,18,2026-01-15,4,50519,202076,Cash on Delivery,Returned
4335,876,267,2025-06-16,4,89378,357512,UPI,Returned
4336,628,368,2025-09-22,3,42654,127962,Cash on Delivery,Delivered
4337,137,115,2024-08-24,5,39329,196645,Cash on Delivery,Delivered
4338,177,374,2026-04-02,4,22550,90200,Net Banking,Delivered
4339,71,273,2025-05-02,3,18290,54870,Net Banking,Delivered
4340,246,266,2026-01-22,3,67751,203253,Net Banking,Returned
4341,676,24,2026-06-22,4,74864,299456,UPI,Delivered
4342,602,251,2026-04-18,2,38677,77354,Debit Card,Delivered
4343,320,226,2025-09-17,2,94126,188252,Debit Card,Returned
4344,328,242,2025-10-31,3,11493,34479,Credit Card,Shipped
4345,339,261,2025-12-04,4,24986,99944,Credit Card,Cancelled
4346,522,265,2026-07-07,1,84316,84316,Debit Card,Delivered
4347,528,19,2024-10-01,4,89853,359412,Net Banking,Shipped
4348,654,408,2024-10-19,3,57969,173907,Debit Card,Cancelled
4349,693,162,2026-03-16,4,75463,301852,Debit Card,Returned
4350,436,456,2025-02-04,3,30147,90441,Cash on Delivery,Cancelled
4351,154,367,2025-12-19,5,32297,161485,UPI,Shipped
4352,166,243,2025-12-25,2,29602,59204,Cash on Delivery,Cancelled
4353,859,145,2025-04-28,1,77431,77431,Credit Card,Cancelled
4354,252,401,2024-12-03,5,33490,167450,Debit Card,Cancelled
4355,1,359,2025-12-11,3,65462,196386,Credit Card,Cancelled
4356,270,4,2025-11-14,4,36921,147684,Net Banking,Cancelled
4357,418,217,2024-08-30,2,83498,166996,Credit Card,Shipped
4358,157,266,2025-10-07,5,67751,338755,Debit Card,Returned
4359,588,389,2025-12-10,3,90849,272547,Credit Card,Delivered
4360,465,193,2026-01-04,2,30449,60898,Cash on Delivery,Cancelled
4361,425,188,2025-12-11,2,8472,16944,Cash on Delivery,Delivered
4362,306,328,2025-06-02,3,60052,180156,Debit Card,Returned
4363,934,421,2026-03-03,4,52349,209396,Cash on Delivery,Shipped
4364,593,174,2025-04-10,3,18820,56460,Credit Card,Cancelled
4365,337,35,2026-04-06,5,70792,353960,Debit Card,Returned
4366,661,229,2025-06-26,4,43713,174852,Credit Card,Returned
4367,742,48,2024-10-17,2,28438,56876,Net Banking,Returned
4368,884,491,2024-08-04,1,691,691,UPI,Cancelled
4369,907,252,2024-10-11,2,87580,175160,Debit Card,Shipped
4370,848,466,2025-02-12,2,31870,63740,Credit Card,Cancelled
4371,115,37,2025-01-15,5,2434,12170,UPI,Shipped
4372,492,440,2025-08-27,3,37342,112026,Net Banking,Returned
4373,379,223,2026-02-27,5,38127,190635,UPI,Shipped
4374,358,120,2025-09-02,2,74272,148544,Debit Card,Delivered
4375,504,219,2025-10-03,4,23718,94872,UPI,Cancelled
4376,16,304,2025-10-20,5,68068,340340,UPI,Cancelled
4377,543,73,2026-01-12,5,62521,312605,Cash on Delivery,Delivered
4378,806,387,2025-10-16,1,2552,2552,Net Banking,Shipped
4379,5,31,2025-01-14,2,17842,35684,Debit Card,Shipped
4380,900,425,2025-07-08,2,15472,30944,Credit Card,Returned
4381,883,314,2025-05-13,2,60749,121498,UPI,Cancelled
4382,356,465,2025-05-26,5,68362,341810,Debit Card,Delivered
4383,467,430,2025-07-21,2,7526,15052,UPI,Shipped
4384,1000,449,2026-03-18,5,64114,320570,Debit Card,Delivered
4385,570,49,2026-01-05,2,37853,75706,Credit Card,Shipped
4386,683,395,2025-10-27,5,14465,72325,Cash on Delivery,Returned
4387,569,316,2026-01-14,4,38380,153520,UPI,Delivered
4388,16,397,2025-08-19,3,3942,11826,UPI,Shipped
4389,802,490,2024-11-21,4,1335,5340,UPI,Returned
4390,100,359,2025-04-20,1,65462,65462,Net Banking,Shipped
4391,565,285,2024-08-15,1,86841,86841,Cash on Delivery,Shipped
4392,967,77,2025-08-05,5,65299,326495,Net Banking,Cancelled
4393,463,273,2024-10-16,5,18290,91450,UPI,Returned
4394,527,188,2025-03-13,1,8472,8472,Net Banking,Shipped
4395,482,161,2025-06-15,5,40099,200495,Cash on Delivery,Returned
4396,609,148,2026-07-12,1,6220,6220,Debit Card,Returned
4397,949,379,2024-10-01,5,95159,475795,Debit Card,Returned
4398,514,465,2024-10-25,2,68362,136724,Debit Card,Returned
4399,775,414,2026-05-03,5,49536,247680,Debit Card,Cancelled
4400,426,273,2026-07-27,3,18290,54870,Cash on Delivery,Shipped
4401,765,219,2026-02-14,3,23718,71154,Debit Card,Cancelled
4402,602,342,2024-11-14,4,58412,233648,UPI,Shipped
4403,408,235,2025-04-23,4,67043,268172,UPI,Cancelled
4404,877,488,2025-03-26,5,38719,193595,Net Banking,Returned
4405,659,334,2025-04-19,2,99296,198592,Credit Card,Delivered
4406,261,103,2025-07-15,4,23586,94344,Debit Card,Delivered
4407,690,121,2026-03-28,4,78635,314540,Debit Card,Shipped
4408,868,183,2025-01-03,2,871,1742,UPI,Shipped
4409,200,250,2025-09-04,2,15030,30060,Debit Card,Cancelled
4410,402,75,2025-08-06,3,29944,89832,Cash on Delivery,Returned
4411,15,94,2025-04-23,1,62144,62144,Debit Card,Shipped
4412,480,158,2025-07-31,5,19258,96290,Credit Card,Cancelled
4413,605,252,2024-10-10,2,87580,175160,Credit Card,Returned
4414,597,459,2025-07-02,2,50664,101328,Credit Card,Shipped
4415,702,143,2026-02-07,3,79061,237183,Cash on Delivery,Returned
4416,351,174,2026-01-19,5,18820,94100,Net Banking,Cancelled
4417,91,389,2025-07-13,2,90849,181698,Debit Card,Returned
4418,31,406,2025-03-31,3,49790,149370,Debit Card,Shipped
4419,843,485,2024-09-17,3,75412,226236,Debit Card,Cancelled
4420,420,401,2025-03-17,3,33490,100470,Net Banking,Cancelled
4421,254,133,2024-08-30,4,77220,308880,Cash on Delivery,Returned
4422,851,169,2026-04-17,4,61885,247540,UPI,Returned
4423,841,45,2026-01-30,1,86663,86663,Net Banking,Cancelled
4424,24,41,2024-10-24,2,39390,78780,Net Banking,Cancelled
4425,126,234,2024-08-13,1,25666,25666,Credit Card,Shipped
4426,501,380,2026-05-17,3,13124,39372,Debit Card,Cancelled
4427,417,280,2025-04-19,1,89643,89643,Debit Card,Returned
4428,838,318,2025-12-12,4,75666,302664,Debit Card,Shipped
4429,109,289,2024-10-19,2,90757,181514,Cash on Delivery,Returned
4430,514,349,2026-01-03,3,17931,53793,UPI,Delivered
4431,864,64,2026-04-09,2,34737,69474,Credit Card,Cancelled
4432,483,240,2024-12-01,4,50552,202208,Cash on Delivery,Returned
4433,725,77,2026-07-19,1,65299,65299,Net Banking,Returned
4434,853,451,2026-02-22,2,60336,120672,Debit Card,Returned
4435,102,4,2025-02-01,1,36921,36921,UPI,Delivered
4436,922,108,2025-08-31,3,25542,76626,Debit Card,Cancelled
4437,729,2,2024-12-09,4,26562,106248,Debit Card,Delivered
4438,69,103,2025-09-28,4,23586,94344,Credit Card,Delivered
4439,461,124,2024-11-28,3,72850,218550,Net Banking,Shipped
4440,953,419,2025-04-10,2,97557,195114,Cash on Delivery,Cancelled
4441,798,45,2025-10-04,5,86663,433315,Credit Card,Delivered
4442,942,249,2025-06-23,4,31647,126588,Credit Card,Cancelled
4443,234,472,2025-07-20,5,41120,205600,Cash on Delivery,Cancelled
4444,923,415,2025-01-23,5,63777,318885,Cash on Delivery,Cancelled
4445,254,292,2026-04-07,1,61641,61641,Credit Card,Delivered
4446,58,488,2025-06-06,3,38719,116157,Debit Card,Returned
4447,824,424,2025-11-28,2,69668,139336,Credit Card,Cancelled
4448,1000,131,2024-12-17,4,12470,49880,Credit Card,Returned
4449,245,230,2024-12-18,3,20209,60627,Debit Card,Shipped
4450,871,37,2025-12-06,3,2434,7302,Debit Card,Delivered
4451,545,384,2025-12-19,2,66017,132034,UPI,Returned
4452,295,247,2025-06-27,4,81154,324616,Net Banking,Returned
4453,653,60,2025-05-30,1,35470,35470,Cash on Delivery,Delivered
4454,302,191,2024-08-18,5,70041,350205,Debit Card,Delivered
4455,991,220,2026-02-19,5,84778,423890,Net Banking,Delivered
4456,514,457,2025-11-15,5,55853,279265,Debit Card,Returned
4457,216,209,2026-06-12,3,7680,23040,Cash on Delivery,Cancelled
4458,515,486,2024-12-27,1,68103,68103,UPI,Delivered
4459,856,89,2025-07-11,5,36274,181370,UPI,Shipped
4460,839,483,2025-10-29,5,48207,241035,UPI,Returned
4461,407,151,2025-06-25,5,10307,51535,Credit Card,Delivered
4462,786,187,2025-05-25,4,66539,266156,Debit Card,Returned
4463,656,358,2024-07-30,4,36564,146256,Credit Card,Cancelled
4464,324,115,2026-01-25,1,39329,39329,Credit Card,Cancelled
4465,303,372,2025-01-09,4,26215,104860,Cash on Delivery,Returned
4466,919,456,2025-01-02,1,30147,30147,Net Banking,Cancelled
4467,196,264,2025-02-28,1,90908,90908,Cash on Delivery,Returned
4468,181,100,2026-03-03,1,90187,90187,UPI,Shipped
4469,459,126,2026-01-24,3,35175,105525,Net Banking,Shipped
4470,229,496,2026-04-16,3,34708,104124,Credit Card,Cancelled
4471,320,329,2026-04-06,5,61844,309220,Net Banking,Shipped
4472,351,140,2024-09-13,5,72699,363495,Debit Card,Shipped
4473,123,161,2025-10-18,2,40099,80198,Credit Card,Shipped
4474,790,56,2024-10-14,3,76850,230550,Credit Card,Delivered
4475,316,477,2026-04-08,1,69051,69051,Cash on Delivery,Delivered
4476,972,67,2026-06-04,2,71075,142150,Cash on Delivery,Cancelled
4477,983,7,2025-09-17,1,47900,47900,Debit Card,Cancelled
4478,412,95,2024-12-19,2,85926,171852,Credit Card,Shipped
4479,283,390,2025-05-07,3,57790,173370,Credit Card,Returned
4480,49,381,2025-04-06,3,52522,157566,Credit Card,Shipped
4481,839,424,2024-12-27,3,69668,209004,UPI,Shipped
4482,650,394,2025-07-17,4,50307,201228,UPI,Returned
4483,70,220,2024-10-23,1,84778,84778,Net Banking,Shipped
4484,832,470,2025-02-15,4,66902,267608,UPI,Returned
4485,50,432,2025-12-29,4,54977,219908,Net Banking,Shipped
4486,368,361,2026-05-28,2,39918,79836,Net Banking,Delivered
4487,54,113,2025-08-11,1,97870,97870,Credit Card,Delivered
4488,648,276,2025-09-09,2,29891,59782,Credit Card,Delivered
4489,13,143,2025-12-05,4,79061,316244,Cash on Delivery,Cancelled
4490,416,445,2025-03-27,3,83550,250650,Net Banking,Shipped
4491,60,404,2025-11-02,2,79564,159128,UPI,Cancelled
4492,877,34,2025-05-24,4,95948,383792,Debit Card,Delivered
4493,885,359,2025-11-13,4,65462,261848,UPI,Delivered
4494,937,329,2025-05-27,4,61844,247376,Net Banking,Returned
4495,648,468,2025-10-25,1,55663,55663,Debit Card,Cancelled
4496,205,10,2024-10-23,3,92488,277464,UPI,Returned
4497,533,165,2025-04-23,3,82845,248535,Credit Card,Delivered
4498,253,190,2025-04-26,4,17040,68160,Net Banking,Delivered
4499,998,16,2026-05-14,3,29246,87738,Debit Card,Delivered
4500,107,136,2025-07-17,2,41724,83448,Credit Card,Shipped
4501,803,320,2025-11-18,5,98455,492275,UPI,Shipped
4502,467,421,2024-12-08,5,52349,261745,Credit Card,Shipped
4503,752,488,2026-04-20,4,38719,154876,UPI,Delivered
4504,885,290,2026-01-01,5,45089,225445,Credit Card,Cancelled
4505,355,475,2026-01-26,3,15702,47106,Cash on Delivery,Returned
4506,173,345,2026-04-09,2,895,1790,Net Banking,Shipped
4507,871,451,2025-03-15,2,60336,120672,Cash on Delivery,Shipped
4508,552,394,2026-07-10,2,50307,100614,Debit Card,Delivered
4509,712,29,2025-11-16,2,9805,19610,UPI,Returned
4510,562,226,2025-10-28,2,94126,188252,Debit Card,Returned
4511,300,190,2024-09-30,3,17040,51120,Debit Card,Cancelled
4512,819,10,2025-12-31,1,92488,92488,UPI,Cancelled
4513,258,453,2024-11-08,1,11303,11303,Net Banking,Delivered
4514,442,335,2025-03-27,2,91302,182604,Net Banking,Delivered
4515,617,3,2024-10-26,5,77736,388680,Net Banking,Shipped
4516,677,256,2025-01-28,2,83302,166604,UPI,Delivered
4517,91,334,2025-03-21,3,99296,297888,Credit Card,Delivered
4518,965,321,2024-10-25,4,14816,59264,UPI,Delivered
4519,107,264,2024-12-16,4,90908,363632,Net Banking,Returned
4520,591,430,2025-05-12,5,7526,37630,Net Banking,Shipped
4521,214,78,2026-01-16,5,29183,145915,UPI,Cancelled
4522,16,340,2024-11-13,4,92744,370976,Net Banking,Cancelled
4523,819,260,2025-08-27,2,48737,97474,Debit Card,Cancelled
4524,140,432,2025-05-24,5,54977,274885,UPI,Returned
4525,845,90,2025-06-16,4,61761,247044,Cash on Delivery,Shipped
4526,233,99,2025-11-02,2,10461,20922,Credit Card,Shipped
4527,707,453,2024-11-11,2,11303,22606,Credit Card,Delivered
4528,916,390,2025-10-16,1,57790,57790,Net Banking,Cancelled
4529,431,498,2025-05-21,5,14348,71740,UPI,Shipped
4530,599,456,2025-06-20,2,30147,60294,Debit Card,Shipped
4531,339,471,2024-12-18,3,11303,33909,Debit Card,Returned
4532,793,467,2025-08-09,5,2081,10405,Cash on Delivery,Cancelled
4533,695,472,2025-12-02,2,41120,82240,Debit Card,Returned
4534,382,323,2025-09-17,3,13678,41034,Credit Card,Delivered
4535,754,435,2026-01-16,4,15469,61876,UPI,Shipped
4536,159,196,2026-07-10,2,17554,35108,UPI,Shipped
4537,512,169,2025-12-10,1,61885,61885,Credit Card,Shipped
4538,78,389,2026-07-19,4,90849,363396,Debit Card,Delivered
4539,647,375,2024-12-08,5,71558,357790,Net Banking,Returned
4540,463,334,2025-10-01,3,99296,297888,Credit Card,Returned
4541,368,270,2024-12-03,4,41707,166828,Credit Card,Returned
4542,831,434,2025-08-11,5,70965,354825,Debit Card,Returned
4543,744,123,2025-03-08,1,82487,82487,Debit Card,Cancelled
4544,157,47,2024-11-12,3,99048,297144,Credit Card,Cancelled
4545,537,390,2024-12-19,3,57790,173370,Net Banking,Returned
4546,327,275,2025-03-28,1,93798,93798,Debit Card,Cancelled
4547,429,204,2026-05-11,1,59960,59960,Debit Card,Returned
4548,84,50,2025-07-12,1,39740,39740,Cash on Delivery,Shipped
4549,704,474,2025-11-20,1,96177,96177,Credit Card,Returned
4550,975,393,2024-09-06,1,39215,39215,UPI,Cancelled
4551,954,12,2026-05-30,2,30521,61042,Debit Card,Cancelled
4552,340,368,2025-05-01,4,42654,170616,Net Banking,Delivered
4553,866,6,2024-08-03,5,70784,353920,Credit Card,Returned
4554,600,280,2025-08-07,5,89643,448215,Credit Card,Shipped
4555,118,104,2024-11-10,2,57591,115182,UPI,Shipped
4556,26,159,2024-12-25,3,61481,184443,Cash on Delivery,Shipped
4557,451,473,2026-04-21,5,77365,386825,Cash on Delivery,Delivered
4558,887,350,2025-05-21,5,17191,85955,Debit Card,Shipped
4559,218,454,2025-10-06,5,82499,412495,Credit Card,Cancelled
4560,766,415,2025-08-23,2,63777,127554,UPI,Shipped
4561,968,182,2025-12-16,5,27652,138260,Credit Card,Shipped
4562,408,254,2025-08-15,5,9355,46775,Cash on Delivery,Returned
4563,652,224,2025-06-09,2,73155,146310,Debit Card,Delivered
4564,797,385,2026-01-09,4,6077,24308,Debit Card,Returned
4565,366,369,2025-08-12,5,47639,238195,Net Banking,Returned
4566,228,422,2025-06-14,4,1083,4332,Debit Card,Shipped
4567,457,203,2026-01-29,3,97620,292860,UPI,Delivered
4568,830,93,2026-05-10,3,44736,134208,Cash on Delivery,Cancelled
4569,558,256,2025-07-06,2,83302,166604,Cash on Delivery,Delivered
4570,257,431,2025-08-10,1,50824,50824,Net Banking,Shipped
4571,415,92,2024-12-03,2,24319,48638,Net Banking,Shipped
4572,656,48,2024-09-29,2,28438,56876,Net Banking,Shipped
4573,176,428,2025-10-09,4,18570,74280,Net Banking,Shipped
4574,182,357,2024-08-19,2,40052,80104,Debit Card,Delivered
4575,380,60,2026-04-06,2,35470,70940,Debit Card,Shipped
4576,94,232,2026-03-10,4,49872,199488,UPI,Shipped
4577,870,363,2025-01-14,2,85265,170530,Net Banking,Shipped
4578,179,104,2025-03-10,3,57591,172773,Debit Card,Delivered
4579,548,322,2024-08-21,1,30079,30079,Cash on Delivery,Cancelled
4580,857,104,2025-02-25,5,57591,287955,UPI,Returned
4581,846,242,2025-01-17,2,11493,22986,Net Banking,Cancelled
4582,254,402,2025-09-17,1,14521,14521,Cash on Delivery,Returned
4583,744,127,2025-03-08,2,71876,143752,UPI,Cancelled
4584,80,252,2024-12-04,3,87580,262740,UPI,Returned
4585,850,197,2026-03-25,3,46846,140538,UPI,Returned
4586,400,395,2025-07-17,4,14465,57860,Cash on Delivery,Shipped
4587,50,3,2025-10-09,4,77736,310944,Debit Card,Shipped
4588,19,302,2026-02-23,5,79466,397330,UPI,Delivered
4589,879,446,2026-03-19,5,60097,300485,Cash on Delivery,Cancelled
4590,356,305,2026-03-13,2,81305,162610,Net Banking,Returned
4591,119,415,2025-08-15,4,63777,255108,UPI,Delivered
4592,593,1,2025-09-26,3,55802,167406,Debit Card,Cancelled
4593,502,87,2025-08-27,5,1272,6360,Debit Card,Returned
4594,509,323,2024-10-22,3,13678,41034,Debit Card,Delivered
4595,97,318,2025-10-14,1,75666,75666,UPI,Returned
4596,399,114,2024-10-23,2,97310,194620,Cash on Delivery,Returned
4597,687,180,2025-02-20,2,12515,25030,Cash on Delivery,Returned
4598,861,109,2026-03-21,3,85159,255477,UPI,Returned
4599,752,303,2025-09-21,5,94031,470155,Cash on Delivery,Returned
4600,685,29,2026-04-27,5,9805,49025,Cash on Delivery,Returned
4601,825,289,2025-05-07,1,90757,90757,Cash on Delivery,Delivered
4602,114,48,2025-09-21,5,28438,142190,UPI,Delivered
4603,585,324,2026-04-26,1,63080,63080,Credit Card,Cancelled
4604,526,242,2026-03-06,5,11493,57465,Cash on Delivery,Returned
4605,383,282,2024-08-28,4,21729,86916,UPI,Cancelled
4606,390,5,2026-03-09,4,50297,201188,Net Banking,Delivered
4607,275,431,2026-02-05,4,50824,203296,Net Banking,Delivered
4608,443,409,2025-07-04,2,18742,37484,Cash on Delivery,Shipped
4609,64,87,2025-09-24,1,1272,1272,Debit Card,Delivered
4610,658,133,2025-01-12,3,77220,231660,Net Banking,Delivered
4611,697,297,2025-06-22,4,7124,28496,Debit Card,Cancelled
4612,985,197,2024-10-14,3,46846,140538,Debit Card,Shipped
4613,611,56,2026-02-18,3,76850,230550,Net Banking,Delivered
4614,295,495,2026-05-02,3,78080,234240,Net Banking,Cancelled
4615,358,308,2025-12-16,2,86429,172858,Credit Card,Cancelled
4616,816,201,2026-03-02,4,24147,96588,Debit Card,Shipped
4617,844,109,2025-02-04,4,85159,340636,UPI,Cancelled
4618,789,45,2025-03-15,3,86663,259989,Cash on Delivery,Shipped
4619,121,378,2026-06-06,3,2561,7683,Debit Card,Delivered
4620,411,439,2024-08-21,1,81260,81260,Net Banking,Cancelled
4621,183,470,2025-07-11,5,66902,334510,Net Banking,Shipped
4622,512,85,2025-02-16,4,8918,35672,Credit Card,Cancelled
4623,529,249,2025-04-23,4,31647,126588,Debit Card,Cancelled
4624,479,19,2026-05-27,4,89853,359412,Debit Card,Shipped
4625,495,145,2026-04-22,2,77431,154862,Debit Card,Delivered
4626,38,366,2024-10-02,1,40239,40239,Credit Card,Cancelled
4627,433,44,2025-07-03,5,16213,81065,Cash on Delivery,Cancelled
4628,585,439,2026-05-30,5,81260,406300,Cash on Delivery,Shipped
4629,137,475,2024-10-26,4,15702,62808,Cash on Delivery,Delivered
4630,101,18,2026-03-21,2,50519,101038,UPI,Delivered
4631,318,485,2026-04-18,5,75412,377060,Net Banking,Cancelled
4632,508,353,2025-01-27,2,81099,162198,Debit Card,Cancelled
4633,856,1,2025-01-06,4,55802,223208,Credit Card,Returned
4634,909,24,2026-04-17,1,74864,74864,Debit Card,Delivered
4635,120,86,2026-02-19,3,27610,82830,Credit Card,Returned
4636,571,270,2025-10-26,1,41707,41707,Credit Card,Shipped
4637,160,298,2026-01-13,3,1571,4713,UPI,Returned
4638,247,487,2025-04-25,2,41223,82446,Credit Card,Shipped
4639,203,253,2026-05-26,2,62121,124242,Net Banking,Shipped
4640,592,426,2026-01-30,2,77854,155708,UPI,Cancelled
4641,216,84,2025-11-13,2,71298,142596,UPI,Returned
4642,587,103,2025-11-30,4,23586,94344,Net Banking,Shipped
4643,136,378,2025-06-24,4,2561,10244,Credit Card,Returned
4644,840,156,2024-12-02,5,56950,284750,Net Banking,Cancelled
4645,717,170,2025-11-17,3,48442,145326,Debit Card,Returned
4646,118,196,2024-11-12,3,17554,52662,Debit Card,Shipped
4647,975,479,2026-03-28,3,56772,170316,Cash on Delivery,Cancelled
4648,399,321,2025-01-03,1,14816,14816,Credit Card,Cancelled
4649,765,346,2026-04-19,2,92300,184600,Cash on Delivery,Shipped
4650,815,141,2025-01-03,1,15896,15896,Cash on Delivery,Returned
4651,579,26,2026-04-13,5,80007,400035,Debit Card,Delivered
4652,299,390,2024-09-11,5,57790,288950,Credit Card,Cancelled
4653,218,485,2025-10-12,5,75412,377060,Credit Card,Returned
4654,480,169,2025-04-25,3,61885,185655,Cash on Delivery,Delivered
4655,42,62,2025-09-13,4,29719,118876,Cash on Delivery,Returned
4656,460,27,2025-03-02,4,88539,354156,Cash on Delivery,Returned
4657,156,315,2025-11-02,1,63962,63962,Credit Card,Delivered
4658,575,107,2025-09-18,5,34362,171810,Net Banking,Delivered
4659,256,284,2024-12-04,3,81034,243102,Net Banking,Shipped
4660,328,201,2025-04-04,1,24147,24147,Debit Card,Delivered
4661,490,113,2026-01-24,3,97870,293610,Cash on Delivery,Cancelled
4662,321,15,2025-03-11,1,32825,32825,Cash on Delivery,Returned
4663,405,333,2025-03-08,4,42915,171660,Credit Card,Returned
4664,273,227,2025-10-14,2,58095,116190,Net Banking,Cancelled
4665,993,64,2025-02-19,5,34737,173685,Debit Card,Cancelled
4666,112,92,2026-05-24,2,24319,48638,Cash on Delivery,Returned
4667,55,497,2025-08-30,2,36145,72290,Cash on Delivery,Cancelled
4668,259,17,2026-06-26,1,14871,14871,Cash on Delivery,Delivered
4669,64,21,2026-01-05,3,14447,43341,Cash on Delivery,Delivered
4670,142,316,2026-04-21,1,38380,38380,Cash on Delivery,Delivered
4671,500,170,2024-10-08,5,48442,242210,Net Banking,Shipped
4672,995,182,2024-11-09,2,27652,55304,Credit Card,Shipped
4673,135,131,2026-03-01,2,12470,24940,UPI,Returned
4674,90,204,2026-03-29,1,59960,59960,Debit Card,Delivered
4675,947,96,2025-06-11,1,20473,20473,Net Banking,Returned
4676,830,227,2026-07-10,4,58095,232380,Net Banking,Returned
4677,395,499,2024-09-11,2,47461,94922,Debit Card,Shipped
4678,986,280,2025-02-27,1,89643,89643,Debit Card,Cancelled
4679,606,395,2026-05-31,2,14465,28930,Net Banking,Cancelled
4680,449,316,2025-12-18,4,38380,153520,UPI,Shipped
4681,959,78,2024-11-02,3,29183,87549,Net Banking,Shipped
4682,735,64,2026-01-22,2,34737,69474,Debit Card,Delivered
4683,720,143,2026-05-30,3,79061,237183,Net Banking,Delivered
4684,537,371,2024-11-07,5,34680,173400,Debit Card,Delivered
4685,630,489,2025-02-05,5,78054,390270,UPI,Delivered
4686,157,347,2024-11-17,3,54091,162273,UPI,Shipped
4687,823,385,2026-01-30,1,6077,6077,Cash on Delivery,Delivered
4688,260,289,2025-04-03,1,90757,90757,Debit Card,Returned
4689,575,495,2026-05-01,3,78080,234240,UPI,Cancelled
4690,679,311,2025-02-04,1,41616,41616,Credit Card,Shipped
4691,29,464,2026-03-10,5,79274,396370,Net Banking,Shipped
4692,815,42,2026-05-13,5,7072,35360,Credit Card,Cancelled
4693,565,103,2026-01-03,1,23586,23586,Credit Card,Cancelled
4694,403,442,2025-05-28,5,8270,41350,Credit Card,Returned
4695,741,98,2025-08-11,2,14668,29336,Cash on Delivery,Shipped
4696,264,262,2024-11-14,4,10845,43380,UPI,Delivered
4697,806,497,2025-10-18,5,36145,180725,UPI,Cancelled
4698,113,77,2025-11-30,3,65299,195897,UPI,Cancelled
4699,851,469,2025-02-20,2,77486,154972,Cash on Delivery,Shipped
4700,883,131,2025-11-26,1,12470,12470,Net Banking,Shipped
4701,352,102,2025-06-13,5,64751,323755,Credit Card,Cancelled
4702,803,468,2025-05-14,4,55663,222652,Cash on Delivery,Returned
4703,339,476,2025-07-13,4,2160,8640,UPI,Delivered
4704,799,458,2024-09-23,3,96282,288846,Credit Card,Cancelled
4705,827,100,2025-12-01,2,90187,180374,Credit Card,Returned
4706,134,394,2026-04-05,2,50307,100614,Net Banking,Delivered
4707,948,264,2026-06-10,3,90908,272724,UPI,Returned
4708,307,359,2026-03-16,5,65462,327310,UPI,Delivered
4709,583,498,2024-10-07,3,14348,43044,Cash on Delivery,Returned
4710,508,413,2025-06-04,5,56920,284600,Credit Card,Cancelled
4711,596,380,2025-08-31,3,13124,39372,Credit Card,Returned
4712,288,262,2026-03-01,2,10845,21690,Debit Card,Returned
4713,807,296,2025-02-28,4,52043,208172,Net Banking,Returned
4714,668,408,2026-01-17,1,57969,57969,Net Banking,Delivered
4715,905,435,2026-07-24,4,15469,61876,UPI,Cancelled
4716,983,168,2026-06-08,5,34181,170905,Net Banking,Returned
4717,734,8,2025-05-09,3,10958,32874,Net Banking,Cancelled
4718,528,120,2025-07-15,1,74272,74272,Cash on Delivery,Delivered
4719,103,189,2025-08-10,2,93875,187750,UPI,Cancelled
4720,228,17,2025-04-07,5,14871,74355,Cash on Delivery,Shipped
4721,532,380,2025-10-22,3,13124,39372,UPI,Delivered
4722,166,475,2024-07-28,1,15702,15702,Debit Card,Returned
4723,131,114,2026-06-01,2,97310,194620,Debit Card,Delivered
4724,947,487,2026-03-20,4,41223,164892,Cash on Delivery,Shipped
4725,537,385,2026-05-16,5,6077,30385,Debit Card,Delivered
4726,228,336,2026-02-16,2,53638,107276,UPI,Returned
4727,930,151,2024-10-07,2,10307,20614,Credit Card,Cancelled
4728,816,376,2026-02-14,1,1336,1336,Credit Card,Returned
4729,572,340,2025-07-18,2,92744,185488,Cash on Delivery,Delivered
4730,785,389,2025-12-02,1,90849,90849,Net Banking,Shipped
4731,840,106,2025-12-24,1,4261,4261,Debit Card,Delivered
4732,787,227,2026-01-19,2,58095,116190,Debit Card,Shipped
4733,268,234,2025-05-01,4,25666,102664,Credit Card,Cancelled
4734,417,209,2026-05-18,4,7680,30720,UPI,Shipped
4735,799,72,2024-09-14,2,80016,160032,Cash on Delivery,Shipped
4736,556,72,2026-04-06,5,80016,400080,Debit Card,Returned
4737,691,433,2025-09-15,5,4544,22720,Debit Card,Shipped
4738,501,140,2025-05-31,3,72699,218097,Net Banking,Delivered
4739,33,255,2025-01-12,4,6311,25244,Net Banking,Returned
4740,436,57,2025-06-25,3,5729,17187,Credit Card,Returned
4741,307,64,2026-04-28,3,34737,104211,Cash on Delivery,Delivered
4742,763,287,2025-01-07,4,55102,220408,UPI,Returned
4743,679,210,2025-08-15,2,43507,87014,Credit Card,Delivered
4744,163,25,2025-02-20,1,16983,16983,UPI,Shipped
4745,50,205,2025-04-03,4,20892,83568,UPI,Shipped
4746,461,126,2026-05-01,5,35175,175875,Debit Card,Shipped
4747,43,305,2025-03-04,3,81305,243915,Net Banking,Cancelled
4748,526,100,2025-04-15,5,90187,450935,Debit Card,Cancelled
4749,685,495,2025-09-25,5,78080,390400,Debit Card,Delivered
4750,544,354,2025-10-18,1,13724,13724,Net Banking,Shipped
4751,458,273,2024-11-05,1,18290,18290,Cash on Delivery,Returned
4752,518,360,2025-10-09,2,54011,108022,Credit Card,Delivered
4753,38,403,2026-05-20,4,58200,232800,Net Banking,Delivered
4754,497,156,2025-08-07,1,56950,56950,Credit Card,Delivered
4755,943,356,2026-03-31,4,38414,153656,Credit Card,Delivered
4756,266,194,2025-04-19,1,41466,41466,Credit Card,Returned
4757,844,322,2026-06-21,5,30079,150395,Debit Card,Returned
4758,377,279,2026-01-08,2,75853,151706,Net Banking,Delivered
4759,599,219,2026-03-11,5,23718,118590,Credit Card,Shipped
4760,189,368,2024-09-02,3,42654,127962,UPI,Delivered
4761,216,422,2024-08-31,2,1083,2166,Debit Card,Cancelled
4762,188,198,2024-10-12,2,79196,158392,Debit Card,Returned
4763,348,16,2025-11-25,2,29246,58492,UPI,Returned
4764,186,147,2026-03-27,4,25227,100908,Credit Card,Cancelled
4765,584,214,2026-05-07,5,53588,267940,UPI,Shipped
4766,802,445,2025-07-18,2,83550,167100,Credit Card,Cancelled
4767,198,422,2024-08-08,4,1083,4332,UPI,Returned
4768,462,325,2024-10-31,1,12225,12225,Credit Card,Cancelled
4769,982,79,2026-07-18,5,33162,165810,Credit Card,Shipped
4770,699,317,2026-05-24,5,46218,231090,Debit Card,Delivered
4771,397,422,2024-11-26,1,1083,1083,UPI,Returned
4772,921,438,2025-07-04,5,28009,140045,Cash on Delivery,Delivered
4773,185,241,2025-07-16,5,7339,36695,Credit Card,Cancelled
4774,906,168,2024-07-27,3,34181,102543,UPI,Shipped
4775,170,473,2025-06-24,1,77365,77365,Credit Card,Delivered
4776,616,342,2024-12-31,4,58412,233648,UPI,Delivered
4777,60,90,2026-01-12,4,61761,247044,Cash on Delivery,Delivered
4778,21,157,2026-07-03,2,10850,21700,UPI,Delivered
4779,306,288,2024-11-06,1,32596,32596,Net Banking,Returned
4780,93,76,2026-06-12,3,80620,241860,Cash on Delivery,Returned
4781,234,6,2025-12-13,4,70784,283136,Credit Card,Returned
4782,582,36,2025-03-18,5,10380,51900,Debit Card,Cancelled
4783,565,80,2024-11-27,4,73759,295036,Net Banking,Shipped
4784,127,51,2026-06-06,4,97810,391240,Cash on Delivery,Cancelled
4785,204,479,2026-07-21,2,56772,113544,Credit Card,Cancelled
4786,514,395,2026-06-07,2,14465,28930,Net Banking,Cancelled
4787,864,442,2025-02-24,2,8270,16540,Debit Card,Delivered
4788,95,136,2024-10-07,4,41724,166896,Debit Card,Shipped
4789,7,309,2025-12-17,1,63473,63473,Net Banking,Returned
4790,43,378,2025-05-02,5,2561,12805,Credit Card,Returned
4791,41,491,2025-02-06,2,691,1382,Debit Card,Shipped
4792,390,119,2024-09-29,4,64954,259816,Net Banking,Returned
4793,383,53,2025-05-11,4,12597,50388,Net Banking,Returned
4794,535,337,2025-12-25,4,48674,194696,Net Banking,Cancelled
4795,713,108,2026-06-29,3,25542,76626,Debit Card,Returned
4796,930,49,2025-12-13,2,37853,75706,Cash on Delivery,Shipped
4797,511,301,2024-12-02,2,13172,26344,Credit Card,Shipped
4798,479,403,2024-09-05,5,58200,291000,Credit Card,Cancelled
4799,200,19,2025-05-30,4,89853,359412,Cash on Delivery,Returned
4800,711,234,2025-11-24,3,25666,76998,Debit Card,Shipped
4801,38,205,2025-03-21,4,20892,83568,Credit Card,Returned
4802,226,206,2026-02-10,1,87261,87261,Cash on Delivery,Returned
4803,910,324,2026-01-21,3,63080,189240,Cash on Delivery,Returned
4804,505,365,2026-03-05,1,77515,77515,Credit Card,Shipped
4805,939,104,2025-01-24,3,57591,172773,Cash on Delivery,Shipped
4806,522,44,2025-06-25,4,16213,64852,Cash on Delivery,Returned
4807,216,360,2025-12-18,2,54011,108022,Net Banking,Delivered
4808,357,464,2024-10-05,2,79274,158548,Net Banking,Shipped
4809,971,481,2026-01-24,3,33938,101814,Cash on Delivery,Shipped
4810,33,444,2024-10-08,4,76184,304736,Cash on Delivery,Shipped
4811,225,178,2024-07-27,2,58615,117230,Net Banking,Cancelled
4812,975,488,2025-01-08,4,38719,154876,Credit Card,Shipped
4813,212,43,2025-08-01,4,11000,44000,Debit Card,Delivered
4814,804,286,2024-09-25,1,11146,11146,UPI,Delivered
4815,86,79,2024-11-07,1,33162,33162,UPI,Delivered
4816,778,167,2025-10-31,3,98473,295419,UPI,Cancelled
4817,617,294,2025-01-18,3,43417,130251,Credit Card,Shipped
4818,576,485,2025-09-03,2,75412,150824,Debit Card,Delivered
4819,924,258,2026-01-06,3,52696,158088,Cash on Delivery,Cancelled
4820,35,189,2025-07-07,5,93875,469375,Net Banking,Returned
4821,671,276,2024-08-03,3,29891,89673,Credit Card,Cancelled
4822,727,196,2024-08-02,3,17554,52662,UPI,Shipped
4823,208,457,2026-01-18,2,55853,111706,Credit Card,Returned
4824,942,83,2025-04-19,1,58154,58154,Cash on Delivery,Returned
4825,151,217,2026-04-22,2,83498,166996,Cash on Delivery,Returned
4826,995,363,2024-10-28,3,85265,255795,Credit Card,Delivered
4827,68,447,2026-05-26,2,83709,167418,Net Banking,Delivered
4828,123,230,2025-06-20,1,20209,20209,Credit Card,Returned
4829,458,388,2026-01-17,4,21792,87168,Net Banking,Returned
4830,9,15,2024-11-06,2,32825,65650,UPI,Cancelled
4831,256,288,2025-08-02,4,32596,130384,Cash on Delivery,Shipped
4832,357,315,2024-09-20,4,63962,255848,UPI,Returned
4833,202,157,2025-01-20,5,10850,54250,Debit Card,Cancelled
4834,965,81,2025-05-20,1,58946,58946,Debit Card,Delivered
4835,888,466,2024-10-04,2,31870,63740,Credit Card,Cancelled
4836,476,169,2026-02-14,4,61885,247540,Credit Card,Delivered
4837,377,217,2026-04-14,2,83498,166996,Debit Card,Cancelled
4838,595,333,2024-10-14,1,42915,42915,Debit Card,Returned
4839,31,362,2024-10-15,1,73544,73544,Cash on Delivery,Returned
4840,503,85,2025-03-27,2,8918,17836,Debit Card,Cancelled
4841,644,381,2025-05-08,2,52522,105044,Cash on Delivery,Cancelled
4842,724,277,2026-06-11,5,3945,19725,UPI,Returned
4843,5,328,2025-03-16,3,60052,180156,Credit Card,Delivered
4844,224,142,2024-11-10,2,63742,127484,Debit Card,Cancelled
4845,680,431,2025-05-20,4,50824,203296,Net Banking,Cancelled
4846,974,242,2026-03-19,1,11493,11493,Debit Card,Returned
4847,420,57,2026-04-19,1,5729,5729,Debit Card,Delivered
4848,295,208,2026-03-03,2,64283,128566,Cash on Delivery,Delivered
4849,806,366,2026-06-06,5,40239,201195,UPI,Cancelled
4850,593,446,2024-11-07,4,60097,240388,Credit Card,Returned
4851,838,437,2025-12-07,4,59447,237788,Net Banking,Delivered
4852,756,480,2026-01-03,3,67449,202347,Net Banking,Cancelled
4853,483,142,2024-11-14,3,63742,191226,Cash on Delivery,Returned
4854,293,462,2024-09-18,4,13668,54672,Debit Card,Shipped
4855,311,481,2025-09-12,3,33938,101814,Debit Card,Shipped
4856,881,456,2025-10-07,4,30147,120588,Debit Card,Cancelled
4857,404,441,2024-08-02,1,35541,35541,Net Banking,Delivered
4858,823,58,2025-11-13,3,73885,221655,Cash on Delivery,Delivered
4859,93,81,2025-12-13,1,58946,58946,Credit Card,Delivered
4860,922,12,2024-12-01,2,30521,61042,UPI,Shipped
4861,209,316,2025-07-03,3,38380,115140,UPI,Shipped
4862,686,88,2025-04-25,5,98478,492390,Credit Card,Delivered
4863,244,62,2026-02-08,1,29719,29719,UPI,Delivered
4864,129,64,2025-01-08,3,34737,104211,Cash on Delivery,Delivered
4865,911,318,2025-11-26,2,75666,151332,Cash on Delivery,Returned
4866,842,465,2026-02-28,3,68362,205086,UPI,Delivered
4867,745,455,2024-11-21,1,92735,92735,Credit Card,Shipped
4868,898,451,2026-07-11,1,60336,60336,Credit Card,Delivered
4869,30,93,2025-06-11,1,44736,44736,UPI,Returned
4870,662,338,2025-11-17,2,98507,197014,Credit Card,Delivered
4871,977,394,2026-01-11,1,50307,50307,Net Banking,Cancelled
4872,654,19,2025-07-05,5,89853,449265,Credit Card,Returned
4873,262,119,2026-05-25,2,64954,129908,Net Banking,Shipped
4874,485,206,2025-01-11,4,87261,349044,Debit Card,Delivered
4875,562,217,2024-10-02,4,83498,333992,Credit Card,Delivered
4876,241,60,2026-06-23,1,35470,35470,Credit Card,Shipped
4877,347,257,2024-10-13,3,26922,80766,Credit Card,Shipped
4878,883,142,2024-11-12,1,63742,63742,UPI,Shipped
4879,83,338,2026-03-03,2,98507,197014,Debit Card,Shipped
4880,29,349,2024-10-30,2,17931,35862,Net Banking,Cancelled
4881,994,240,2025-10-27,5,50552,252760,Net Banking,Cancelled
4882,384,26,2026-02-14,2,80007,160014,Net Banking,Cancelled
4883,622,282,2025-05-21,3,21729,65187,Credit Card,Delivered
4884,153,471,2025-04-26,3,11303,33909,Debit Card,Shipped
4885,889,158,2025-06-25,1,19258,19258,UPI,Delivered
4886,927,80,2025-03-28,4,73759,295036,Debit Card,Delivered
4887,225,165,2026-04-02,5,82845,414225,Net Banking,Delivered
4888,942,445,2024-11-12,4,83550,334200,UPI,Delivered
4889,134,381,2025-02-04,3,52522,157566,Cash on Delivery,Cancelled
4890,341,7,2025-02-27,5,47900,239500,UPI,Cancelled
4891,346,463,2025-12-09,3,41722,125166,Net Banking,Cancelled
4892,700,312,2024-09-30,4,80647,322588,Debit Card,Returned
4893,830,379,2025-02-04,3,95159,285477,Net Banking,Cancelled
4894,949,401,2025-09-29,5,33490,167450,Credit Card,Shipped
4895,553,56,2025-11-05,5,76850,384250,Credit Card,Delivered
4896,706,357,2025-11-05,3,40052,120156,Net Banking,Returned
4897,99,418,2026-02-07,4,6356,25424,Debit Card,Returned
4898,859,169,2025-11-10,4,61885,247540,Net Banking,Returned
4899,332,497,2025-03-05,2,36145,72290,Credit Card,Returned
4900,298,7,2026-03-24,4,47900,191600,UPI,Shipped
4901,685,4,2026-01-14,3,36921,110763,Net Banking,Shipped
4902,427,406,2024-08-16,4,49790,199160,Debit Card,Delivered
4903,837,57,2026-05-16,4,5729,22916,Credit Card,Shipped
4904,466,262,2026-05-15,5,10845,54225,Credit Card,Shipped
4905,861,486,2025-12-20,1,68103,68103,UPI,Returned
4906,447,83,2026-06-07,4,58154,232616,Credit Card,Cancelled
4907,251,461,2025-03-18,3,82823,248469,Credit Card,Delivered
4908,455,190,2025-01-02,4,17040,68160,Net Banking,Shipped
4909,742,325,2025-09-02,3,12225,36675,Cash on Delivery,Cancelled
4910,697,499,2025-11-10,2,47461,94922,Credit Card,Returned
4911,442,216,2025-08-26,5,41168,205840,Net Banking,Returned
4912,41,28,2024-12-20,4,29951,119804,Credit Card,Returned
4913,211,301,2026-02-27,1,13172,13172,Debit Card,Delivered
4914,241,274,2025-05-27,1,88035,88035,Debit Card,Returned
4915,186,240,2025-03-13,5,50552,252760,Debit Card,Shipped
4916,933,105,2025-12-10,2,37059,74118,Cash on Delivery,Returned
4917,952,327,2024-09-07,2,5410,10820,Net Banking,Returned
4918,189,394,2026-03-27,1,50307,50307,Debit Card,Shipped
4919,370,48,2026-06-24,3,28438,85314,Debit Card,Returned
4920,485,404,2026-04-04,5,79564,397820,UPI,Shipped
4921,852,187,2025-01-28,5,66539,332695,Debit Card,Cancelled
4922,995,21,2025-08-15,3,14447,43341,Credit Card,Cancelled
4923,999,24,2025-05-22,5,74864,374320,Net Banking,Delivered
4924,318,224,2024-10-22,1,73155,73155,Net Banking,Cancelled
4925,794,42,2025-01-30,4,7072,28288,Credit Card,Shipped
4926,413,295,2025-08-19,3,67966,203898,Credit Card,Cancelled
4927,127,277,2025-12-04,4,3945,15780,Debit Card,Cancelled
4928,981,94,2025-10-31,5,62144,310720,Debit Card,Shipped
4929,730,312,2024-09-20,2,80647,161294,Debit Card,Shipped
4930,221,442,2025-09-10,5,8270,41350,Cash on Delivery,Shipped
4931,901,86,2026-06-17,2,27610,55220,Net Banking,Returned
4932,11,459,2024-08-05,1,50664,50664,Debit Card,Delivered
4933,446,59,2025-05-03,4,23706,94824,Credit Card,Cancelled
4934,402,485,2026-07-22,1,75412,75412,Cash on Delivery,Returned
4935,928,388,2025-03-29,4,21792,87168,Cash on Delivery,Cancelled
4936,205,250,2024-11-06,1,15030,15030,Net Banking,Returned
4937,667,477,2025-05-23,2,69051,138102,Debit Card,Shipped
4938,695,422,2026-05-26,3,1083,3249,UPI,Returned
4939,367,125,2026-05-09,2,4778,9556,Credit Card,Delivered
4940,309,427,2025-10-11,3,15828,47484,Debit Card,Returned
4941,415,261,2025-06-18,5,24986,124930,Credit Card,Cancelled
4942,536,425,2025-05-06,3,15472,46416,Net Banking,Cancelled
4943,780,495,2025-09-24,5,78080,390400,Cash on Delivery,Shipped
4944,675,93,2026-01-08,2,44736,89472,Cash on Delivery,Delivered
4945,516,65,2024-12-08,3,57459,172377,UPI,Shipped
4946,104,96,2026-03-11,5,20473,102365,Cash on Delivery,Cancelled
4947,464,82,2025-07-27,2,84079,168158,Net Banking,Returned
4948,938,311,2026-03-17,1,41616,41616,Debit Card,Cancelled
4949,127,421,2024-09-21,2,52349,104698,Credit Card,Cancelled
4950,415,180,2024-08-08,1,12515,12515,UPI,Returned
4951,852,343,2025-10-26,1,58890,58890,Debit Card,Returned
4952,448,157,2024-09-17,2,10850,21700,Net Banking,Returned
4953,460,34,2024-08-06,5,95948,479740,Credit Card,Returned
4954,937,148,2025-02-15,3,6220,18660,UPI,Cancelled
4955,131,159,2025-01-10,4,61481,245924,Debit Card,Shipped
4956,131,340,2024-08-26,5,92744,463720,Net Banking,Cancelled
4957,706,228,2026-07-13,2,51279,102558,Cash on Delivery,Shipped
4958,99,406,2024-09-11,3,49790,149370,UPI,Delivered
4959,416,44,2026-04-01,1,16213,16213,Debit Card,Returned
4960,736,226,2025-06-01,3,94126,282378,Credit Card,Cancelled
4961,598,43,2025-08-24,4,11000,44000,Cash on Delivery,Delivered
4962,429,126,2025-03-06,4,35175,140700,Debit Card,Returned
4963,73,255,2025-11-27,2,6311,12622,Debit Card,Delivered
4964,264,30,2026-01-31,3,9787,29361,Debit Card,Delivered
4965,36,108,2025-08-20,5,25542,127710,UPI,Shipped
4966,534,401,2026-03-14,4,33490,133960,UPI,Delivered
4967,47,314,2025-06-14,2,60749,121498,Credit Card,Delivered
4968,723,427,2025-06-21,5,15828,79140,Credit Card,Shipped
4969,105,250,2026-01-23,1,15030,15030,Debit Card,Cancelled
4970,846,72,2025-06-04,3,80016,240048,UPI,Returned
4971,948,3,2024-09-29,3,77736,233208,UPI,Returned
4972,547,206,2025-12-06,4,87261,349044,Cash on Delivery,Delivered
4973,291,382,2025-09-16,5,39818,199090,Net Banking,Returned
4974,992,264,2025-09-17,2,90908,181816,Cash on Delivery,Delivered
4975,664,47,2025-11-17,2,99048,198096,Net Banking,Shipped
4976,804,350,2024-11-22,1,17191,17191,Debit Card,Shipped
4977,709,451,2025-02-27,2,60336,120672,UPI,Delivered
4978,26,367,2024-09-29,1,32297,32297,Credit Card,Returned
4979,965,8,2025-03-24,1,10958,10958,UPI,Shipped
4980,226,183,2024-09-26,2,871,1742,Credit Card,Shipped
4981,408,145,2025-08-28,5,77431,387155,Debit Card,Cancelled
4982,349,274,2026-07-12,4,88035,352140,Net Banking,Delivered
4983,775,467,2024-12-31,5,2081,10405,Debit Card,Returned
4984,296,305,2026-04-15,1,81305,81305,Net Banking,Delivered
4985,760,410,2024-11-24,1,10194,10194,Credit Card,Delivered
4986,140,237,2025-09-16,2,6226,12452,Credit Card,Returned
4987,701,482,2025-04-06,1,836,836,Debit Card,Delivered
4988,142,462,2025-05-26,5,13668,68340,Debit Card,Shipped
4989,995,418,2025-10-25,4,6356,25424,Credit Card,Shipped
4990,386,127,2025-12-01,5,71876,359380,UPI,Cancelled
4991,787,316,2026-03-11,3,38380,115140,Cash on Delivery,Cancelled
4992,107,400,2026-05-06,5,22416,112080,Net Banking,Shipped
4993,521,276,2025-12-13,2,29891,59782,Cash on Delivery,Cancelled
4994,942,227,2026-01-06,3,58095,174285,Credit Card,Cancelled
4995,54,116,2025-12-08,3,6465,19395,Net Banking,Delivered
4996,351,442,2024-09-16,3,8270,24810,Net Banking,Delivered
4997,791,431,2025-03-24,4,50824,203296,Cash on Delivery,Returned
4998,674,236,2026-01-20,2,17676,35352,Credit Card,Delivered
4999,334,462,2025-07-01,1,13668,13668,Net Banking,Delivered
5000,516,364,2026-02-13,2,35687,71374,Credit Card,Cancelled
